Workbook

Sheet Topping
A1: Syrup Hazelnut (720ml) | G1: Oreo Crumbs (12000g) | M1: Lotus Crumbs (750gr) | S1: Strawberry Jam (2300gr) | Y1: Mango Jam (2300gr) | AE1: Chocolate Topping (5000ml) | AK1: Kacang Morin (1000) | AQ1: Rainbow Jelly | AW1: Coffe Jelly | BC1: Redvelvet Crumbs
A2: Tgl | B2: Masuk | C2: Keluar | D2: Sisa Stok | E2: Keterangan | G2: Tgl | H2: Masuk | I2: Keluar | J2: Sisa Stok | K2: Keterangan | M2: Tgl | N2: Masuk | O2: Keluar | P2: Sisa Stok | Q2: Keterangan | S2: Tgl | T2: Masuk | U2: Keluar | V2: Sisa Stok | W2: Keterangan | Y2: Tgl | Z2: Masuk | AA2: Keluar | AB2: Sisa Stok | AC2: Keterangan | AE2: Tgl | AF2: Masuk | AG2: Keluar | AH2: Sisa Stok | AI2: Keterangan | AK2: Tgl | AL2: Masuk | AM2: Keluar | AN2: Sisa Stok | AO2: Keterangan | AQ2: Tgl | AR2: Masuk | AS2: Keluar | AT2: Sisa Stok | AU2: Keterangan | AW2: Tgl | AX2: Masuk | AY2: Keluar | AZ2: Sisa Stok | BA2: Keterangan | BC2: Tgl | BD2: Masuk | BE2: Keluar | BF2: Sisa Stok | BG2: Keterangan
D3: =16*750 -> 12000 | J3: =17*12000 -> 204000 | P3: 0 | V3: =140*2300 -> 322000 | AB3: =165*2300 -> 379500 | AH3: 35000 | AN3: 0 | AT3: 0 | AZ3: 0
A4: 45660 | C4: 750 | D4: =D3+B4-C4 -> 11250 | E4: U/BANDARBUAT | G4: 45658 | I4: 12000 | J4: =J3+H4-I4 -> 192000 | K4: U/GP | P4: =P3+N4-O4 -> 0 | S4: 45658 | U4: 2300 | V4: =V3+T4-U4 -> 319700 | W4: U/TAPLAU | Y4: 45658 | AA4: 2300 | AB4: =AB3+Z4-AA4 -> 377200 | AC4: U/PASBAR | AE4: 45659 | AF4: =5*5000 -> 25000 | AH4: =AH3+AF4-AG4 -> 60000 | AI4: MASUK GUDANG | AK4: 45667 | AL4: 15000 | AN4: =AN3+AL4-AM4 -> 15000 | AO4: MASUK GUDANG | AT4: =AT3+AR4-AS4 -> 0 | AZ4: =AZ3+AX4-AY4 -> 0 | BF4: =BF3+BD4-BE4 -> 0
A5: 45662 | C5: 750 | D5: =D4+B5-C5 -> 10500 | E5: U/AIRDINGIN | G5: 45658 | I5: 12000 | J5: =J4+H5-I5 -> 180000 | K5: U/BELIBIS | P5: =P4+N5-O5 -> 0 | S5: 45658 | U5: 2300 | V5: =V4+T5-U5 -> 317400 | W5: U/PASBAR | Y5: 45658 | AA5: 2300 | AB5: =AB4+Z5-AA5 -> 374900 | AC5: U/SITEBA | AE5: 45658 | AG5: 5000 | AH5: =AH4+AF5-AG5 -> 55000 | AI5: U/GP | AK5: 45668 | AM5: 1000 | AN5: =AN4+AL5-AM5 -> 14000 | AO5: U/TAPLAU | AT5: =AT4+AR5-AS5 -> 0 | AZ5: =AZ4+AX5-AY5 -> 0 | BF5: =BF4+BD5-BE5 -> 0
A6: 45662 | C6: 750 | D6: =D5+B6-C6 -> 9750 | E6: U/LUBAY | G6: 45658 | I6: 12000 | J6: =J5+H6-I6 -> 168000 | K6: U/LUBAY | P6: =P5+N6-O6 -> 0 | S6: 45659 | U6: 2300 | V6: =V5+T6-U6 -> 315100 | W6: U/SITEBA | Y6: 45659 | AA6: 2300 | AB6: =AB5+Z6-AA6 -> 372600 | AC6: U/BELIMBING | AE6: 45658 | AG6: 5000 | AH6: =AH5+AF6-AG6 -> 50000 | AI6: U/LUBAY | AK6: 45668 | AM6: 1000 | AN6: =AN5+AL6-AM6 -> 13000 | AO6: U/JATI | AT6: =AT5+AR6-AS6 -> 0 | AZ6: =AZ5+AX6-AY6 -> 0 | BF6: =BF5+BD6-BE6 -> 0
A7: 45663 | C7: 750 | D7: =D6+B7-C7 -> 9000 | E7: U/LUBUKLINTAH | G7: 45658 | I7: 12000 | J7: =J6+H7-I7 -> 156000 | K7: U/ANDURING | P7: =P6+N7-O7 -> 0 | S7: 45659 | U7: 2300 | V7: =V6+T7-U7 -> 312800 | W7: U/LUBEG | Y7: 45659 | AA7: 2300 | AB7: =AB6+Z7-AA7 -> 370300 | AC7: U/BUNGUS | AE7: 45658 | AG7: 5000 | AH7: =AH6+AF7-AG7 -> 45000 | AI7: U/PASBAR | AK7: 45668 | AM7: 1000 | AN7: =AN6+AL7-AM7 -> 12000 | AO7: U/AIRPACAH | AT7: =AT6+AR7-AS7 -> 0 | AZ7: =AZ6+AX7-AY7 -> 0 | BF7: =BF6+BD7-BE7 -> 0
A8: 45663 | C8: 750 | D8: =D7+B8-C8 -> 8250 | E8: U/BELIMBING | G8: 45658 | I8: 12000 | J8: =J7+H8-I8 -> 144000 | K8: U/BALAIBARU | P8: =P7+N8-O8 -> 0 | S8: 45660 | U8: 2300 | V8: =V7+T8-U8 -> 310500 | W8: U/TABING | Y8: 45659 | AA8: 2300 | AB8: =AB7+Z8-AA8 -> 368000 | AC8: U/LUBEG | AE8: 45659 | AG8: 5000 | AH8: =AH7+AF8-AG8 -> 40000 | AI8: U/SITEBA | AK8: 45668 | AM8: 1000 | AN8: =AN7+AL8-AM8 -> 11000 | AO8: U/LUBUKLINTAH | AT8: =AT7+AR8-AS8 -> 0 | AZ8: =AZ7+AX8-AY8 -> 0 | BF8: =BF7+BD8-BE8 -> 0
A9: 45664 | C9: 750 | D9: =D8+B9-C9 -> 7500 | E9: U/PASBAR | G9: 45659 | I9: 12000 | J9: =J8+H9-I9 -> 132000 | K9: U/SEBPDG | P9: =P8+N9-O9 -> 0 | S9: 45660 | U9: 2300 | V9: =V8+T9-U9 -> 308200 | W9: U/SEBPDG | Y9: 45660 | AA9: 2300 | AB9: =AB8+Z9-AA9 -> 365700 | AC9: U/LUBAY | AE9: 45659 | AG9: 5000 | AH9: =AH8+AF9-AG9 -> 35000 | AI9: U/SEBPDG | AK9: 45668 | AM9: 1000 | AN9: =AN8+AL9-AM9 -> 10000 | AO9: U/LUBEG | AT9: =AT8+AR9-AS9 -> 0 | AZ9: =AZ8+AX9-AY9 -> 0 | BF9: =BF8+BD9-BE9 -> 0
A10: 45665 | C10: 750 | D10: =D9+B10-C10 -> 6750 | E10: U/RAWANG | G10: 45660 | I10: 12000 | J10: =J9+H10-I10 -> 120000 | K10: U/LUBUKLINTAH | P10: =P9+N10-O10 -> 0 | S10: 45662 | U10: 2300 | V10: =V9+T10-U10 -> 305900 | W10: U/BUNGUS | Y10: 45660 | AA10: 2300 | AB10: =AB9+Z10-AA10 -> 363400 | AC10: U/ANDURING | AE10: 45659 | AG10: 10000 | AH10: =AH9+AF10-AG10 -> 25000 | AI10: U/BUNGUS | AK10: 45668 | AM10: 1000 | AN10: =AN9+AL10-AM10 -> 9000 | AO10: U/RAWANG | AT10: =AT9+AR10-AS10 -> 0 | AZ10: =AZ9+AX10-AY10 -> 0 | BF10: =BF9+BD10-BE10 -> 0
A11: 45666 | C11: 750 | D11: =D10+B11-C11 -> 6000 | E11: U/JATI | G11: 45660 | I11: 12000 | J11: =J10+H11-I11 -> 108000 | K11: U/BANDARBUAT | P11: =P10+N11-O11 -> 0 | S11: 45663 | U11: 2300 | V11: =V10+T11-U11 -> 303600 | W11: U/BANDARBUAT | Y11: 45660 | AA11: 2300 | AB11: =AB10+Z11-AA11 -> 361100 | AC11: U/SEBPDG | AE11: 45660 | AF11: =5*5000 -> 25000 | AH11: =AH10+AF11-AG11 -> 50000 | AI11: MASUK GUDANG | AK11: 45668 | AM11: 1000 | AN11: =AN10+AL11-AM11 -> 8000 | AO11: U/AIRDINGIN | AT11: =AT10+AR11-AS11 -> 0 | AZ11: =AZ10+AX11-AY11 -> 0 | BF11: =BF10+BD11-BE11 -> 0
A12: 45666 | C12: 750 | D12: =D11+B12-C12 -> 5250 | E12: U/AIRPACAH | G12: 45660 | I12: 12000 | J12: =J11+H12-I12 -> 96000 | K12: U/AIRDINGIN | P12: =P11+N12-O12 -> 0 | S12: 45665 | U12: 2300 | V12: =V11+T12-U12 -> 301300 | W12: U/BELIBIS | Y12: 45661 | AA12: 2300 | AB12: =AB11+Z12-AA12 -> 358800 | AC12: U/GP | AE12: 45660 | AG12: 5000 | AH12: =AH11+AF12-AG12 -> 45000 | AI12: U/ANDURING | AK12: 45668 | AM12: 1000 | AN12: =AN11+AL12-AM12 -> 7000 | AO12: U/SITEBA | AT12: =AT11+AR12-AS12 -> 0 | AZ12: =AZ11+AX12-AY12 -> 0 | BF12: =BF11+BD12-BE12 -> 0
A13: 45669 | C13: 750 | D13: =D12+B13-C13 -> 4500 | E13: U/BALAIBARU | G13: 45662 | I13: 12000 | J13: =J12+H13-I13 -> 84000 | K13: U/RAWANG | P13: =P12+N13-O13 -> 0 | S13: 45665 | U13: 2300 | V13: =V12+T13-U13 -> 299000 | W13: U/ANDURING | Y13: 45661 | AA13: 2300 | AB13: =AB12+Z13-AA13 -> 356500 | AC13: U/BANDARBUAT | AE13: 45660 | AG13: 5000 | AH13: =AH12+AF13-AG13 -> 40000 | AI13: U/RAWANG | AK13: 45669 | AM13: 1000 | AN13: =AN12+AL13-AM13 -> 6000 | AO13: U/BELIMBING | AT13: =AT12+AR13-AS13 -> 0 | AZ13: =AZ12+AX13-AY13 -> 0 | BF13: =BF12+BD13-BE13 -> 0
A14: 45672 | C14: 750 | D14: =D13+B14-C14 -> 3750 | E14: U/LUBUKALUNG | G14: 45663 | I14: 12000 | J14: =J13+H14-I14 -> 72000 | K14: U/TABING | P14: =P13+N14-O14 -> 0 | S14: 45665 | U14: 2300 | V14: =V13+T14-U14 -> 296700 | W14: U/RAWANG | Y14: 45662 | AA14: 2300 | AB14: =AB13+Z14-AA14 -> 354200 | AC14: U/TAPLAU | AE14: 45661 | AF14: =5*5000 -> 25000 | AH14: =AH13+AF14-AG14 -> 65000 | AI14: MASUK GUDANG | AK14: 45670 | AM14: 1000 | AN14: =AN13+AL14-AM14 -> 5000 | AO14: U/ANDURING | AT14: =AT13+AR14-AS14 -> 0 | AZ14: =AZ13+AX14-AY14 -> 0 | BF14: =BF13+BD14-BE14 -> 0
A15: 45678 | C15: 750 | D15: =D14+B15-C15 -> 3000 | E15: U/KASANG | G15: 45664 | I15: 12000 | J15: =J14+H15-I15 -> 60000 | K15: U/PARAKLAWEH | P15: =P14+N15-O15 -> 0 | S15: 45665 | U15: 2300 | V15: =V14+T15-U15 -> 294400 | W15: U/PASBAR | Y15: 45663 | AA15: 2300 | AB15: =AB14+Z15-AA15 -> 351900 | AC15: U/JATI | AE15: 45661 | AG15: 5000 | AH15: =AH14+AF15-AG15 -> 60000 | AI15: U/CENDRAWASIH | AK15: 45670 | AM15: 1000 | AN15: =AN14+AL15-AM15 -> 4000 | AO15: U/PARAKLAWEH | AT15: =AT14+AR15-AS15 -> 0 | AZ15: =AZ14+AX15-AY15 -> 0 | BF15: =BF14+BD15-BE15 -> 0
A16: 45681 | C16: 750 | D16: =D15+B16-C16 -> 2250 | E16: U/GP | G16: 45664 | I16: 12000 | J16: =J15+H16-I16 -> 48000 | K16: U/PASBAR | P16: =P15+N16-O16 -> 0 | S16: 45666 | U16: 2300 | V16: =V15+T16-U16 -> 292100 | W16: U/LUBUKLINTAH | Y16: 45663 | AA16: 2300 | AB16: =AB15+Z16-AA16 -> 349600 | AC16: U/TABING | AE16: 45661 | AG16: 5000 | AH16: =AH15+AF16-AG16 -> 55000 | AI16: U/LUBUKLINTAH | AK16: 45671 | AM16: 1000 | AN16: =AN15+AL16-AM16 -> 3000 | AO16: U/BALAIBARU | AT16: =AT15+AR16-AS16 -> 0 | AZ16: =AZ15+AX16-AY16 -> 0 | BF16: =BF15+BD16-BE16 -> 0
A17: 45686 | B17: =20*750 -> 15000 | D17: =D16+B17-C17 -> 17250 | E17: MASUKGUDANG | G17: 45666 | I17: 12000 | J17: =J16+H17-I17 -> 36000 | K17: U/SITEBA | P17: =P16+N17-O17 -> 0 | S17: 45666 | U17: 2300 | V17: =V16+T17-U17 -> 289800 | W17: U/AIRTAWAR | Y17: 45663 | AA17: 2300 | AB17: =AB16+Z17-AA17 -> 347300 | AC17: U/AIRDINGIN | AE17: 45661 | AG17: 5000 | AH17: =AH16+AF17-AG17 -> 50000 | AI17: U/BANDARBUAT | AK17: 45672 | AM17: 2000 | AN17: =AN16+AL17-AM17 -> 1000 | AO17: U/LUBUKALUNG | AT17: =AT16+AR17-AS17 -> 0 | AZ17: =AZ16+AX17-AY17 -> 0 | BF17: =BF16+BD17-BE17 -> 0
A18: 45686 | C18: 750 | D18: =D17+B18-C18 -> 16500 | E18: U/AIRPACAH | G18: 45666 | I18: 12000 | J18: =J17+H18-I18 -> 24000 | K18: U/BUNGUS | P18: =P17+N18-O18 -> 0 | S18: 45666 | U18: 2300 | V18: =V17+T18-U18 -> 287500 | W18: U/LUBAY | Y18: 45664 | AA18: 2300 | AB18: =AB17+Z18-AA18 -> 345000 | AC18: U/PASBAR | AE18: 45663 | AF18: =5*5000 -> 25000 | AH18: =AH17+AF18-AG18 -> 75000 | AI18: MASUK GUDANG | AK18: 45684 | AL18: 10000 | AN18: =AN17+AL18-AM18 -> 11000 | AO18: MASUK GUDANG | AT18: =AT17+AR18-AS18 -> 0 | AZ18: =AZ17+AX18-AY18 -> 0 | BF18: =BF17+BD18-BE18 -> 0
A19: 45686 | C19: 750 | D19: =D18+B19-C19 -> 15750 | E19: U/TH | G19: 45668 | I19: 12000 | J19: =J18+H19-I19 -> 12000 | K19: U/TH | P19: =P18+N19-O19 -> 0 | S19: 45666 | U19: 2300 | V19: =V18+T19-U19 -> 285200 | W19: U/KASANG | Y19: 45666 | AA19: 2300 | AB19: =AB18+Z19-AA19 -> 342700 | AC19: U/BUNGUS | AE19: 45663 | AG19: 5000 | AH19: =AH18+AF19-AG19 -> 70000 | AI19: U/TABING | AK19: 45676 | AM19: 1000 | AN19: =AN18+AL19-AM19 -> 10000 | AO19: U/BELIBIS | AT19: =AT18+AR19-AS19 -> 0 | AZ19: =AZ18+AX19-AY19 -> 0 | BF19: =BF18+BD19-BE19 -> 0
A20: 45687 | C20: 750 | D20: =D19+B20-C20 -> 15000 | E20: U/BUNGUS | G20: 45672 | I20: 12000 | J20: =J19+H20-I20 -> 0 | K20: U/LUBUKALUNG | P20: =P19+N20-O20 -> 0 | S20: 45667 | U20: 2300 | V20: =V19+T20-U20 -> 282900 | W20: U/AIRDINGIN | Y20: 45666 | AA20: 2300 | AB20: =AB19+Z20-AA20 -> 340400 | AC20: U/AIRPACAH | AE20: 45665 | AG20: 5000 | AH20: =AH19+AF20-AG20 -> 65000 | AI20: U/TAPLAU | AK20: 45685 | AM20: 1000 | AN20: =AN19+AL20-AM20 -> 9000 | AO20: U/SEBPDG | AT20: =AT19+AR20-AS20 -> 0 | AZ20: =AZ19+AX20-AY20 -> 0 | BF20: =BF19+BD20-BE20 -> 0
A21: 45686 | C21: 750 | D21: =D20+B21-C21 -> 14250 | E21: U/KURAITAJI | G21: 45678 | H21: =17*12000 -> 204000 | J21: =J20+H21-I21 -> 204000 | K21: MASUK GUDANG | P21: =P20+N21-O21 -> 0 | S21: 45667 | U21: 2300 | V21: =V20+T21-U21 -> 280600 | W21: U/BALAIBARU | Y21: 45667 | AA21: 2300 | AB21: =AB20+Z21-AA21 -> 338100 | AC21: U/LUBEG | AE21: 45666 | AG21: 5000 | AH21: =AH20+AF21-AG21 -> 60000 | AI21: U/BALAIBARU | AK21: 45685 | AM21: 1000 | AN21: =AN20+AL21-AM21 -> 8000 | AO21: U/BANDARBUAT | AT21: =AT20+AR21-AS21 -> 0 | AZ21: =AZ20+AX21-AY21 -> 0 | BF21: =BF20+BD21-BE21 -> 0
A22: 45688 | C22: 750 | D22: =D21+B22-C22 -> 13500 | E22: U/LUBAY | G22: 45678 | I22: 12000 | J22: =J21+H22-I22 -> 192000 | K22: U/AIRPACAH | P22: =P21+N22-O22 -> 0 | S22: 45668 | U22: 2300 | V22: =V21+T22-U22 -> 278300 | W22: U/GP | Y22: 45667 | AA22: 2300 | AB22: =AB21+Z22-AA22 -> 335800 | AC22: U/BALAIBARU | AE22: 45666 | AG22: 5000 | AH22: =AH21+AF22-AG22 -> 55000 | AI22: U/JATI | AK22: 45685 | AM22: 1000 | AN22: =AN21+AL22-AM22 -> 7000 | AO22: U/AIRTAWAR | AT22: =AT21+AR22-AS22 -> 0 | AZ22: =AZ21+AX22-AY22 -> 0 | BF22: =BF21+BD22-BE22 -> 0
D23: =D22+B23-C23 -> 13500 | G23: 45679 | I23: 12000 | J23: =J22+H23-I23 -> 180000 | K23: U/TAPLAU | P23: =P22+N23-O23 -> 0 | S23: 45668 | U23: 2300 | V23: =V22+T23-U23 -> 276000 | W23: U/AIRPACAH | Y23: 45669 | AA23: 2300 | AB23: =AB22+Z23-AA23 -> 333500 | AC23: U/LUBUKLINTAH | AE23: 45666 | AG23: 5000 | AH23: =AH22+AF23-AG23 -> 50000 | AI23: U/LUBAY | AK23: 45685 | AM23: 1000 | AN23: =AN22+AL23-AM23 -> 6000 | AO23: U/TH | AT23: =AT22+AR23-AS23 -> 0 | AZ23: =AZ22+AX23-AY23 -> 0 | BF23: =BF22+BD23-BE23 -> 0
D24: =D23+B24-C24 -> 13500 | G24: 45679 | I24: 12000 | J24: =J23+H24-I24 -> 168000 | K24: U/AIRTAWAR | P24: =P23+N24-O24 -> 0 | S24: 45669 | U24: 2300 | V24: =V23+T24-U24 -> 273700 | W24: U/TAPLAU | Y24: 45669 | AA24: 2300 | AB24: =AB23+Z24-AA24 -> 331200 | AC24: U/TH | AE24: 45667 | AG24: 5000 | AH24: =AH23+AF24-AG24 -> 45000 | AI24: U/LUBEG | AK24: 45685 | AM24: 2000 | AN24: =AN23+AL24-AM24 -> 4000 | AO24: U/KURAITAJI | AT24: =AT23+AR24-AS24 -> 0 | AZ24: =AZ23+AX24-AY24 -> 0 | BF24: =BF23+BD24-BE24 -> 0
D25: =D24+B25-C25 -> 13500 | G25: 45679 | I25: 12000 | J25: =J24+H25-I25 -> 156000 | K25: U/LUBAY | P25: =P24+N25-O25 -> 0 | S25: 45669 | U25: 2300 | V25: =V24+T25-U25 -> 271400 | W25: U/BELIMBING | Y25: 45670 | AA25: 2300 | AB25: =AB24+Z25-AA25 -> 328900 | AC25: U/TAPLAU | AE25: 45667 | AG25: 5000 | AH25: =AH24+AF25-AG25 -> 40000 | AI25: U/PASBAR | AK25: 45686 | AM25: 1000 | AN25: =AN24+AL25-AM25 -> 3000 | AO25: U/LUBAY | AT25: =AT24+AR25-AS25 -> 0 | AZ25: =AZ24+AX25-AY25 -> 0 | BF25: =BF24+BD25-BE25 -> 0
D26: =D25+B26-C26 -> 13500 | G26: 45679 | I26: 12000 | J26: =J25+H26-I26 -> 144000 | K26: U/BELIMBING | P26: =P25+N26-O26 -> 0 | S26: 45669 | U26: 2300 | V26: =V25+T26-U26 -> 269100 | W26: U/BUNGUS | Y26: 45671 | AA26: 2300 | AB26: =AB25+Z26-AA26 -> 326600 | AC26: U/SEBPDG | AE26: 45668 | AF26: =5*5000 -> 25000 | AH26: =AH25+AF26-AG26 -> 65000 | AI26: MASUK GUDANG | AN26: =AN25+AL26-AM26 -> 3000 | AT26: =AT25+AR26-AS26 -> 0 | AZ26: =AZ25+AX26-AY26 -> 0 | BF26: =BF25+BD26-BE26 -> 0
D27: =D26+B27-C27 -> 13500 | G27: 45685 | I27: 12000 | J27: =J26+H27-I27 -> 132000 | K27: U/BANDARBUAT | P27: =P26+N27-O27 -> 0 | S27: 45670 | U27: 2300 | V27: =V26+T27-U27 -> 266800 | W27: U/LUBEG | Y27: 45672 | AA27: 4600 | AB27: =AB26+Z27-AA27 -> 322000 | AC27: U/LUBUKALUNG | AE27: 45669 | AG27: 5000 | AH27: =AH26+AF27-AG27 -> 60000 | AI27: U/SEBPDG | AN27: =AN26+AL27-AM27 -> 3000 | AT27: =AT26+AR27-AS27 -> 0 | AZ27: =AZ26+AX27-AY27 -> 0 | BF27: =BF26+BD27-BE27 -> 0
D28: =D27+B28-C28 -> 13500 | G28: 45685 | I28: 12000 | J28: =J27+H28-I28 -> 120000 | K28: U/JATI | P28: =P27+N28-O28 -> 0 | S28: 45671 | U28: 2300 | V28: =V27+T28-U28 -> 264500 | W28: U/PARAKLAWEH | Y28: 45672 | AA28: 2300 | AB28: =AB27+Z28-AA28 -> 319700 | AC28: U/PARAKLAWEH | AE28: 45669 | AG28: 5000 | AH28: =AH27+AF28-AG28 -> 55000 | AI28: U/AIRPACAH | AN28: =AN27+AL28-AM28 -> 3000 | AT28: =AT27+AR28-AS28 -> 0 | AZ28: =AZ27+AX28-AY28 -> 0 | BF28: =BF27+BD28-BE28 -> 0
D29: =D28+B29-C29 -> 13500 | G29: 45686 | I29: 12000 | J29: =J28+H29-I29 -> 108000 | K29: U/SEBPDG | P29: =P28+N29-O29 -> 0 | S29: 45671 | U29: 2300 | V29: =V28+T29-U29 -> 262200 | W29: U/SEBPDG | Y29: 45672 | AA29: 2300 | AB29: =AB28+Z29-AA29 -> 317400 | AC29: U/RAWANG | AE29: 45669 | AG29: 5000 | AH29: =AH28+AF29-AG29 -> 50000 | AI29: U/GP | AN29: =AN28+AL29-AM29 -> 3000 | AT29: =AT28+AR29-AS29 -> 0 | AZ29: =AZ28+AX29-AY29 -> 0 | BF29: =BF28+BD29-BE29 -> 0
D30: =D29+B30-C30 -> 13500 | G30: 45687 | I30: 12000 | J30: =J29+H30-I30 -> 96000 | K30: U/AIRDINGIN | P30: =P29+N30-O30 -> 0 | S30: 45672 | U30: 4600 | V30: =V29+T30-U30 -> 257600 | W30: U/LUBUKALUNG | Y30: 45672 | AA30: 2300 | AB30: =AB29+Z30-AA30 -> 315100 | AC30: U/BANDARBUAT | AE30: 45670 | AF30: =5*5000 -> 25000 | AH30: =AH29+AF30-AG30 -> 75000 | AI30: U/MASUKGUDANG | AN30: =AN29+AL30-AM30 -> 3000 | AT30: =AT29+AR30-AS30 -> 0 | AZ30: =AZ29+AX30-AY30 -> 0 | BF30: =BF29+BD30-BE30 -> 0
D31: =D30+B31-C31 -> 13500 | G31: 45687 | I31: 12000 | J31: =J30+H31-I31 -> 84000 | K31: U/BUNGUS | P31: =P30+N31-O31 -> 0 | S31: 45676 | U31: 2300 | V31: =V30+T31-U31 -> 255300 | W31: U/AIRDINGIN | Y31: 45672 | AA31: 2300 | AB31: =AB30+Z31-AA31 -> 312800 | AC31: U/SITEBA | AE31: 45670 | AG31: 5000 | AH31: =AH30+AF31-AG31 -> 70000 | AI31: U/KASANG | AN31: =AN30+AL31-AM31 -> 3000 | AT31: =AT30+AR31-AS31 -> 0 | AZ31: =AZ30+AX31-AY31 -> 0 | BF31: =BF30+BD31-BE31 -> 0
D32: =D31+B32-C32 -> 13500 | G32: 45686 | I32: 12000 | J32: =J31+H32-I32 -> 72000 | K32: U/KURAITAJI | P32: =P31+N32-O32 -> 0 | S32: 45677 | U32: 2300 | V32: =V31+T32-U32 -> 253000 | W32: U/TABING | Y32: 45671 | AA32: 2300 | AB32: =AB31+Z32-AA32 -> 310500 | AC32: U/LUBAY | AE32: 45670 | AG32: 5000 | AH32: =AH31+AF32-AG32 -> 65000 | AI32: U/PARAKLAWEH | AN32: =AN31+AL32-AM32 -> 3000 | AT32: =AT31+AR32-AS32 -> 0 | AZ32: =AZ31+AX32-AY32 -> 0 | BF32: =BF31+BD32-BE32 -> 0
D33: =D32+B33-C33 -> 13500 | G33: 45688 | I33: 12000 | J33: =J32+H33-I33 -> 60000 | K33: U/BALAIBARU | P33: =P32+N33-O33 -> 0 | S33: 45677 | U33: 2300 | V33: =V32+T33-U33 -> 250700 | W33: U/CENDRAWASIH | Y33: 45675 | AA33: 2300 | AB33: =AB32+Z33-AA33 -> 308200 | AC33: U/AIRPACAH | AE33: 45670 | AG33: 5000 | AH33: =AH32+AF33-AG33 -> 60000 | AI33: U/BELIMBING | AN33: =AN32+AL33-AM33 -> 3000 | AT33: =AT32+AR33-AS33 -> 0 | AZ33: =AZ32+AX33-AY33 -> 0
D34: =D33+B34-C34 -> 13500 | J34: =J33+H34-I34 -> 60000 | P34: =P33+N34-O34 -> 0 | S34: 45678 | U34: 2300 | V34: =V33+T34-U34 -> 248400 | W34: U/TAPLAU | Y34: 45676 | AA34: 2300 | AB34: =AB33+Z34-AA34 -> 305900 | AC34: U/BUNGUS | AE34: 45670 | AG34: 5000 | AH34: =AH33+AF34-AG34 -> 55000 | AI34: U/AIRDINGIN | AN34: =AN33+AL34-AM34 -> 3000 | AT34: =AT33+AR34-AS34 -> 0 | AZ34: =AZ33+AX34-AY34 -> 0
D35: =D34+B35-C35 -> 13500 | J35: =J34+H35-I35 -> 60000 | P35: =P34+N35-O35 -> 0 | S35: 45678 | U35: 2300 | V35: =V34+T35-U35 -> 246100 | W35: U/SITEBA | Y35: 45676 | AA35: 2300 | AB35: =AB34+Z35-AA35 -> 303600 | AC35: U/AIRDINGIN | AE35: 45672 | AG35: 10000 | AH35: =AH34+AF35-AG35 -> 45000 | AI35: U/LUBUKALUNG | AN35: =AN34+AL35-AM35 -> 3000 | AT35: =AT34+AR35-AS35 -> 0 | AZ35: =AZ34+AX35-AY35 -> 0
D36: =D35+B36-C36 -> 13500 | J36: =J35+H36-I36 -> 60000 | P36: =P35+N36-O36 -> 0 | S36: 45679 | U36: 2300 | V36: =V35+T36-U36 -> 243800 | W36: U/LUBAY | Y36: 45677 | AA36: 2300 | AB36: =AB35+Z36-AA36 -> 301300 | AC36: U/ANDURING | AE36: 45672 | AG36: 5000 | AH36: =AH35+AF36-AG36 -> 40000 | AI36: U/BELIBIS | AN36: =AN35+AL36-AM36 -> 3000 | AT36: =AT35+AR36-AS36 -> 0 | AZ36: =AZ35+AX36-AY36 -> 0
D37: =D36+B37-C37 -> 13500 | J37: =J36+H37-I37 -> 60000 | P37: =P36+N37-O37 -> 0 | S37: 45680 | U37: 2300 | V37: =V36+T37-U37 -> 241500 | W37: U/JATI | Y37: 45678 | AA37: 2300 | AB37: =AB36+Z37-AA37 -> 299000 | AC37: U/CENDRAWASIH | AE37: 45672 | AG37: 5000 | AH37: =AH36+AF37-AG37 -> 35000 | AI37: U/BANDARBUAT | AN37: =AN36+AL37-AM37 -> 3000 | AT37: =AT36+AR37-AS37 -> 0 | AZ37: =AZ36+AX37-AY37 -> 0
D38: =D37+B38-C38 -> 13500 | J38: =J37+H38-I38 -> 60000 | P38: =P37+N38-O38 -> 0 | S38: 45680 | U38: 2300 | V38: =V37+T38-U38 -> 239200 | W38: U/TH | Y38: 45678 | AA38: 2300 | AB38: =AB37+Z38-AA38 -> 296700 | AC38: U/GP | AE38: 45671 | AG38: 5000 | AH38: =AH37+AF38-AG38 -> 30000 | AI38: U/AIRTAWAR | AN38: =AN37+AL38-AM38 -> 3000 | AT38: =AT37+AR38-AS38 -> 0 | AZ38: =AZ37+AX38-AY38 -> 0
D39: =D38+B39-C39 -> 13500 | J39: =J38+H39-I39 -> 60000 | P39: =P38+N39-O39 -> 0 | S39: 45680 | U39: 2300 | V39: =V38+T39-U39 -> 236900 | W39: U/BUNGUS | Y39: 45679 | AA39: 2300 | AB39: =AB38+Z39-AA39 -> 294400 | AC39: U/AIRTAWAR | AE39: 45673 | AG39: 5000 | AH39: =AH38+AF39-AG39 -> 25000 | AI39: U/BUNGUS | AN39: =AN38+AL39-AM39 -> 3000 | AT39: =AT38+AR39-AS39 -> 0 | AZ39: =AZ38+AX39-AY39 -> 0
D40: =D39+B40-C40 -> 13500 | J40: =J39+H40-I40 -> 60000 | P40: =P39+N40-O40 -> 0 | S40: 45682 | U40: 2300 | V40: =V39+T40-U40 -> 234600 | W40: U/PASBAR | Y40: 45680 | AA40: 2300 | AB40: =AB39+Z40-AA40 -> 292100 | AC40: U/TABING | AE40: 45674 | AF40: =5*5000 -> 25000 | AH40: =AH39+AF40-AG40 -> 50000 | AN40: =AN39+AL40-AM40 -> 3000 | AT40: =AT39+AR40-AS40 -> 0 | AZ40: =AZ39+AX40-AY40 -> 0
D41: =D40+B41-C41 -> 13500 | J41: =J40+H41-I41 -> 60000 | P41: =P40+N41-O41 -> 0 | S41: 45683 | U41: 2300 | V41: =V40+T41-U41 -> 232300 | W41: U/LUBUKALUNG | Y41: 45682 | AA41: 2300 | AB41: =AB40+Z41-AA41 -> 289800 | AC41: U/LUBEG | AE41: 45676 | AG41: 5000 | AH41: =AH40+AF41-AG41 -> 45000 | AI41: U/LUBAY | AN41: =AN40+AL41-AM41 -> 3000 | AT41: =AT40+AR41-AS41 -> 0 | AZ41: =AZ40+AX41-AY41 -> 0
D42: =D41+B42-C42 -> 13500 | J42: =J41+H42-I42 -> 60000 | P42: =P41+N42-O42 -> 0 | S42: 45684 | U42: 2300 | V42: =V41+T42-U42 -> 230000 | W42: U/BALAIBARU | Y42: 45682 | AA42: 2300 | AB42: =AB41+Z42-AA42 -> 287500 | AC42: U/PASBAR | AE42: 45676 | AG42: 5000 | AH42: =AH41+AF42-AG42 -> 40000 | AI42: U/SITEBA | AN42: =AN41+AL42-AM42 -> 3000 | AT42: =AT41+AR42-AS42 -> 0 | AZ42: =AZ41+AX42-AY42 -> 0
D43: =D42+B43-C43 -> 13500 | J43: =J42+H43-I43 -> 60000 | P43: =P42+N43-O43 -> 0 | S43: 45686 | U43: 2300 | V43: =V42+T43-U43 -> 227700 | W43: U/BANDARBUAT | Y43: 45684 | AA43: 2300 | AB43: =AB42+Z43-AA43 -> 285200 | AC43: U/JATI | AE43: 45676 | AG43: 5000 | AH43: =AH42+AF43-AG43 -> 35000 | AI43: U/RAWANG | AN43: =AN42+AL43-AM43 -> 3000 | AT43: =AT42+AR43-AS43 -> 0 | AZ43: =AZ42+AX43-AY43 -> 0
D44: =D43+B44-C44 -> 13500 | J44: =J43+H44-I44 -> 60000 | P44: =P43+N44-O44 -> 0 | S44: 45687 | U44: 2300 | V44: =V43+T44-U44 -> 225400 | W44: U/LUBEG | Y44: 45684 | AA44: 2300 | AB44: =AB43+Z44-AA44 -> 282900 | AC44: U/BELIMBING | AE44: 45678 | AF44: =5*5000 -> 25000 | AH44: =AH43+AF44-AG44 -> 60000 | AI44: MASUK GUDANG | AN44: =AN43+AL44-AM44 -> 3000 | AT44: =AT43+AR44-AS44 -> 0 | AZ44: =AZ43+AX44-AY44 -> 0
D45: =D44+B45-C45 -> 13500 | J45: =J44+H45-I45 -> 60000 | P45: =P44+N45-O45 -> 0 | S45: 45686 | U45: 4600 | V45: =V44+T45-U45 -> 220800 | W45: U/KURAITAJI | Y45: 45684 | AA45: 2300 | AB45: =AB44+Z45-AA45 -> 280600 | AC45: U/BALAIBARU | AE45: 45678 | AG45: 5000 | AH45: =AH44+AF45-AG45 -> 55000 | AI45: U/TH | AN45: =AN44+AL45-AM45 -> 3000 | AT45: =AT44+AR45-AS45 -> 0 | AZ45: =AZ44+AX45-AY45 -> 0
D46: =D45+B46-C46 -> 13500 | J46: =J45+H46-I46 -> 60000 | P46: =P45+N46-O46 -> 0 | V46: =V45+T46-U46 -> 220800 | Y46: 45685 | AA46: 2300 | AB46: =AB45+Z46-AA46 -> 278300 | AC46: U/KASANG | AE46: 45678 | AG46: 5000 | AH46: =AH45+AF46-AG46 -> 50000 | AI46: U/TAPLAU | AN46: =AN45+AL46-AM46 -> 3000 | AT46: =AT45+AR46-AS46 -> 0 | AZ46: =AZ45+AX46-AY46 -> 0
D47: =D46+B47-C47 -> 13500 | J47: =J46+H47-I47 -> 60000 | P47: =P46+N47-O47 -> 0 | V47: =V46+T47-U47 -> 220800 | Y47: 45686 | AA47: 2300 | AB47: =AB46+Z47-AA47 -> 276000 | AC47: U/BANDARBUAT | AE47: 45678 | AG47: 5000 | AH47: =AH46+AF47-AG47 -> 45000 | AI47: U/LUBEG | AN47: =AN46+AL47-AM47 -> 3000 | AT47: =AT46+AR47-AS47 -> 0 | AZ47: =AZ46+AX47-AY47 -> 0
D48: =D47+B48-C48 -> 13500 | J48: =J47+H48-I48 -> 60000 | P48: =P47+N48-O48 -> 0 | V48: =V47+T48-U48 -> 220800 | Y48: 45687 | AA48: 2300 | AB48: =AB47+Z48-AA48 -> 273700 | AC48: U/SEBPDG | AE48: 45679 | AG48: 5000 | AH48: =AH47+AF48-AG48 -> 40000 | AI48: U/TABING | AN48: =AN47+AL48-AM48 -> 3000 | AT48: =AT47+AR48-AS48 -> 0 | AZ48: =AZ47+AX48-AY48 -> 0
D49: =D48+B49-C49 -> 13500 | J49: =J48+H49-I49 -> 60000 | P49: =P48+N49-O49 -> 0 | V49: =V48+T49-U49 -> 220800 | Y49: 45687 | AA49: 2300 | AB49: =AB48+Z49-AA49 -> 271400 | AC49: U/BUNGUS | AE49: 45680 | AF49: =5*5000 -> 25000 | AH49: =AH48+AF49-AG49 -> 65000 | AI49: MASUK GUDANG | AN49: =AN48+AL49-AM49 -> 3000 | AT49: =AT48+AR49-AS49 -> 0 | AZ49: =AZ48+AX49-AY49 -> 0
D50: =D49+B50-C50 -> 13500 | J50: =J49+H50-I50 -> 60000 | P50: =P49+N50-O50 -> 0 | V50: =V49+T50-U50 -> 220800 | Y50: 45685 | AA50: 4600 | AB50: =AB49+Z50-AA50 -> 266800 | AC50: U/KURAITAJI | AE50: 45680 | AG50: 5000 | AH50: =AH49+AF50-AG50 -> 60000 | AI50: U/BUNGUS | AN50: =AN49+AL50-AM50 -> 3000 | AT50: =AT49+AR50-AS50 -> 0 | AZ50: =AZ49+AX50-AY50 -> 0
D51: =D50+B51-C51 -> 13500 | J51: =J50+H51-I51 -> 60000 | P51: =P50+N51-O51 -> 0 | V51: =V50+T51-U51 -> 220800 | Y51: 45688 | AA51: 2300 | AB51: =AB50+Z51-AA51 -> 264500 | AC51: U/BELIBIS | AE51: 45682 | AG51: 5000 | AH51: =AH50+AF51-AG51 -> 55000 | AI51: U/ANDURING | AN51: =AN50+AL51-AM51 -> 3000 | AT51: =AT50+AR51-AS51 -> 0 | AZ51: =AZ50+AX51-AY51 -> 0
D52: =D51+B52-C52 -> 13500 | J52: =J51+H52-I52 -> 60000 | P52: =P51+N52-O52 -> 0 | V52: =V51+T52-U52 -> 220800 | Y52: 45688 | AA52: 2300 | AB52: =AB51+Z52-AA52 -> 262200 | AC52: U/LUBAY | AE52: 45682 | AG52: 5000 | AH52: =AH51+AF52-AG52 -> 50000 | AI52: U/PASBAR | AN52: =AN51+AL52-AM52 -> 3000 | AT52: =AT51+AR52-AS52 -> 0 | AZ52: =AZ51+AX52-AY52 -> 0
D53: =D52+B53-C53 -> 13500 | J53: =J52+H53-I53 -> 60000 | P53: =P52+N53-O53 -> 0 | V53: =V52+T53-U53 -> 220800 | Y53: 45688 | AA53: 2300 | AB53: =AB52+Z53-AA53 -> 259900 | AC53: U/LUBUKALUNG | AE53: 45684 | AG53: 5000 | AH53: =AH52+AF53-AG53 -> 45000 | AI53: U/LUBUKLINTAH | AN53: =AN52+AL53-AM53 -> 3000 | AT53: =AT52+AR53-AS53 -> 0 | AZ53: =AZ52+AX53-AY53 -> 0
D54: =D53+B54-C54 -> 13500 | J54: =J53+H54-I54 -> 60000 | P54: =P53+N54-O54 -> 0 | V54: =V53+T54-U54 -> 220800 | Y54: 45688 | AA54: 2300 | AB54: =AB53+Z54-AA54 -> 257600 | AC54: U/TAPLAU | AE54: 45684 | AG54: 5000 | AH54: =AH53+AF54-AG54 -> 40000 | AI54: U/BALAIBARU | AN54: =AN53+AL54-AM54 -> 3000 | AT54: =AT53+AR54-AS54 -> 0 | AZ54: =AZ53+AX54-AY54 -> 0
D55: =D54+B55-C55 -> 13500 | J55: =J54+H55-I55 -> 60000 | P55: =P54+N55-O55 -> 0 | V55: =V54+T55-U55 -> 220800 | AB55: =AB54+Z55-AA55 -> 257600 | AE55: 45684 | AG55: 5000 | AH55: =AH54+AF55-AG55 -> 35000 | AI55: U/SITEBA | AN55: =AN54+AL55-AM55 -> 3000 | AT55: =AT54+AR55-AS55 -> 0 | AZ55: =AZ54+AX55-AY55 -> 0
D56: =D55+B56-C56 -> 13500 | J56: =J55+H56-I56 -> 60000 | P56: =P55+N56-O56 -> 0 | V56: =V55+T56-U56 -> 220800 | AB56: =AB55+Z56-AA56 -> 257600 | AE56: 45685 | AF56: =5*5000 -> 25000 | AH56: =AH55+AF56-AG56 -> 60000 | AI56: MASUK GUDANG | AN56: =AN55+AL56-AM56 -> 3000 | AT56: =AT55+AR56-AS56 -> 0 | AZ56: =AZ55+AX56-AY56 -> 0
D57: =D56+B57-C57 -> 13500 | J57: =J56+H57-I57 -> 60000 | P57: =P56+N57-O57 -> 0 | V57: =V56+T57-U57 -> 220800 | AB57: =AB56+Z57-AA57 -> 257600 | AE57: 45685 | AG57: 5000 | AH57: =AH56+AF57-AG57 -> 55000 | AI57: U/SEBPDG | AN57: =AN56+AL57-AM57 -> 3000 | AT57: =AT56+AR57-AS57 -> 0 | AZ57: =AZ56+AX57-AY57 -> 0
D58: =D57+B58-C58 -> 13500 | J58: =J57+H58-I58 -> 60000 | P58: =P57+N58-O58 -> 0 | V58: =V57+T58-U58 -> 220800 | AB58: =AB57+Z58-AA58 -> 257600 | AE58: 45685 | AG58: 5000 | AH58: =AH57+AF58-AG58 -> 50000 | AI58: U/AIRPACAH | AN58: =AN57+AL58-AM58 -> 3000 | AT58: =AT57+AR58-AS58 -> 0 | AZ58: =AZ57+AX58-AY58 -> 0
D59: =D58+B59-C59 -> 13500 | J59: =J58+H59-I59 -> 60000 | P59: =P58+N59-O59 -> 0 | V59: =V58+T59-U59 -> 220800 | AB59: =AB58+Z59-AA59 -> 257600 | AE59: 45685 | AG59: 5000 | AH59: =AH58+AF59-AG59 -> 45000 | AI59: U/LUBAY | AN59: =AN58+AL59-AM59 -> 3000 | AT59: =AT58+AR59-AS59 -> 0 | AZ59: =AZ58+AX59-AY59 -> 0
D60: =D59+B60-C60 -> 13500 | J60: =J59+H60-I60 -> 60000 | P60: =P59+N60-O60 -> 0 | V60: =V59+T60-U60 -> 220800 | AB60: =AB59+Z60-AA60 -> 257600 | AE60: 45685 | AG60: 5000 | AH60: =AH59+AF60-AG60 -> 40000 | AI60: U/LUBUKALUNG | AN60: =AN59+AL60-AM60 -> 3000 | AT60: =AT59+AR60-AS60 -> 0 | AZ60: =AZ59+AX60-AY60 -> 0
D61: =D60+B61-C61 -> 13500 | J61: =J60+H61-I61 -> 60000 | P61: =P60+N61-O61 -> 0 | V61: =V60+T61-U61 -> 220800 | AB61: =AB60+Z61-AA61 -> 257600 | AE61: 45686 | AG61: 5000 | AH61: =AH60+AF61-AG61 -> 35000 | AI61: U/AIRDINGIN | AN61: =AN60+AL61-AM61 -> 3000 | AT61: =AT60+AR61-AS61 -> 0 | AZ61: =AZ60+AX61-AY61 -> 0
D62: =D61+B62-C62 -> 13500 | J62: =J61+H62-I62 -> 60000 | P62: =P61+N62-O62 -> 0 | V62: =V61+T62-U62 -> 220800 | AB62: =AB61+Z62-AA62 -> 257600 | AE62: 45687 | AF62: =5*5000 -> 25000 | AH62: =AH61+AF62-AG62 -> 60000 | AI62: MASUK GUDANG | AN62: =AN61+AL62-AM62 -> 3000 | AT62: =AT61+AR62-AS62 -> 0 | AZ62: =AZ61+AX62-AY62 -> 0
D63: =D62+B63-C63 -> 13500 | J63: =J62+H63-I63 -> 60000 | P63: =P62+N63-O63 -> 0 | V63: =V62+T63-U63 -> 220800 | AB63: =AB62+Z63-AA63 -> 257600 | AE63: 45687 | AG63: 5000 | AH63: =AH62+AF63-AG63 -> 55000 | AI63: U/PARAKLAWEH | AN63: =AN62+AL63-AM63 -> 3000 | AT63: =AT62+AR63-AS63 -> 0 | AZ63: =AZ62+AX63-AY63 -> 0
D64: =D63+B64-C64 -> 13500 | J64: =J63+H64-I64 -> 60000 | P64: =P63+N64-O64 -> 0 | V64: =V63+T64-U64 -> 220800 | AB64: =AB63+Z64-AA64 -> 257600 | AE64: 45686 | AG64: 10000 | AH64: =AH63+AF64-AG64 -> 45000 | AI64: U/KURAITAJI | AN64: =AN63+AL64-AM64 -> 3000 | AT64: =AT63+AR64-AS64 -> 0 | AZ64: =AZ63+AX64-AY64 -> 0
D65: =D64+B65-C65 -> 13500 | J65: =J64+H65-I65 -> 60000 | P65: =P64+N65-O65 -> 0 | V65: =V64+T65-U65 -> 220800 | AB65: =AB64+Z65-AA65 -> 257600 | AE65: 45688 | AG65: 5000 | AH65: =AH64+AF65-AG65 -> 40000 | AI65: U/TAPLAU | AN65: =AN64+AL65-AM65 -> 3000 | AT65: =AT64+AR65-AS65 -> 0 | AZ65: =AZ64+AX65-AY65 -> 0
D66: =D65+B66-C66 -> 13500 | J66: =J65+H66-I66 -> 60000 | P66: =P65+N66-O66 -> 0 | V66: =V65+T66-U66 -> 220800 | AB66: =AB65+Z66-AA66 -> 257600 | AH66: =AH65+AF66-AG66 -> 40000 | AN66: =AN65+AL66-AM66 -> 3000 | AT66: =AT65+AR66-AS66 -> 0 | AZ66: =AZ65+AX66-AY66 -> 0
D67: =D66+B67-C67 -> 13500 | J67: =J66+H67-I67 -> 60000 | P67: =P66+N67-O67 -> 0 | V67: =V66+T67-U67 -> 220800 | AB67: =AB66+Z67-AA67 -> 257600 | AH67: =AH66+AF67-AG67 -> 40000 | AN67: =AN66+AL67-AM67 -> 3000 | AT67: =AT66+AR67-AS67 -> 0 | AZ67: =AZ66+AX67-AY67 -> 0
D68: =D67+B68-C68 -> 13500 | J68: =J67+H68-I68 -> 60000 | P68: =P67+N68-O68 -> 0 | V68: =V67+T68-U68 -> 220800 | AB68: =AB67+Z68-AA68 -> 257600 | AH68: =AH67+AF68-AG68 -> 40000 | AN68: =AN67+AL68-AM68 -> 3000 | AT68: =AT67+AR68-AS68 -> 0 | AZ68: =AZ67+AX68-AY68 -> 0
D69: =D68+B69-C69 -> 13500 | J69: =J68+H69-I69 -> 60000 | P69: =P68+N69-O69 -> 0 | V69: =V68+T69-U69 -> 220800 | AB69: =AB68+Z69-AA69 -> 257600 | AH69: =AH68+AF69-AG69 -> 40000 | AN69: =AN68+AL69-AM69 -> 3000 | AT69: =AT68+AR69-AS69 -> 0 | AZ69: =AZ68+AX69-AY69 -> 0
D70: =D69+B70-C70 -> 13500 | J70: =J69+H70-I70 -> 60000 | P70: =P69+N70-O70 -> 0 | V70: =V69+T70-U70 -> 220800 | AB70: =AB69+Z70-AA70 -> 257600 | AH70: =AH69+AF70-AG70 -> 40000 | AN70: =AN69+AL70-AM70 -> 3000 | AT70: =AT69+AR70-AS70 -> 0 | AZ70: =AZ69+AX70-AY70 -> 0
D71: =D70+B71-C71 -> 13500 | J71: =J70+H71-I71 -> 60000 | P71: =P70+N71-O71 -> 0 | V71: =V70+T71-U71 -> 220800 | AB71: =AB70+Z71-AA71 -> 257600 | AH71: =AH70+AF71-AG71 -> 40000 | AN71: =AN70+AL71-AM71 -> 3000 | AT71: =AT70+AR71-AS71 -> 0 | AZ71: =AZ70+AX71-AY71 -> 0
D72: =D71+B72-C72 -> 13500 | J72: =J71+H72-I72 -> 60000 | P72: =P71+N72-O72 -> 0 | V72: =V71+T72-U72 -> 220800 | AB72: =AB71+Z72-AA72 -> 257600 | AH72: =AH71+AF72-AG72 -> 40000 | AN72: =AN71+AL72-AM72 -> 3000 | AT72: =AT71+AR72-AS72 -> 0 | AZ72: =AZ71+AX72-AY72 -> 0
D73: =D72+B73-C73 -> 13500 | J73: =J72+H73-I73 -> 60000 | P73: =P72+N73-O73 -> 0 | V73: =V72+T73-U73 -> 220800 | AB73: =AB72+Z73-AA73 -> 257600 | AH73: =AH72+AF73-AG73 -> 40000 | AN73: =AN72+AL73-AM73 -> 3000 | AT73: =AT72+AR73-AS73 -> 0 | AZ73: =AZ72+AX73-AY73 -> 0
D74: =D73+B74-C74 -> 13500 | J74: =J73+H74-I74 -> 60000 | P74: =P73+N74-O74 -> 0 | V74: =V73+T74-U74 -> 220800 | AB74: =AB73+Z74-AA74 -> 257600 | AH74: =AH73+AF74-AG74 -> 40000 | AN74: =AN73+AL74-AM74 -> 3000 | AT74: =AT73+AR74-AS74 -> 0 | AZ74: =AZ73+AX74-AY74 -> 0
D75: =D74+B75-C75 -> 13500 | J75: =J74+H75-I75 -> 60000 | P75: =P74+N75-O75 -> 0 | V75: =V74+T75-U75 -> 220800 | AB75: =AB74+Z75-AA75 -> 257600 | AH75: =AH74+AF75-AG75 -> 40000 | AN75: =AN74+AL75-AM75 -> 3000 | AT75: =AT74+AR75-AS75 -> 0 | AZ75: =AZ74+AX75-AY75 -> 0
D76: =D75+B76-C76 -> 13500 | J76: =J75+H76-I76 -> 60000 | P76: =P75+N76-O76 -> 0 | V76: =V75+T76-U76 -> 220800 | AB76: =AB75+Z76-AA76 -> 257600 | AH76: =AH75+AF76-AG76 -> 40000 | AN76: =AN75+AL76-AM76 -> 3000 | AT76: =AT75+AR76-AS76 -> 0 | AZ76: =AZ75+AX76-AY76 -> 0
D77: =D76+B77-C77 -> 13500 | J77: =J76+H77-I77 -> 60000 | P77: =P76+N77-O77 -> 0 | V77: =V76+T77-U77 -> 220800 | AB77: =AB76+Z77-AA77 -> 257600 | AH77: =AH76+AF77-AG77 -> 40000 | AN77: =AN76+AL77-AM77 -> 3000 | AT77: =AT76+AR77-AS77 -> 0 | AZ77: =AZ76+AX77-AY77 -> 0
... D133: =D132+B133-C133 -> 13500 | J133: =J132+H133-I133 -> 60000 | P133: =P132+N133-O133 -> 0 | V133: =V132+T133-U133 -> 220800 | AB133: =AB132+Z133-AA133 -> 257600 | AH133: =AH132+AF133-AG133 -> 40000 | AN133: =AN132+AL133-AM133 -> 3000 | AT133: =AT132+AR133-AS133 -> 0 | AZ133: =AZ132+AX133-AY133 -> 0

Sheet Bahan Utama
A1: Tapioca Pearl (1000gr) | G1: Tea Kayu Aro (500gr) | M1: Chatramue Tea (400gr) | S1: Kopi Robusta (1000gr) | Y1: UHT | AE1: Fructose(5000ml) | AK1: Gula Aren Bubuk | AQ1: Gula Aren Cair (1,000ml) | AW1: Soft Mix Vanilla (10,000ml) | BC1: Soft Mix Green Tea (10,000ml) | BI1: Cone (300pcs) | BO1: SKM (488gr) | BU1: Donat
A2: Tgl | B2: Masuk | C2: Keluar | D2: Sisa Stok | E2: Keterangan | G2: Tgl | H2: Masuk | I2: Keluar | J2: Sisa Stok | K2: Keterangan | M2: Tgl | N2: Masuk | O2: Keluar | P2: Sisa Stok | Q2: Keterangan | S2: Tgl | T2: Masuk | U2: Keluar | V2: Sisa Stok | W2: Keterangan | Y2: Tgl | Z2: Masuk | AA2: Keluar | AB2: Sisa Stok | AC2: Keterangan | AE2: Tgl | AF2: Masuk | AG2: Keluar | AH2: Sisa Stok | AI2: Keterangan | AK2: Tgl | AL2: Masuk | AM2: Keluar | AN2: Sisa Stok | AO2: Keterangan | AQ2: Tgl | AR2: Masuk | AS2: Keluar | AT2: Sisa Stok | AU2: Keterangan | AW2: Tgl | AX2: Masuk | AY2: Keluar | AZ2: Sisa Stok | BA2: Keterangan | BC2: Tgl | BD2: Masuk | BE2: Keluar | BF2: Sisa Stok | BG2: Keterangan | BI2: Tgl | BJ2: Masuk | BK2: Keluar | BL2: Sisa Stok | BM2: Keterangan | BO2: Tgl | BP2: Masuk | BQ2: Keluar | BR2: Sisa Stok | BS2: Keterangan | BU2: Tgl | BV2: Masuk | BW2: Keluar | BX2: Sisa Stok | BY2: Keterangan
D3: 207 | J3: 1500 | P3: =24*400 -> 9600 | V3: 4000 | AB3: =12*12000 -> 144000 | AH3: =35*5000 -> 175000 | AN3: 18 | AT3: 20 | AZ3: 80 | BL3: =105 -> 105 | BR3: 192 | BX3: 0
A4: 45658 | C4: 1 | D4: =D3+B4-C4 -> 206 | E4: U/TH | G4: 45660 | I4: 500 | J4: =J3+H4-I4 -> 1000 | K4: U/PARAKLAWEH | M4: 45658 | O4: 400 | P4: =P3+N4-O4 -> 9200 | Q4: U/TABING | S4: 45659 | U4: 1000 | V4: =V3+T4-U4 -> 3000 | W4: U/PASBAR | Y4: 45659 | Z4: =5*12000 -> 60000 | AB4: =AB3+Z4-AA4 -> 204000 | AC4: MASUK GUDANG | AE4: 45658 | AG4: 5000 | AH4: =AH3+AF4-AG4 -> 170000 | AI4: U/BELIBIS | AK4: 45658 | AM4: 1 | AN4: =AN3+AL4-AM4 -> 17 | AO4: U/LUBEG | AQ4: 45658 | AS4: 1 | AT4: =AT3+AR4-AS4 -> 19 | AU4: U/BELIBIS | AW4: 45658 | AZ4: =AZ3+AX4-AY4 -> 80 | BC4: 45658 | BF4: - | BI4: 45658 | BK4: 1 | BL4: =BL3+BJ4-BK4 -> 104 | BM4: U/BELIBIS | BO4: 45658 | BQ4: 5 | BR4: =BR3+BP4-BQ4 -> 187 | BS4: U/TAPLAU | BU4: 45658 | BV4: 60 | BX4: =BX3+BV4-BW4 -> 60 | BY4: MASUK GUDANG
A5: 45658 | C5: 1 | D5: =D4+B5-C5 -> 205 | E5: U/PARAKLAWEH | G5: 45660 | I5: 500 | J5: =J4+H5-I5 -> 500 | K5: U/BALAIBARU | M5: 45658 | O5: 400 | P5: =P4+N5-O5 -> 8800 | Q5: U/LUBAY | S5: 45660 | U5: 1000 | V5: =V4+T5-U5 -> 2000 | W5: U/ANDURING | Y5: 45658 | AA5: 12000 | AB5: =AB4+Z5-AA5 -> 192000 | AC5: U/AIRTAWAR | AD5: =101*12000 -> 1212000 | AE5: 45658 | AG5: 5000 | AH5: =AH4+AF5-AG5 -> 165000 | AI5: U/AIRTAWAR | AK5: 45658 | AM5: 1 | AN5: =AN4+AL5-AM5 -> 16 | AO5: U/BELIMBING | AQ5: 45658 | AS5: 1 | AT5: =AT4+AR5-AS5 -> 18 | AU5: U/TABING | AW5: 45658 | AY5: 2 | AZ5: =AZ4+AX5-AY5 -> 78 | BA5: U/TAPLAU | BC5: 45658 | BF5: 0 | BG5: U/TAPLAU | BI5: 45658 | BK5: 4 | BL5: =BL4+BJ5-BK5 -> 100 | BM5: U/KASANG | BO5: 45658 | BQ5: 5 | BR5: =BR4+BP5-BQ5 -> 182 | BS5: U/LUBAY | BU5: 45658 | BW5: 10 | BX5: =BX4+BV5-BW5 -> 50 | BY5: U/TAPLAU
A6: 45659 | C6: 1 | D6: =D5+B6-C6 -> 204 | E6: U/TAPLAU | G6: 45662 | I6: 500 | J6: =J5+H6-I6 -> 0 | K6: U/TC | M6: 45658 | O6: 400 | P6: =P5+N6-O6 -> 8400 | Q6: U/AIRPACAH | S6: 45660 | U6: 1000 | V6: =V5+T6-U6 -> 1000 | W6: U/BALAIBARU | Y6: 45658 | AA6: 12000 | AB6: =AB5+Z6-AA6 -> 180000 | AC6: U/CENDRAWASIH | AE6: 45658 | AG6: 5000 | AH6: =AH5+AF6-AG6 -> 160000 | AI6: U/PASBAR | AK6: 45659 | AM6: 1 | AN6: =AN5+AL6-AM6 -> 15 | AO6: U/TAPLAU | AQ6: 45658 | AS6: 1 | AT6: =AT5+AR6-AS6 -> 17 | AU6: U/LUBAY | AW6: 45658 | AY6: 2 | AZ6: =AZ5+AX6-AY6 -> 76 | BA6: U/JATI | BC6: 45658 | BF6: 0 | BG6: U/JATI | BI6: 45658 | BK6: 1 | BL6: =BL5+BJ6-BK6 -> 99 | BM6: U/TH | BO6: 45658 | BQ6: 10 | BR6: =BR5+BP6-BQ6 -> 172 | BS6: U/KASANG | BU6: 45658 | BX6: =BX5+BV6-BW6 -> 50 | BY6: U/JATI
A7: 45659 | C7: 1 | D7: =D6+B7-C7 -> 203 | E7: U/TABING | G7: 45668 | H7: =10*500 -> 5000 | J7: =J6+H7-I7 -> 5000 | K7: MASUK GUDANG | M7: 45658 | O7: 400 | P7: =P6+N7-O7 -> 8000 | Q7: U/TH | S7: 45661 | U7: 1000 | V7: =V6+T7-U7 -> 0 | W7: U/SEBPDG | Y7: 45658 | AA7: 12000 | AB7: =AB6+Z7-AA7 -> 168000 | AC7: U/AIRPACAH | AE7: 45658 | AG7: 5000 | AH7: =AH6+AF7-AG7 -> 155000 | AI7: U/AIRDINGIN | AK7: 45659 | AM7: 1 | AN7: =AN6+AL7-AM7 -> 14 | AO7: U/CENDRAWASIH | AQ7: 45658 | AS7: 2 | AT7: =AT6+AR7-AS7 -> 15 | AU7: U/KASANG | AW7: 45658 | AY7: 2 | AZ7: =AZ6+AX7-AY7 -> 74 | BA7: U/GP | BC7: 45658 | BF7: 0 | BG7: U/GP | BI7: 45658 | BK7: 1 | BL7: =BL6+BJ7-BK7 -> 98 | BM7: U/BANDARBUAT | BO7: 45658 | BQ7: 5 | BR7: =BR6+BP7-BQ7 -> 167 | BS7: U/TH | BU7: 45658 | BW7: 4 | BX7: =BX6+BV7-BW7 -> 46 | BY7: U/GP
A8: 45660 | C8: 1 | D8: =D7+B8-C8 -> 202 | E8: U/BELIBIS | G8: 45668 | I8: 500 | J8: =J7+H8-I8 -> 4500 | K8: U/TAPLAU | M8: 45658 | O8: 400 | P8: =P7+N8-O8 -> 7600 | Q8: U/PASBAR | S8: 45679 | T8: 30000 | U8: 1000 | V8: =V7+T8-U8 -> 29000 | W8: MASUK GUDANG | Y8: 45658 | AA8: 12000 | AB8: =AB7+Z8-AA8 -> 156000 | AC8: U/LUBUKLINTAH | AE8: 45659 | AG8: 5000 | AH8: =AH7+AF8-AG8 -> 150000 | AI8: U/SITEBA | AK8: 45659 | AM8: 1 | AN8: =AN7+AL8-AM8 -> 13 | AO8: U/PARAKLAWEH | AQ8: 45658 | AS8: 1 | AT8: =AT7+AR8-AS8 -> 14 | AU8: U/LUBUKLINTAH | AW8: 45658 | AY8: 2 | AZ8: =AZ7+AX8-AY8 -> 72 | BA8: U/AIRPACAH | BC8: 45658 | BF8: =BF7+BD8-BE8 -> 0 | BG8: U/AIRPACAH | BI8: 45658 | BK8: 1 | BL8: =BL7+BJ8-BK8 -> 97 | BM8: U/PASBAR | BO8: 45658 | BQ8: 5 | BR8: =BR7+BP8-BQ8 -> 162 | BS8: U/ANDURING | BU8: 45658 | BX8: =BX7+BV8-BW8 -> 46 | BY8: U/AIRPACAH
A9: 45660 | C9: 1 | D9: =D8+B9-C9 -> 201 | E9: U/LUBAY | G9: 45668 | I9: 500 | J9: =J8+H9-I9 -> 4000 | K9: U/AIRPACAH | M9: 45658 | O9: 400 | P9: =P8+N9-O9 -> 7200 | Q9: U/AIRDINGIN | S9: 45679 | U9: 1000 | V9: =V8+T9-U9 -> 28000 | W9: U/AIRDINGIN | Y9: 45658 | AA9: 12000 | AB9: =AB8+Z9-AA9 -> 144000 | AC9: U/SEBPDG | AE9: 45659 | AG9: 5000 | AH9: =AH8+AF9-AG9 -> 145000 | AI9: U/LUBAY | AK9: 45660 | AM9: 1 | AN9: =AN8+AL9-AM9 -> 12 | AO9: U/LUBAY | AQ9: 45658 | AS9: 1 | AT9: =AT8+AR9-AS9 -> 13 | AU9: U/LUBEG | AW9: 45658 | AY9: 3 | AZ9: =AZ8+AX9-AY9 -> 69 | BA9: U/TABING | BC9: 45658 | BF9: =BF8+BD9-BE9 -> 0 | BG9: U/TABING | BI9: 45658 | BK9: 1 | BL9: =BL8+BJ9-BK9 -> 96 | BM9: U/AIRDINGIN | BO9: 45658 | BQ9: 5 | BR9: =BR8+BP9-BQ9 -> 157 | BS9: U/RAWANG | BU9: 45658 | BX9: =BX8+BV9-BW9 -> 46 | BY9: U/TABING
A10: 45660 | C10: 2 | D10: =D9+B10-C10 -> 199 | E10: U/KASANG | G10: 45668 | I10: 500 | J10: =J9+H10-I10 -> 3500 | K10: U/KASANG | M10: 45658 | O10: 400 | P10: =P9+N10-O10 -> 6800 | Q10: U/BALAIBARU | S10: 45680 | U10: 1000 | V10: =V9+T10-U10 -> 27000 | W10: U/JATI | Y10: 45658 | AA10: 12000 | AB10: =AB9+Z10-AA10 -> 132000 | AC10: U/AIRDINGIN | AE10: 45659 | AG10: 5000 | AH10: =AH9+AF10-AG10 -> 140000 | AI10: U/TABING | AK10: 45661 | AM10: 1 | AN10: =AN9+AL10-AM10 -> 11 | AO10: U/ANDURING | AQ10: 45658 | AS10: 1 | AT10: =AT9+AR10-AS10 -> 12 | AU10: U/PARAKLAWEH | AW10: 45658 | AY10: 4 | AZ10: =AZ9+AX10-AY10 -> 65 | BA10: U/LUBAY | BC10: 45658 | BF10: =BF9+BD10-BE10 -> 0 | BG10: U/LUBAY | BI10: 45659 | BK10: 1 | BL10: =BL9+BJ10-BK10 -> 95 | BM10: U/BELIMBING | BO10: 45658 | BQ10: 5 | BR10: =BR9+BP10-BQ10 -> 152 | BS10: U/BALAIBARU | BU10: 45658 | BX10: =BX9+BV10-BW10 -> 46 | BY10: U/LUBAY
A11: 45660 | C11: 1 | D11: =D10+B11-C11 -> 198 | E11: U/SEBPDG | G11: 45670 | I11: 500 | J11: =J10+H11-I11 -> 3000 | K11: U/PARAKLAWEH | M11: 45659 | O11: 400 | P11: =P10+N11-O11 -> 6400 | Q11: U/LUBEG | S11: 45680 | U11: 1000 | V11: =V10+T11-U11 -> 26000 | W11: U/GP | Y11: 45658 | AA11: 12000 | AB11: =AB10+Z11-AA11 -> 120000 | AC11: U/BALAIBARU | AE11: 45659 | AG11: 5000 | AH11: =AH10+AF11-AG11 -> 135000 | AI11: U/SEBPDG | AK11: 45662 | AM11: 2 | AN11: =AN10+AL11-AM11 -> 9 | AO11: U/KASANG | AQ11: 45658 | AS11: 1 | AT11: =AT10+AR11-AS11 -> 11 | AU11: U/SEBPDG | AW11: 45658 | AY11: 2 | AZ11: =AZ10+AX11-AY11 -> 63 | BA11: U/TH | BC11: 45658 | BF11: =BF10+BD11-BE11 -> 0 | BG11: U/TH | BI11: 45659 | BK11: 1 | BL11: =BL10+BJ11-BK11 -> 94 | BM11: U/SITEBA | BO11: 45659 | BQ11: 5 | BR11: =BR10+BP11-BQ11 -> 147 | BS11: U/AIRDINGIN | BU11: 45658 | BW11: 4 | BX11: =BX10+BV11-BW11 -> 42 | BY11: U/TH
A12: 45660 | C12: 1 | D12: =D11+B12-C12 -> 197 | E12: U/PASBAR | G12: 45672 | I12: 1000 | J12: =J11+H12-I12 -> 2000 | K12: U/LUBUKALUNG | M12: 45660 | O12: 400 | P12: =P11+N12-O12 -> 6000 | Q12: U/TAPLAU | S12: 45680 | U12: 1000 | V12: =V11+T12-U12 -> 25000 | W12: U/BELIBIS | Y12: 45658 | AA12: 12000 | AB12: =AB11+Z12-AA12 -> 108000 | AC12: U/SITEBA | AE12: 45659 | AG12: 5000 | AH12: =AH11+AF12-AG12 -> 130000 | AI12: U/CENDRAWASIH | AK12: 45663 | AM12: 1 | AN12: =AN11+AL12-AM12 -> 8 | AO12: U/JATI | AQ12: 45658 | AS12: 1 | AT12: =AT11+AR12-AS12 -> 10 | AU12: U/RAWANG | AW12: 45658 | AY12: 1 | AZ12: =AZ11+AX12-AY12 -> 62 | BA12: U/CENDRAWASIH | BC12: 45658 | BF12: =BF11+BD12-BE12 -> 0 | BG12: U/CENDRAWASIH | BI12: 45659 | BK12: 1 | BL12: =BL11+BJ12-BK12 -> 93 | BM12: U/TAPLAU | BO12: 45659 | BQ12: 5 | BR12: =BR11+BP12-BQ12 -> 142 | BS12: U/TABING | BU12: 45658 | BW12: 4 | BX12: =BX11+BV12-BW12 -> 38 | BY12: U/CENDRAWASIH
A13: 45660 | C13: 1 | D13: =D12+B13-C13 -> 196 | E13: U/AIRDINGIN | G13: 45674 | I13: 500 | J13: =J12+H13-I13 -> 1500 | K13: U/GP | M13: 45660 | O13: 400 | P13: =P12+N13-O13 -> 5600 | Q13: U/BELIMBING | S13: 45680 | U13: 1000 | V13: =V12+T13-U13 -> 24000 | W13: U/AIRTAWAR | Y13: 45659 | AA13: 12000 | AB13: =AB12+Z13-AA13 -> 96000 | AC13: U/BELIMBING | AE13: 45659 | AG13: 10000 | AH13: =AH12+AF13-AG13 -> 120000 | AI13: U/BUNGUS | AK13: 45663 | AM13: 1 | AN13: =AN12+AL13-AM13 -> 7 | AO13: U/AIRPACAH | AQ13: 45658 | AS13: 1 | AT13: =AT12+AR13-AS13 -> 9 | AU13: U/PASBAR | AW13: 45658 | AY13: 1 | AZ13: =AZ12+AX13-AY13 -> 61 | BA13: U/BELIBIS | BC13: 45658 | BF13: =BF12+BD13-BE13 -> 0 | BG13: U/BELIBIS | BI13: 45659 | BK13: 1 | BL13: =BL12+BJ13-BK13 -> 92 | BM13: U/GP | BO13: 45659 | BQ13: 5 | BR13: =BR12+BP13-BQ13 -> 137 | BS13: U/CENDRAWASIH | BU13: 45658 | BW13: 6 | BX13: =BX12+BV13-BW13 -> 32 | BY13: U/BELIBIS
A14: 45660 | C14: 1 | D14: =D13+B14-C14 -> 195 | E14: U/SITEBA | G14: 45675 | I14: 500 | J14: =J13+H14-I14 -> 1000 | K14: U/ANDURING | M14: 45661 | O14: 400 | P14: =P13+N14-O14 -> 5200 | Q14: U/GP | S14: 45680 | U14: 1000 | V14: =V13+T14-U14 -> 23000 | W14: U/CENDRAWASIH | Y14: 45659 | AA14: 12000 | AB14: =AB13+Z14-AA14 -> 84000 | AC14: U/LUBAY | AE14: 45659 | AG14: 5000 | AH14: =AH13+AF14-AG14 -> 115000 | AI14: U/ANDURING | AK14: 45664 | AL14: 30 | AN14: =AN13+AL14-AM14 -> 37 | AO14: MASUK GUDANG | AQ14: 45658 | AS14: 1 | AT14: =AT13+AR14-AS14 -> 8 | AU14: U/BELIMBING | AW14: 45658 | AY14: 1 | AZ14: =AZ13+AX14-AY14 -> 60 | BA14: U/AIRTAWAR | BC14: 45658 | BF14: =BF13+BD14-BE14 -> 0 | BG14: U/AIRTAWAR | BI14: 45659 | BK14: 1 | BL14: =BL13+BJ14-BK14 -> 91 | BM14: U/AIRPACAH | BO14: 45659 | BQ14: 5 | BR14: =BR13+BP14-BQ14 -> 132 | BS14: U/SEBPDG | BU14: 45658 | BW14: 3 | BX14: =BX13+BV14-BW14 -> 29 | BY14: U/AIRTAWAR
A15: 45661 | C15: 1 | D15: =D14+B15-C15 -> 194 | E15: U/JATI | G15: 45678 | I15: 500 | J15: =J14+H15-I15 -> 500 | K15: U/PASBAR | M15: 45663 | O15: 400 | P15: =P14+N15-O15 -> 4800 | Q15: U/PARAKLAWEH | S15: 45680 | U15: 1000 | V15: =V14+T15-U15 -> 22000 | W15: U/TH | Y15: 45659 | AA15: 12000 | AB15: =AB14+Z15-AA15 -> 72000 | AC15: U/PASBAR | AE15: 45660 | AG15: 5000 | AH15: =AH14+AF15-AG15 -> 110000 | AI15: U/GP | AK15: 45664 | AM15: 1 | AN15: =AN14+AL15-AM15 -> 36 | AO15: RUSAK | AQ15: 45658 | AS15: 1 | AT15: =AT14+AR15-AS15 -> 7 | AU15: U/AIRDINGIN | AW15: 45658 | AY15: 0 | AZ15: =AZ14+AX15-AY15 -> 60 | BA15: U/KASANG | BC15: 45658 | BF15: =BF14+BD15-BE15 -> 0 | BG15: U/KASANG | BI15: 45659 | BK15: 2 | BL15: =BL14+BJ15-BK15 -> 89 | BM15: U/LUBAY | BO15: 45659 | BQ15: 5 | BR15: =BR14+BP15-BQ15 -> 127 | BS15: U/LUBUKLINTAH | BU15: 45658 | BX15: =BX14+BV15-BW15 -> 29 | BY15: U/KASANG
A16: 45661 | C16: 1 | D16: =D15+B16-C16 -> 193 | E16: U/GP | G16: 45687 | H16: 5000 | J16: =J15+H16-I16 -> 5500 | K16: MASUK GUDANG | M16: 45665 | O16: 400 | P16: =P15+N16-O16 -> 4400 | Q16: U/TABING | S16: 45680 | U16: 1000 | V16: =V15+T16-U16 -> 21000 | W16: U/AIRPACAH | Y16: 45659 | AA16: 12000 | AB16: =AB15+Z16-AA16 -> 60000 | AC16: U/BANDARBUAT | AE16: 45660 | AG16: 5000 | AH16: =AH15+AF16-AG16 -> 105000 | AI16: U/TH | AK16: 45664 | AM16: 1 | AN16: =AN15+AL16-AM16 -> 35 | AO16: U/BALAIBARU | AQ16: 45659 | AS16: 1 | AT16: =AT15+AR16-AS16 -> 6 | AU16: U/BANDARBUAT | AW16: 45658 | AY16: 1 | AZ16: =AZ15+AX16-AY16 -> 59 | BA16: U/LUBUKLINTAH | BC16: 45658 | BF16: =BF15+BD16-BE16 -> 0 | BG16: U/LUBUKLINTAH | BI16: 45659 | BK16: 1 | BL16: =BL15+BJ16-BK16 -> 88 | BM16: U/TABING | BO16: 45660 | BQ16: 5 | BR16: =BR15+BP16-BQ16 -> 122 | BS16: U/JATI | BU16: 45658 | BX16: =BX15+BV16-BW16 -> 29 | BY16: U/LUBUKLINTAH
A17: 45661 | C17: 1 | D17: =D16+B17-C17 -> 192 | E17: U/PARAKLAWEH | G17: 45687 | I17: 500 | J17: =J16+H17-I17 -> 5000 | K17: U/SITEBA | M17: 45665 | O17: 400 | P17: =P16+N17-O17 -> 4000 | Q17: U/ANDURING | S17: 45680 | U17: 1000 | V17: =V16+T17-U17 -> 20000 | W17: U/LUBAY | Y17: 45659 | AA17: 24000 | AB17: =AB16+Z17-AA17 -> 36000 | AC17: U/BUNGUS | AE17: 45660 | AG17: 5000 | AH17: =AH16+AF17-AG17 -> 100000 | AI17: U/LUBUKLINTAH | AK17: 45664 | AM17: 1 | AN17: =AN16+AL17-AM17 -> 34 | AO17: U/GP | AQ17: 45659 | AS17: 1 | AT17: =AT16+AR17-AS17 -> 5 | AU17: U/ANDURING | AW17: 45658 | AY17: 2 | AZ17: =AZ16+AX17-AY17 -> 57 | BA17: U/ANDURING | BC17: 45658 | BF17: =BF16+BD17-BE17 -> 0 | BG17: U/ANDURING | BI17: 45659 | BK17: 1 | BL17: =BL16+BJ17-BK17 -> 87 | BM17: U/CENDRAWASIH | BO17: 45660 | BQ17: 5 | BR17: =BR16+BP17-BQ17 -> 117 | BS17: U/GP | BU17: 45658 | BX17: =BX16+BV17-BW17 -> 29 | BY17: U/ANDURING
A18: 45661 | C18: 1 | D18: =D17+B18-C18 -> 191 | E18: U/BANDARBUAT | G18: 45687 | I18: 500 | J18: =J17+H18-I18 -> 4500 | K18: U/BUNGUS | M18: 45665 | O18: 400 | P18: =P17+N18-O18 -> 3600 | Q18: U/SEBPDG | S18: 45680 | U18: 1000 | V18: =V17+T18-U18 -> 19000 | W18: U/LUBUKLINTAH | Y18: 45659 | AA18: 12000 | AB18: =AB17+Z18-AA18 -> 24000 | AC18: U/PARAKLAWEH | AE18: 45660 | AG18: 5000 | AH18: =AH17+AF18-AG18 -> 95000 | AI18: U/LUBEG | AK18: 45665 | AM18: 1 | AN18: =AN17+AL18-AM18 -> 33 | AO18: U/TC | AQ18: 45660 | AS18: 1 | AT18: =AT17+AR18-AS18 -> 4 | AU18: U/AIRPACAH | AW18: 45658 | AY18: 1 | AZ18: =AZ17+AX18-AY18 -> 56 | BA18: U/LUBEG | BC18: 45658 | BF18: =BF17+BD18-BE18 -> 0 | BG18: U/LUBEG | BI18: 45659 | BK18: 1 | BL18: =BL17+BJ18-BK18 -> 86 | BM18: U/BANDARBUAT | BO18: 45660 | BQ18: 5 | BR18: =BR17+BP18-BQ18 -> 112 | BS18: U/BELIBIS | BU18: 45658 | BX18: =BX17+BV18-BW18 -> 29 | BY18: U/LUBEG
A19: 45661 | C19: 1 | D19: =D18+B19-C19 -> 190 | E19: U/BALAIBARU | G19: 45686 | I19: 1000 | J19: =J18+H19-I19 -> 3500 | K19: U/KURAITAJI | M19: 45666 | O19: 400 | P19: =P18+N19-O19 -> 3200 | Q19: U/LUBUKLINTAH | S19: 45680 | U19: 1000 | V19: =V18+T19-U19 -> 18000 | W19: U/LUBEG | Y19: 45660 | Z19: =5*12000 -> 60000 | AB19: =AB18+Z19-AA19 -> 84000 | AC19: MASUK GUDANG | AE19: 45660 | AG19: 5000 | AH19: =AH18+AF19-AG19 -> 90000 | AI19: U/RAWANG | AK19: 45665 | AM19: 1 | AN19: =AN18+AL19-AM19 -> 32 | AO19: U/AIRDINGIN | AQ19: 45660 | AS19: 1 | AT19: =AT18+AR19-AS19 -> 3 | AU19: U/TABING | AW19: 45658 | AY19: 2 | AZ19: =AZ18+AX19-AY19 -> 54 | BA19: U/PARAKLAWEH | BC19: 45658 | BF19: =BF18+BD19-BE19 -> 0 | BG19: U/PARAKLAWEH | BI19: 45659 | BK19: 1 | BL19: =BL18+BJ19-BK19 -> 85 | BM19: U/PASBAR | BO19: 45660 | BQ19: 5 | BR19: =BR18+BP19-BQ19 -> 107 | BS19: U/AIRPACAH | BU19: 45658 | BX19: =BX18+BV19-BW19 -> 29 | BY19: U/PARAKLAWEH
A20: 45662 | C20: 1 | D20: =D19+B20-C20 -> 189 | E20: U/LUBUKLINTAH | G20: 45688 | I20: 500 | J20: =J19+H20-I20 -> 3000 | K20: U/RAWANG | M20: 45666 | O20: 400 | P20: =P19+N20-O20 -> 2800 | Q20: U/BUNGUS | S20: 45680 | U20: 1000 | V20: =V19+T20-U20 -> 17000 | W20: U/PARAKLAWEH | Y20: 45660 | AA20: 12000 | AB20: =AB19+Z20-AA20 -> 72000 | AC20: U/TABING | AE20: 45660 | AG20: 5000 | AH20: =AH19+AF20-AG20 -> 85000 | AI20: U/BANDARBUAT | AK20: 45666 | AM20: 1 | AN20: =AN19+AL20-AM20 -> 31 | AO20: U/LUBUKLINTAH | AQ20: 45660 | AS20: 1 | AT20: =AT19+AR20-AS20 -> 2 | AU20: U/PASBAR | AW20: 45658 | AY20: 2 | AZ20: =AZ19+AX20-AY20 -> 52 | BA20: U/SEBPDG | BC20: 45658 | BF20: =BF19+BD20-BE20 -> 0 | BG20: U/SEBPDG | BI20: 45659 | BK20: 1 | BL20: =BL19+BJ20-BK20 -> 84 | BM20: U/SEBPDG | BO20: 45660 | BQ20: 5 | BR20: =BR19+BP20-BQ20 -> 102 | BS20: U/KASANG | BU20: 45658 | BX20: =BX19+BV20-BW20 -> 29 | BY20: U/SEBPDG
A21: 45662 | C21: 1 | D21: =D20+B21-C21 -> 188 | E21: U/ANDURING | J21: =J20+H21-I21 -> 3000 | M21: 45666 | O21: 400 | P21: =P20+N21-O21 -> 2400 | Q21: U/LUBAY | S21: 45680 | U21: 1000 | V21: =V20+T21-U21 -> 16000 | W21: U/RAWANG | Y21: 45660 | AA21: 12000 | AB21: =AB20+Z21-AA21 -> 60000 | AC21: U/KASANG | AE21: 45660 | AG21: 5000 | AH21: =AH20+AF21-AG21 -> 80000 | AI21: U/BALAIBARU | AK21: 45666 | AM21: 1 | AN21: =AN20+AL21-AM21 -> 30 | AO21: U/SITEBA | AQ21: 45660 | AS21: 1 | AT21: =AT20+AR21-AS21 -> 1 | AU21: U/SITEBA | AW21: 45658 | AY21: 2 | AZ21: =AZ20+AX21-AY21 -> 50 | BA21: U/RAWANG | BC21: 45658 | BF21: =BF20+BD21-BE21 -> 0 | BG21: U/RAWANG | BI21: 45659 | BK21: 1 | BL21: =BL20+BJ21-BK21 -> 83 | BM21: U/RAWANG | BO21: 45660 | BQ21: 5 | BR21: =BR20+BP21-BQ21 -> 97 | BS21: U/LUBEG | BU21: 45658 | BW21: 6 | BX21: =BX20+BV21-BW21 -> 23 | BY21: U/RAWANG
A22: 45662 | C22: 1 | D22: =D21+B22-C22 -> 187 | E22: U/PASBAR | J22: =J21+H22-I22 -> 3000 | M22: 45666 | O22: 800 | P22: =P21+N22-O22 -> 1600 | Q22: U/KASANG | S22: 45680 | U22: 1000 | V22: =V21+T22-U22 -> 15000 | W22: U/BANDARBUAT | Y22: 45660 | AA22: 12000 | AB22: =AB21+Z22-AA22 -> 48000 | AC22: U/LUBEG | AE22: 45661 | AG22: 5000 | AH22: =AH21+AF22-AG22 -> 75000 | AI22: U/JATI | AK22: 45669 | AM22: 1 | AN22: =AN21+AL22-AM22 -> 29 | AO22: U/BANDARBUAT | AQ22: 45661 | AS22: 1 | AT22: =AT21+AR22-AS22 -> 0 | AU22: U/GP | AW22: 45658 | AY22: 2 | AZ22: =AZ21+AX22-AY22 -> 48 | BA22: U/BANDARBUAT | BC22: 45658 | BF22: =BF21+BD22-BE22 -> 0 | BG22: U/BANDARBUAT | BI22: 45659 | BK22: 4 | BL22: =BL21+BJ22-BK22 -> 79 | BM22: U/BUNGUS | BO22: 45660 | BQ22: 5 | BR22: =BR21+BP22-BQ22 -> 92 | BS22: U/BANDARBUAT | BU22: 45658 | BX22: =BX21+BV22-BW22 -> 23 | BY22: U/BANDARBUAT
A23: 45662 | C23: 1 | D23: =D22+B23-C23 -> 186 | E23: U/BELIMBING | J23: =J22+H23-I23 -> 3000 | M23: 45667 | O23: 400 | P23: =P22+N23-O23 -> 1200 | Q23: U/AIRPACAH | S23: 45680 | U23: 1000 | V23: =V22+T23-U23 -> 14000 | W23: U/KASANG | Y23: 45661 | Z23: =5*12000 -> 60000 | AB23: =AB22+Z23-AA23 -> 108000 | AC23: MASUK GUDANG | AE23: 45661 | AG23: 5000 | AH23: =AH22+AF23-AG23 -> 70000 | AI23: U/AIRPACAH | AK23: 45669 | AM23: 1 | AN23: =AN22+AL23-AM23 -> 28 | AO23: U/BUNGUS | AQ23: 45662 | AR23: 2 | AT23: =AT22+AR23-AS23 -> 2 | AU23: PEMBAYARAN 3 JANUARI | AW23: 45658 | AY23: 3 | AZ23: =AZ22+AX23-AY23 -> 45 | BA23: U/PASBAR | BC23: 45658 | BF23: =BF22+BD23-BE23 -> 0 | BG23: U/PASBAR | BI23: 45659 | BK23: 1 | BL23: =BL22+BJ23-BK23 -> 78 | BM23: U/ANDURING | BO23: 45660 | BQ23: 5 | BR23: =BR22+BP23-BQ23 -> 87 | BS23: U/PASBAR | BU23: 45658 | BW23: 7 | BX23: =BX22+BV23-BW23 -> 16 | BY23: U/PASBAR
A24: 45662 | C24: 2 | D24: =D23+B24-C24 -> 184 | E24: U/BUNGUS | J24: =J23+H24-I24 -> 3000 | M24: 45667 | O24: 400 | P24: =P23+N24-O24 -> 800 | Q24: U/LUBEG | S24: 45680 | U24: 1000 | V24: =V23+T24-U24 -> 13000 | W24: U/BUNGUS | Y24: 45661 | AA24: 12000 | AB24: =AB23+Z24-AA24 -> 96000 | AC24: U/LUBAY | AE24: 45661 | AG24: 5000 | AH24: =AH23+AF24-AG24 -> 65000 | AI24: U/LUBAY | AK24: 45670 | AM24: 1 | AN24: =AN23+AL24-AM24 -> 27 | AO24: U/AIRTAWAR | AQ24: 45662 | AS24: 1 | AT24: =AT23+AR24-AS24 -> 1 | AU24: U/BUNGUS | AW24: 45658 | AY24: 2 | AZ24: =AZ23+AX24-AY24 -> 43 | BA24: U/BELIMBING | BC24: 45658 | BF24: =BF23+BD24-BE24 -> 0 | BG24: U/BELIMBING | BI24: 45659 | BK24: 1 | BL24: =BL23+BJ24-BK24 -> 77 | BM24: U/LUBEG | BO24: 45661 | BQ24: 5 | BR24: =BR23+BP24-BQ24 -> 82 | BS24: U/TAPLAU | BU24: 45658 | BX24: =BX23+BV24-BW24 -> 16 | BY24: U/BELIMBING
A25: 45662 | C25: 1 | D25: =D24+B25-C25 -> 183 | E25: U/LUBAY | J25: =J24+H25-I25 -> 3000 | M25: 45668 | O25: 400 | P25: =P24+N25-O25 -> 400 | Q25: U/JATI | S25: 45681 | U25: 1000 | V25: =V24+T25-U25 -> 12000 | W25: U/JATI | Y25: 45661 | AA25: 12000 | AB25: =AB24+Z25-AA25 -> 84000 | AC25: U/ANDURING | AE25: 45661 | AG25: 5000 | AH25: =AH24+AF25-AG25 -> 60000 | AI25: U/PARAKLAWEH | AK25: 45671 | AM25: 1 | AN25: =AN24+AL25-AM25 -> 26 | AO25: U/PASBAR | AQ25: 45672 | AR25: 40 | AT25: =AT24+AR25-AS25 -> 41 | AU25: MASUK GUDANG | AW25: 45658 | AY25: 3 | AZ25: =AZ24+AX25-AY25 -> 40 | BA25: U/AIRDINGIN | BC25: 45658 | BF25: =BF24+BD25-BE25 -> 0 | BG25: U/AIRDINGIN | BI25: 45659 | BK25: 1 | BL25: =BL24+BJ25-BK25 -> 76 | BM25: U/PARAKLAWEH | BO25: 45661 | BQ25: 5 | BR25: =BR24+BP25-BQ25 -> 77 | BS25: U/LUBAY | BU25: 45658 | BX25: =BX24+BV25-BW25 -> 16 | BY25: U/AIRDINGIN
A26: 45662 | C26: 1 | D26: =D25+B26-C26 -> 182 | E26: U/AIRPACAH | J26: =J25+H26-I26 -> 3000 | M26: 45668 | O26: 400 | P26: =P25+N26-O26 -> 0 | Q26: U/SITEBA | S26: 45681 | U26: 1000 | V26: =V25+T26-U26 -> 11000 | W26: U/AIRTAWAR | Y26: 45661 | AA26: 12000 | AB26: =AB25+Z26-AA26 -> 72000 | AC26: U/AIRDINGIN | AE26: 45661 | AG26: 5000 | AH26: =AH25+AF26-AG26 -> 55000 | AI26: U/PASBAR | AK26: 45672 | AM26: 2 | AN26: =AN25+AL26-AM26 -> 24 | AO26: U/LUBUKALUNG | AQ26: 45672 | AS26: 2 | AT26: =AT25+AR26-AS26 -> 39 | AU26: U/LUBUKALUNG | AW26: 45658 | AY26: 2 | AZ26: =AZ25+AX26-AY26 -> 38 | BA26: U/BALAIBARU | BC26: 45658 | BF26: =BF25+BD26-BE26 -> 0 | BG26: U/BALAIBARU | BI26: 45660 | BK26: 1 | BL26: =BL25+BJ26-BK26 -> 75 | BM26: U/TABING | BO26: 45661 | BQ26: 5 | BR26: =BR25+BP26-BQ26 -> 72 | BS26: U/PARAKLAWEH | BU26: 45658 | BX26: =BX25+BV26-BW26 -> 16 | BY26: U/BALAIBARU
A27: 45663 | C27: 1 | D27: =D26+B27-C27 -> 181 | E27: U/TAPLAU | J27: =J26+H27-I27 -> 3000 | M27: 45672 | N27: =36*400 -> 14400 | P27: =P26+N27-O27 -> 14400 | Q27: MASUK GUDANG | S27: 45681 | U27: 1000 | V27: =V26+T27-U27 -> 10000 | W27: U/CENDRAWASIH | Y27: 45662 | AA27: 12000 | AB27: =AB26+Z27-AA27 -> 60000 | AC27: U/SITEBA | AE27: 45662 | AG27: 5000 | AH27: =AH26+AF27-AG27 -> 50000 | AI27: U/BELIMBING | AK27: 45672 | AM27: 1 | AN27: =AN26+AL27-AM27 -> 23 | AO27: U/TABING | AQ27: 45673 | AS27: 1 | AT27: =AT26+AR27-AS27 -> 38 | AU27: U/PARAKLAWEH | AW27: 45658 | AY27: 2 | AZ27: =AZ26+AX27-AY27 -> 36 | BA27: U/SITEBA | BC27: 45658 | BF27: =BF26+BD27-BE27 -> 0 | BG27: U/SITEBA | BI27: 45660 | BK27: 1 | BL27: =BL26+BJ27-BK27 -> 74 | BM27: U/ANDURING | BO27: 45661 | BQ27: 5 | BR27: =BR26+BP27-BQ27 -> 67 | BS27: U/SITEBA | BU27: 45658 | BX27: =BX26+BV27-BW27 -> 16 | BY27: U/SITEBA
A28: 45663 | C28: 1 | D28: =D27+B28-C28 -> 180 | E28: U/TABING | J28: =J27+H28-I28 -> 3000 | M28: 45672 | O28: 800 | P28: =P27+N28-O28 -> 13600 | Q28: U/LUBUKALUNG | S28: 45681 | U28: 1000 | V28: =V27+T28-U28 -> 9000 | W28: U/TH | Y28: 45662 | AA28: 12000 | AB28: =AB27+Z28-AA28 -> 48000 | AC28: U/JATI | AE28: 45662 | AG28: 5000 | AH28: =AH27+AF28-AG28 -> 45000 | AI28: U/TAPLAU | AK28: 45672 | AM28: 1 | AN28: =AN27+AL28-AM28 -> 22 | AO28: U/PARAKLAWEH | AQ28: 45673 | AS28: 1 | AT28: =AT27+AR28-AS28 -> 37 | AU28: U/ANDURING | AW28: 45658 | AY28: 0 | AZ28: =AZ27+AX28-AY28 -> 36 | BA28: U/BUNGUS | BC28: 45658 | BF28: =BF27+BD28-BE28 -> 0 | BG28: U/BUNGUS | BI28: 45660 | BK28: 1 | BL28: =BL27+BJ28-BK28 -> 73 | BM28: U/SEBPDG | BO28: 45662 | BQ28: 5 | BR28: =BR27+BP28-BQ28 -> 62 | BS28: U/LUBEG | BU28: 45658 | BX28: =BX27+BV28-BW28 -> 16 | BY28: U/BUNGUS
A29: 45663 | C29: 1 | D29: =D28+B29-C29 -> 179 | E29: U/RAWANG | J29: =J28+H29-I29 -> 3000 | M29: 45673 | O29: 400 | P29: =P28+N29-O29 -> 13200 | Q29: U/PASBAR | S29: 45681 | U29: 1000 | V29: =V28+T29-U29 -> 8000 | W29: U/TABING | Y29: 45662 | AA29: 12000 | AB29: =AB28+Z29-AA29 -> 36000 | AC29: U/GP | AE29: 45662 | AG29: 5000 | AH29: =AH28+AF29-AG29 -> 40000 | AI29: U/TABING | AK29: 45672 | AM29: 1 | AN29: =AN28+AL29-AM29 -> 21 | AO29: U/SEBPDG | AQ29: 45673 | AS29: 1 | AT29: =AT28+AR29-AS29 -> 36 | AU29: U/LUBEG | AW29: 45658 | AY29: 0 | AZ29: =AZ28+AX29-AY29 -> 36 | BA29: U/TC | BC29: 45658 | BF29: =BF28+BD29-BE29 -> 0 | BG29: U/TC | BI29: 45660 | BK29: 1 | BL29: =BL28+BJ29-BK29 -> 72 | BM29: U/AIRDINGIN | BO29: 45662 | BQ29: 5 | BR29: =BR28+BP29-BQ29 -> 57 | BS29: U/SEBPDG | BU29: 45659 | BV29: 45 | BX29: =BX28+BV29-BW29 -> 61 | BY29: MASUK GUDANG
A30: 45664 | C30: 1 | D30: =D29+B30-C30 -> 178 | E30: U/SEBPDG | J30: =J29+H30-I30 -> 3000 | M30: 45673 | O30: 400 | P30: =P29+N30-O30 -> 12800 | Q30: U/BALAIBARU | S30: 45682 | U30: 1000 | V30: =V29+T30-U30 -> 7000 | W30: U/LUBUKLINTAH | Y30: 45663 | Z30: =5*12000 -> 60000 | AB30: =AB29+Z30-AA30 -> 96000 | AC30: MASUK GUDANG | AE30: 45662 | AF30: =30*5000 -> 150000 | AG30: 5000 | AH30: =AH29+AF30-AG30 -> 185000 | AI30: PEMBAYARAN 3 JANUARI | AK30: 45674 | AM30: 1 | AN30: =AN29+AL30-AM30 -> 20 | AO30: U/CENDRAWASIH | AQ30: 45673 | AS30: 1 | AT30: =AT29+AR30-AS30 -> 35 | AU30: U/SEBPDG | AW30: 45659 | AX30: 65 | AZ30: =AZ29+AX30-AY30 -> 101 | BA30: MASUK GUDANG | BC30: 45659 | BF30: =BF29+BD30-BE30 -> 0 | BG30: MASUK GUDANG | BI30: 45660 | BK30: 1 | BL30: =BL29+BJ30-BK30 -> 71 | BM30: U/SITEBA | BO30: 45662 | BQ30: 5 | BR30: =BR29+BP30-BQ30 -> 52 | BS30: U/TABING | BU30: 45659 | BW30: 5 | BX30: =BX29+BV30-BW30 -> 56 | BY30: U/TAPLAU
A31: 45664 | C31: 1 | D31: =D30+B31-C31 -> 177 | E31: U/BANDARBUAT | J31: =J30+H31-I31 -> 3000 | M31: 45674 | O31: 400 | P31: =P30+N31-O31 -> 12400 | Q31: U/BANDARBUAT | S31: 45682 | U31: 1000 | V31: =V30+T31-U31 -> 6000 | W31: U/JATI | Y31: 45663 | AA31: 12000 | AB31: =AB30+Z31-AA31 -> 84000 | AC31: U/AIRPACAH | AE31: 45663 | AG31: 5000 | AH31: =AH30+AF31-AG31 -> 180000 | AI31: U/LUBAY | AK31: 45675 | AM31: 1 | AN31: =AN30+AL31-AM31 -> 19 | AO31: U/LUBAY | AQ31: 45673 | AS31: 1 | AT31: =AT30+AR31-AS31 -> 34 | AU31: U/RAWANG | AW31: 45659 | AY31: 3 | AZ31: =AZ30+AX31-AY31 -> 98 | BA31: U/TAPLAU | BC31: 45659 | BF31: =BF30+BD31-BE31 -> 0 | BG31: U/TAPLAU | BI31: 45661 | BK31: 1 | BL31: =BL30+BJ31-BK31 -> 70 | BM31: U/TAPLAU | BO31: 45662 | BP31: 144 | BR31: =BR30+BP31-BQ31 -> 196 | BS31: PEMBAYARAN 3 JANUARI | BU31: 45659 | BW31: 5 | BX31: =BX30+BV31-BW31 -> 51 | BY31: U/JATI
A32: 45664 | C32: 1 | D32: =D31+B32-C32 -> 176 | E32: U/JATI | J32: =J31+H32-I32 -> 3000 | M32: 45676 | O32: 400 | P32: =P31+N32-O32 -> 12000 | Q32: U/TABING | S32: 45683 | U32: 1000 | V32: =V31+T32-U32 -> 5000 | W32: U/LUBUKALUNG | Y32: 45663 | AA32: 12000 | AB32: =AB31+Z32-AA32 -> 72000 | AC32: U/SEBPDG | AE32: 45663 | AG32: 5000 | AH32: =AH31+AF32-AG32 -> 175000 | AI32: U/LUBEG | AK32: 45676 | AM32: 1 | AN32: =AN31+AL32-AM32 -> 18 | AO32: U/ANDURING | AQ32: 45673 | AS32: 1 | AT32: =AT31+AR32-AS32 -> 33 | AU32: U/BANDARBUAT | AW32: 45659 | AY32: 3 | AZ32: =AZ31+AX32-AY32 -> 95 | BA32: U/JATI | BC32: 45659 | BF32: =BF31+BD32-BE32 -> 0 | BG32: U/JATI | BI32: 45661 | BK32: 1 | BL32: =BL31+BJ32-BK32 -> 69 | BM32: U/JATI | BO32: 45663 | BQ32: 5 | BR32: =BR31+BP32-BQ32 -> 191 | BS32: U/TABING | BU32: 45659 | BX32: =BX31+BV32-BW32 -> 51 | BY32: U/GP
A33: 45664 | C33: 1 | D33: =D32+B33-C33 -> 175 | E33: U/AIRTAWAR | J33: =J32+H33-I33 -> 3000 | M33: 45676 | O33: 400 | P33: =P32+N33-O33 -> 11600 | Q33: U/TH | S33: 45684 | U33: 1000 | V33: =V32+T33-U33 -> 4000 | W33: U/BALAIBARU | Y33: 45663 | AA33: 12000 | AB33: =AB32+Z33-AA33 -> 60000 | AC33: U/RAWANG | AE33: 45663 | AG33: 5000 | AH33: =AH32+AF33-AG33 -> 170000 | AI33: U/SEBPDG | AK33: 45677 | AM33: 1 | AN33: =AN32+AL33-AM33 -> 17 | AO33: U/RAWANG | AQ33: 45673 | AS33: 1 | AT33: =AT32+AR33-AS33 -> 32 | AU33: U/PASBAR | AW33: 45659 | AY33: 4 | AZ33: =AZ32+AX33-AY33 -> 91 | BA33: U/GP | BC33: 45659 | BF33: =BF32+BD33-BE33 -> 0 | BG33: U/GP | BI33: 45661 | BK33: 1 | BL33: =BL32+BJ33-BK33 -> 68 | BM33: U/GP | BO33: 45663 | BQ33: 5 | BR33: =BR32+BP33-BQ33 -> 186 | BS33: U/RAWANG | BU33: 45659 | BX33: =BX32+BV33-BW33 -> 51 | BY33: U/AIRPACAH
A34: 45665 | C34: 1 | D34: =D33+B34-C34 -> 174 | E34: U/CENDRAWASIH | J34: =J33+H34-I34 -> 3000 | M34: 45676 | O34: 400 | P34: =P33+N34-O34 -> 11200 | Q34: U/CENDRAWASIH | S34: 45686 | U34: 1000 | V34: =V33+T34-U34 -> 3000 | W34: U/ANDURING | Y34: 45663 | AA34: 12000 | AB34: =AB33+Z34-AA34 -> 48000 | AC34: U/PASBAR | AE34: 45663 | AG34: 5000 | AH34: =AH33+AF34-AG34 -> 165000 | AI34: U/BANDARBUAT | AK34: 45678 | AM34: 1 | AN34: =AN33+AL34-AM34 -> 16 | AO34: U/LUBEG | AQ34: 45673 | AS34: 1 | AT34: =AT33+AR34-AS34 -> 31 | AU34: U/BELIMBING | AW34: 45659 | AY34: 2 | AZ34: =AZ33+AX34-AY34 -> 89 | BA34: U/AIRPACAH | BC34: 45659 | BF34: =BF33+BD34-BE34 -> 0 | BG34: U/AIRPACAH | BI34: 45661 | BK34: 1 | BL34: =BL33+BJ34-BK34 -> 67 | BM34: U/LUBAY | BO34: 45663 | BQ34: 5 | BR34: =BR33+BP34-BQ34 -> 181 | BS34: U/BELIMBING | BU34: 45659 | BX34: =BX33+BV34-BW34 -> 51 | BY34: U/TABING
A35: 45665 | C35: 1 | D35: =D34+B35-C35 -> 173 | E35: U/TH | J35: =J34+H35-I35 -> 3000 | M35: 45676 | O35: 400 | P35: =P34+N35-O35 -> 10800 | Q35: U/RAWANG | S35: 45686 | U35: 1000 | V35: =V34+T35-U35 -> 2000 | W35: U/PASBAR | Y35: 45663 | AA35: 12000 | AB35: =AB34+Z35-AA35 -> 36000 | AC35: U/BALAIBARU | AE35: 45663 | AG35: 5000 | AH35: =AH34+AF35-AG35 -> 160000 | AI35: U/AIRDINGIN | AK35: 45679 | AM35: 1 | AN35: =AN34+AL35-AM35 -> 15 | AO35: U/BANDARBUAT | AQ35: 45673 | AS35: 1 | AT35: =AT34+AR35-AS35 -> 30 | AU35: U/AIRDINGIN | AW35: 45659 | AY35: 3 | AZ35: =AZ34+AX35-AY35 -> 86 | BA35: U/TABING | BC35: 45659 | BF35: =BF34+BD35-BE35 -> 0 | BG35: U/TABING | BI35: 45661 | BK35: 1 | BL35: =BL34+BJ35-BK35 -> 66 | BM35: U/TH | BO35: 45663 | BQ35: 5 | BR35: =BR34+BP35-BQ35 -> 176 | BS35: U/AIRDINGIN | BU35: 45659 | BW35: 5 | BX35: =BX34+BV35-BW35 -> 46 | BY35: U/LUBAY
A36: 45665 | C36: 1 | D36: =D35+B36-C36 -> 172 | E36: U/LUBEG | J36: =J35+H36-I36 -> 3000 | M36: 45676 | O36: 400 | P36: =P35+N36-O36 -> 10400 | Q36: U/ANDURING | S36: 45687 | U36: 1000 | V36: =V35+T36-U36 -> 1000 | W36: U/SEBPDG | Y36: 45664 | Z36: =6*12000 -> 72000 | AB36: =AB35+Z36-AA36 -> 108000 | AC36: MASUK GUDANG | AE36: 45664 | AG36: 5000 | AH36: =AH35+AF36-AG36 -> 155000 | AI36: U/ANDURING | AK36: 45681 | AM36: 1 | AN36: =AN35+AL36-AM36 -> 14 | AO36: U/TAPLAU | AQ36: 45673 | AS36: 1 | AT36: =AT35+AR36-AS36 -> 29 | AU36: U/BALAIBARU | AW36: 45659 | AY36: 4 | AZ36: =AZ35+AX36-AY36 -> 82 | BA36: U/LUBAY | BC36: 45659 | BF36: =BF35+BD36-BE36 -> 0 | BG36: U/LUBAY | BI36: 45661 | BK36: 1 | BL36: =BL35+BJ36-BK36 -> 65 | BM36: U/LUBEG | BO36: 45664 | BQ36: 5 | BR36: =BR35+BP36-BQ36 -> 171 | BS36: U/BANDARBUAT | BU36: 45659 | BX36: =BX35+BV36-BW36 -> 46 | BY36: U/TH
A37: 45665 | C37: 1 | D37: =D36+B37-C37 -> 171 | E37: U/SITEBA | J37: =J36+H37-I37 -> 3000 | M37: 45677 | O37: 400 | P37: =P36+N37-O37 -> 10000 | Q37: U/AIRDINGIN | S37: 45686 | U37: 1000 | V37: =V36+T37-U37 -> 0 | W37: U/KURAITAJI | Y37: 45664 | AA37: 12000 | AB37: =AB36+Z37-AA37 -> 96000 | AC37: U/TAPLAU | AE37: 45664 | AG37: 5000 | AH37: =AH36+AF37-AG37 -> 150000 | AI37: U/BALAIBARU | AK37: 45681 | AM37: 1 | AN37: =AN36+AL37-AM37 -> 13 | AO37: U/JATI | AQ37: 45673 | AS37: 1 | AT37: =AT36+AR37-AS37 -> 28 | AU37: U/SITEBA | AW37: 45659 | AY37: 2 | AZ37: =AZ36+AX37-AY37 -> 80 | BA37: U/TH | BC37: 45659 | BF37: =BF36+BD37-BE37 -> 0 | BG37: U/TH | BI37: 45661 | BK37: 1 | BL37: =BL36+BJ37-BK37 -> 64 | BM37: U/PARAKLAWEH | BO37: 45664 | BQ37: 5 | BR37: =BR36+BP37-BQ37 -> 166 | BS37: U/GP | BU37: 45659 | BW37: 5 | BX37: =BX36+BV37-BW37 -> 41 | BY37: U/CENDRAWASIH
A38: 45666 | C38: 1 | D38: =D37+B38-C38 -> 170 | E38: U/ANDURING | J38: =J37+H38-I38 -> 3000 | M38: 45677 | O38: 400 | P38: =P37+N38-O38 -> 9600 | Q38: U/LUBEG | V38: =V37+T38-U38 -> 0 | Y38: 45664 | AA38: 12000 | AB38: =AB37+Z38-AA38 -> 84000 | AC38: U/BELIBIS | AE38: 45664 | AG38: 5000 | AH38: =AH37+AF38-AG38 -> 145000 | AI38: U/JATI | AK38: 45681 | AM38: 1 | AN38: =AN37+AL38-AM38 -> 12 | AO38: U/AIRPACAH | AQ38: 45673 | AS38: 2 | AT38: =AT37+AR38-AS38 -> 26 | AU38: U/BUNGUS | AW38: 45659 | AY38: 2 | AZ38: =AZ37+AX38-AY38 -> 78 | BA38: U/CENDRAWASIH | BC38: 45659 | BF38: =BF37+BD38-BE38 -> 0 | BG38: U/CENDRAWASIH | BI38: 45661 | BK38: 1 | BL38: =BL37+BJ38-BK38 -> 63 | BM38: U/PASBAR | BO38: 45664 | BQ38: 5 | BR38: =BR37+BP38-BQ38 -> 161 | BS38: U/LUBAY | BU38: 45659 | BW38: 3 | BX38: =BX37+BV38-BW38 -> 38 | BY38: U/BELIBIS
A39: 45666 | C39: 1 | D39: =D38+B39-C39 -> 169 | E39: U/PARAKLAWEH | J39: =J38+H39-I39 -> 3000 | M39: 45678 | O39: 400 | P39: =P38+N39-O39 -> 9200 | Q39: U/GP | V39: =V38+T39-U39 -> 0 | Y39: 45665 | Z39: =5*12000 -> 60000 | AB39: =AB38+Z39-AA39 -> 144000 | AC39: MASUK GUDANG | AE39: 45665 | AG39: 5000 | AH39: =AH38+AF39-AG39 -> 140000 | AI39: U/TABING | AK39: 45682 | AM39: 1 | AN39: =AN38+AL39-AM39 -> 11 | AO39: U/JATI | AQ39: 45673 | AS39: 1 | AT39: =AT38+AR39-AS39 -> 25 | AU39: U/TAPLAU | AW39: 45659 | AY39: 1 | AZ39: =AZ38+AX39-AY39 -> 77 | BA39: U/BELIBIS | BC39: 45659 | BF39: =BF38+BD39-BE39 -> 0 | BG39: U/BELIBIS | BI39: 45661 | BK39: 1 | BL39: =BL38+BJ39-BK39 -> 62 | BM39: U/BALAIBARU | BO39: 45664 | BQ39: 5 | BR39: =BR38+BP39-BQ39 -> 156 | BS39: U/AIRPACAH | BU39: 45659 | BW39: 3 | BX39: =BX38+BV39-BW39 -> 35 | BY39: U/AIRTAWAR
A40: 45666 | C40: 1 | D40: =D39+B40-C40 -> 168 | E40: U/PASBAR | J40: =J39+H40-I40 -> 3000 | M40: 45678 | O40: 400 | P40: =P39+N40-O40 -> 8800 | Q40: U/LUBAY | V40: =V39+T40-U40 -> 0 | Y40: 45665 | AA40: 12000 | AB40: =AB39+Z40-AA40 -> 132000 | AC40: U/LUBEG | AE40: 45665 | AG40: 5000 | AH40: =AH39+AF40-AG40 -> 135000 | AI40: U/AIRPACAH | AK40: 45683 | AM40: 1 | AN40: =AN39+AL40-AM40 -> 10 | AO40: U/SITEBA | AQ40: 45673 | AS40: 1 | AT40: =AT39+AR40-AS40 -> 24 | AU40: U/JATI | AW40: 45659 | AY40: 1 | AZ40: =AZ39+AX40-AY40 -> 76 | BA40: U/AIRTAWAR | BC40: 45659 | BF40: =BF39+BD40-BE40 -> 0 | BG40: U/AIRTAWAR | BI40: 45662 | BK40: 1 | BL40: =BL39+BJ40-BK40 -> 61 | BM40: U/LUBUKLINTAH | BO40: 45665 | BQ40: 5 | BR40: =BR39+BP40-BQ40 -> 151 | BS40: U/BALAIBARU | BU40: 45659 | BX40: =BX39+BV40-BW40 -> 35 | BY40: U/KASANG
A41: 45666 | C41: 1 | D41: =D40+B41-C41 -> 167 | E41: U/AIRDINGIN | J41: =J40+H41-I41 -> 3000 | M41: 45679 | O41: 400 | P41: =P40+N41-O41 -> 8400 | Q41: U/PARAKLAWEH | V41: =V40+T41-U41 -> 0 | Y41: 45665 | AA41: 12000 | AB41: =AB40+Z41-AA41 -> 120000 | AC41: U/BANDARBUAT | AE41: 45665 | AG41: 5000 | AH41: =AH40+AF41-AG41 -> 130000 | AI41: U/SITEBA | AK41: 45684 | AM41: 1 | AN41: =AN40+AL41-AM41 -> 9 | AO41: U/GP | AQ41: 45673 | AS41: 1 | AT41: =AT40+AR41-AS41 -> 23 | AU41: U/AIRPACAH | AW41: 45659 | AY41: 0 | AZ41: =AZ40+AX41-AY41 -> 76 | BA41: U/KASANG | BC41: 45659 | BF41: =BF40+BD41-BE41 -> 0 | BG41: U/KASANG | BI41: 45662 | BK41: 1 | BL41: =BL40+BJ41-BK41 -> 60 | BM41: U/LUBEG | BO41: 45666 | BQ41: 5 | BR41: =BR40+BP41-BQ41 -> 146 | BS41: U/LUBEG | BU41: 45659 | BX41: =BX40+BV41-BW41 -> 35 | BY41: U/LUBUKLINTAH
A42: 45666 | C42: 1 | D42: =D41+B42-C42 -> 166 | E42: U/GP | J42: =J41+H42-I42 -> 3000 | M42: 45679 | O42: 400 | P42: =P41+N42-O42 -> 8000 | Q42: U/BELIMBING | V42: =V41+T42-U42 -> 0 | Y42: 45666 | Z42: =5*12000 -> 60000 | AB42: =AB41+Z42-AA42 -> 180000 | AC42: MASUK GUDANG | AE42: 45666 | AG42: 5000 | AH42: =AH41+AF42-AG42 -> 125000 | AI42: U/PASBAR | AK42: 45687 | AM42: 1 | AN42: =AN41+AL42-AM42 -> 8 | AO42: U/PARAKLAWEH | AQ42: 45673 | AS42: 1 | AT42: =AT41+AR42-AS42 -> 22 | AU42: U/TABING | AW42: 45659 | AY42: 2 | AZ42: =AZ41+AX42-AY42 -> 74 | BA42: U/LUBUKLINTAH | BC42: 45659 | BF42: =BF41+BD42-BE42 -> 0 | BG42: U/LUBUKLINTAH | BI42: 45662 | BK42: 1 | BL42: =BL41+BJ42-BK42 -> 59 | BM42: U/RAWANG | BO42: 45666 | BQ42: 5 | BR42: =BR41+BP42-BQ42 -> 141 | BS42: U/PASBAR | BU42: 45659 | BW42: 5 | BX42: =BX41+BV42-BW42 -> 30 | BY42: U/ANDURING
A43: 45666 | C43: 1 | D43: =D42+B43-C43 -> 165 | E43: U/AIRPACAH | J43: =J42+H43-I43 -> 3000 | M43: 45682 | O43: 400 | P43: =P42+N43-O43 -> 7600 | Q43: U/TABING | V43: =V42+T43-U43 -> 0 | Y43: 45666 | AA43: 12000 | AB43: =AB42+Z43-AA43 -> 168000 | AC43: U/AIRPACAH | AE43: 45666 | AG43: 5000 | AH43: =AH42+AF43-AG43 -> 120000 | AI43: U/BUNGUS | AK43: 45688 | AM43: 1 | AN43: =AN42+AL43-AM43 -> 7 | AO43: U/BELIMBING | AQ43: 45673 | AS43: 1 | AT43: =AT42+AR43-AS43 -> 21 | AU43: U/LUBAY | AW43: 45659 | AY43: 2 | AZ43: =AZ42+AX43-AY43 -> 72 | BA43: U/ANDURING | BC43: 45659 | BF43: =BF42+BD43-BE43 -> 0 | BG43: U/ANDURING | BI43: 45662 | BK43: 1 | BL43: =BL42+BJ43-BK43 -> 58 | BM43: U/BANDARBUAT | BO43: 45666 | BQ43: 5 | BR43: =BR42+BP43-BQ43 -> 136 | BS43: U/BUNGUS | BU43: 45659 | BW43: 5 | BX43: =BX42+BV43-BW43 -> 25 | BY43: U/LUBEG
A44: 45666 | C44: 1 | D44: =D43+B44-C44 -> 164 | E44: U/LUBAY | J44: =J43+H44-I44 -> 3000 | M44: 45682 | O44: 400 | P44: =P43+N44-O44 -> 7200 | Q44: U/AIRPACAH | V44: =V43+T44-U44 -> 0 | Y44: 45666 | AA44: 12000 | AB44: =AB43+Z44-AA44 -> 156000 | AC44: U/TABING | AE44: 45666 | AG44: 5000 | AH44: =AH43+AF44-AG44 -> 115000 | AI44: U/GP | AK44: 45688 | AM44: 1 | AN44: =AN43+AL44-AM44 -> 6 | AO44: U/BALAIBARU | AQ44: 45673 | AS44: 1 | AT44: =AT43+AR44-AS44 -> 20 | AU44: U/TH | AW44: 45659 | AY44: 4 | AZ44: =AZ43+AX44-AY44 -> 68 | BA44: U/LUBEG | BC44: 45659 | BF44: =BF43+BD44-BE44 -> 0 | BG44: U/LUBEG | BI44: 45662 | BK44: 1 | BL44: =BL43+BJ44-BK44 -> 57 | BM44: U/BELIMBING | BO44: 45666 | BQ44: 5 | BR44: =BR43+BP44-BQ44 -> 131 | BS44: U/JATI | BU44: 45659 | BW44: 5 | BX44: =BX43+BV44-BW44 -> 20 | BY44: U/PARAKLAWEH
A45: 45668 | C45: 1 | D45: =D44+B45-C45 -> 163 | E45: U/BALAIBARU | J45: =J44+H45-I45 -> 3000 | M45: 45683 | O45: 400 | P45: =P44+N45-O45 -> 6800 | Q45: U/AIRTAWAR | V45: =V44+T45-U45 -> 0 | Y45: 45667 | Z45: =5*12000 -> 60000 | AB45: =AB44+Z45-AA45 -> 216000 | AC45: MASUK GUDANG | AE45: 45666 | AG45: 5000 | AH45: =AH44+AF45-AG45 -> 110000 | AI45: U/BELIBIS | AK45: 45687 | AM45: 2 | AN45: =AN44+AL45-AM45 -> 4 | AO45: U/KURAITAJI | AQ45: 45673 | AS45: 1 | AT45: =AT44+AR45-AS45 -> 19 | AU45: U/CENDRAWASIH | AW45: 45659 | AY45: 4 | AZ45: =AZ44+AX45-AY45 -> 64 | BA45: U/PARAKLAWEH | BC45: 45659 | BF45: =BF44+BD45-BE45 -> 0 | BG45: U/PARAKLAWEH | BI45: 45662 | BK45: 1 | BL45: =BL44+BJ45-BK45 -> 56 | BM45: U/AIRDINGIN | BO45: 45667 | BQ45: 5 | BR45: =BR44+BP45-BQ45 -> 126 | BS45: U/TABING | BU45: 45659 | BW45: 5 | BX45: =BX44+BV45-BW45 -> 15 | BY45: U/SEBPDG
A46: 45668 | C46: 1 | D46: =D45+B46-C46 -> 162 | E46: U/SITEBA | J46: =J45+H46-I46 -> 3000 | M46: 45684 | O46: 400 | P46: =P45+N46-O46 -> 6400 | Q46: U/SITEBA | V46: =V45+T46-U46 -> 0 | Y46: 45667 | AA46: 12000 | AB46: =AB45+Z46-AA46 -> 204000 | AC46: U/LUBAY | AE46: 45667 | AG46: 5000 | AH46: =AH45+AF46-AG46 -> 105000 | AI46: U/LUBEG | AK46: 45692 | AL46: 30 | AN46: =AN45+AL46-AM46 -> 34 | AO46: MASUK GUDANG | AQ46: 45673 | AS46: 1 | AT46: =AT45+AR46-AS46 -> 18 | AU46: U/AIRTAWAR | AW46: 45659 | AY46: 5 | AZ46: =AZ45+AX46-AY46 -> 59 | BA46: U/SEBPDG | BC46: 45659 | BF46: =BF45+BD46-BE46 -> 0 | BG46: U/SEBPDG | BI46: 45662 | BK46: 1 | BL46: =BL45+BJ46-BK46 -> 55 | BM46: U/BALAIBARU | BO46: 45667 | BQ46: 5 | BR46: =BR45+BP46-BQ46 -> 121 | BS46: U/ANDURING | BU46: 45659 | BX46: =BX45+BV46-BW46 -> 15 | BY46: U/RAWANG
A47: 45669 | C47: 1 | D47: =D46+B47-C47 -> 161 | E47: U/LUBUKLINTAH | J47: =J46+H47-I47 -> 3000 | M47: 45685 | O47: 400 | P47: =P46+N47-O47 -> 6000 | Q47: U/LUBUKALUNG | V47: =V46+T47-U47 -> 0 | Y47: 45667 | AA47: 12000 | AB47: =AB46+Z47-AA47 -> 192000 | AC47: U/PARAKLAWEH | AE47: 45667 | AG47: 5000 | AH47: =AH46+AF47-AG47 -> 100000 | AI47: U/AIRDINGIN | AN47: =AN46+AL47-AM47 -> 34 | AQ47: 45674 | AS47: 1 | AT47: =AT46+AR47-AS47 -> 17 | AU47: U/LUBAY | AW47: 45659 | AY47: 2 | AZ47: =AZ46+AX47-AY47 -> 57 | BA47: U/RAWANG | BC47: 45659 | BF47: =BF46+BD47-BE47 -> 0 | BG47: U/RAWANG | BI47: 45662 | BK47: 1 | BL47: =BL46+BJ47-BK47 -> 54 | BM47: U/BUNGUS | BO47: 45667 | BQ47: 5 | BR47: =BR46+BP47-BQ47 -> 116 | BS47: U/PARAKLAWEH | BU47: 45659 | BX47: =BX46+BV47-BW47 -> 15 | BY47: U/BANDARBUAT
A48: 45669 | C48: 1 | D48: =D47+B48-C48 -> 160 | E48: U/LUBEG | J48: =J47+H48-I48 -> 3000 | M48: 45685 | O48: 800 | P48: =P47+N48-O48 -> 5200 | Q48: U/KURAITAJI | V48: =V47+T48-U48 -> 0 | Y48: 45668 | AA48: 12000 | AB48: =AB47+Z48-AA48 -> 180000 | AC48: U/JATI | AE48: 45668 | AG48: 5000 | AH48: =AH47+AF48-AG48 -> 95000 | AI48: U/JATI | AN48: =AN47+AL48-AM48 -> 34 | AQ48: 45674 | AS48: 1 | AT48: =AT47+AR48-AS48 -> 16 | AU48: U/BANDARBUAT | AW48: 45659 | AY48: 5 | AZ48: =AZ47+AX48-AY48 -> 52 | BA48: U/BANDARBUAT | BC48: 45659 | BF48: =BF47+BD48-BE48 -> 0 | BG48: U/BANDARBUAT | BI48: 45662 | BK48: 1 | BL48: =BL47+BJ48-BK48 -> 53 | BM48: U/GP | BO48: 45667 | BQ48: 5 | BR48: =BR47+BP48-BQ48 -> 111 | BS48: U/AIRDINGIN | BU48: 45659 | BX48: =BX47+BV48-BW48 -> 15 | BY48: U/PASBAR
A49: 45669 | C49: 2 | D49: =D48+B49-C49 -> 158 | E49: U/BUNGUS | J49: =J48+H49-I49 -> 3000 | M49: 45688 | O49: 400 | P49: =P48+N49-O49 -> 4800 | Q49: U/LUBUKLINTAH | V49: =V48+T49-U49 -> 0 | Y49: 45668 | AA49: 12000 | AB49: =AB48+Z49-AA49 -> 168000 | AC49: U/CENDRAWASIH | AE49: 45668 | AG49: 5000 | AH49: =AH48+AF49-AG49 -> 90000 | AI49: U/AIRTAWAR | AN49: =AN48+AL49-AM49 -> 34 | AQ49: 45674 | AS49: 1 | AT49: =AT48+AR49-AS49 -> 15 | AU49: U/SITEBA | AW49: 45659 | AY49: 5 | AZ49: =AZ48+AX49-AY49 -> 47 | BA49: U/PASBAR | BC49: 45659 | BF49: =BF48+BD49-BE49 -> 0 | BG49: U/PASBAR | BI49: 45662 | BK49: 1 | BL49: =BL48+BJ49-BK49 -> 52 | BM49: U/AIRTAWAR | BO49: 45668 | BQ49: 5 | BR49: =BR48+BP49-BQ49 -> 106 | BS49: U/JATI | BU49: 45659 | BX49: =BX48+BV49-BW49 -> 15 | BY49: U/BELIMBING
A50: 45669 | C50: 1 | D50: =D49+B50-C50 -> 157 | E50: U/TABING | J50: =J49+H50-I50 -> 3000 | M50: 45688 | O50: 400 | P50: =P49+N50-O50 -> 4400 | Q50: U/LUBAY | V50: =V49+T50-U50 -> 0 | Y50: 45668 | AA50: 12000 | AB50: =AB49+Z50-AA50 -> 156000 | AC50: U/LUBUKLINTAH | AE50: 45668 | AG50: 5000 | AH50: =AH49+AF50-AG50 -> 85000 | AI50: U/LUBAY | AN50: =AN49+AL50-AM50 -> 34 | AQ50: 45675 | AS50: 1 | AT50: =AT49+AR50-AS50 -> 14 | AU50: U/LUBUKLINTAH | AW50: 45659 | AY50: 2 | AZ50: =AZ49+AX50-AY50 -> 45 | BA50: U/BELIMBING | BC50: 45659 | BF50: =BF49+BD50-BE50 -> 0 | BG50: U/BELIMBING | BI50: 45662 | BK50: 1 | BL50: =BL49+BJ50-BK50 -> 51 | BM50: U/AIRPACAH | BO50: 45668 | BQ50: 5 | BR50: =BR49+BP50-BQ50 -> 101 | BS50: U/BELIBIS | BU50: 45659 | BX50: =BX49+BV50-BW50 -> 15 | BY50: U/AIRDINGIN
A51: 45670 | C51: 1 | D51: =D50+B51-C51 -> 156 | E51: U/JATI | J51: =J50+H51-I51 -> 3000 | M51: 45688 | O51: 400 | P51: =P50+N51-O51 -> 4000 | Q51: U/AIRDINGIN | V51: =V50+T51-U51 -> 0 | Y51: 45668 | AA51: 12000 | AB51: =AB50+Z51-AA51 -> 144000 | AC51: U/BELIMBING | AE51: 45668 | AG51: 5000 | AH51: =AH50+AF51-AG51 -> 80000 | AI51: U/SEBPDG | AN51: =AN50+AL51-AM51 -> 34 | AQ51: 45676 | AS51: 1 | AT51: =AT50+AR51-AS51 -> 13 | AU51: U/TABING | AW51: 45659 | AY51: 2 | AZ51: =AZ50+AX51-AY51 -> 43 | BA51: U/AIRDINGIN | BC51: 45659 | BF51: =BF50+BD51-BE51 -> 0 | BG51: U/AIRDINGIN | BI51: 45663 | BK51: 1 | BL51: =BL50+BJ51-BK51 -> 50 | BM51: U/TAPLAU | BO51: 45668 | BQ51: 5 | BR51: =BR50+BP51-BQ51 -> 96 | BS51: U/TH | BU51: 45659 | BW51: 5 | BX51: =BX50+BV51-BW51 -> 10 | BY51: U/BALAIBARU
A52: 45670 | C52: 1 | D52: =D51+B52-C52 -> 155 | E52: U/GP | J52: =J51+H52-I52 -> 3000 | M52: 45688 | O52: 400 | P52: =P51+N52-O52 -> 3600 | Q52: U/BALAIBARU | V52: =V51+T52-U52 -> 0 | Y52: 45668 | AA52: 12000 | AB52: =AB51+Z52-AA52 -> 132000 | AC52: U/AIRDINGIN | AE52: 45669 | AG52: 5000 | AH52: =AH51+AF52-AG52 -> 75000 | AI52: U/PARAKLAWEH | AN52: =AN51+AL52-AM52 -> 34 | AQ52: 45676 | AS52: 1 | AT52: =AT51+AR52-AS52 -> 12 | AU52: U/PASBAR | AW52: 45659 | AY52: 3 | AZ52: =AZ51+AX52-AY52 -> 40 | BA52: U/BALAIBARU | BC52: 45659 | BF52: =BF51+BD52-BE52 -> 0 | BG52: U/BALAIBARU | BI52: 45663 | BK52: 1 | BL52: =BL51+BJ52-BK52 -> 49 | BM52: U/TABING | BO52: 45668 | BQ52: 5 | BR52: =BR51+BP52-BQ52 -> 91 | BS52: U/LUBUKLINTAH | BU52: 45659 | BX52: =BX51+BV52-BW52 -> 10 | BY52: U/SITEBA
A53: 45670 | C53: 1 | D53: =D52+B53-C53 -> 154 | E53: U/LUBAY | J53: =J52+H53-I53 -> 3000 | M53: 45688 | O53: 400 | P53: =P52+N53-O53 -> 3200 | Q53: U/TAPLAU | V53: =V52+T53-U53 -> 0 | Y53: 45669 | AA53: 12000 | AB53: =AB52+Z53-AA53 -> 120000 | AC53: U/ANDURING | AE53: 45669 | AG53: 5000 | AH53: =AH52+AF53-AG53 -> 70000 | AI53: U/BANDARBUAT | AN53: =AN52+AL53-AM53 -> 34 | AQ53: 45677 | AS53: 1 | AT53: =AT52+AR53-AS53 -> 11 | AU53: U/ANDURING | AW53: 45659 | AY53: 5 | AZ53: =AZ52+AX53-AY53 -> 35 | BA53: U/SITEBA | BC53: 45659 | BF53: =BF52+BD53-BE53 -> 0 | BG53: U/SITEBA | BI53: 45663 | BK53: 1 | BL53: =BL52+BJ53-BK53 -> 48 | BM53: U/LUBAY | BO53: 45668 | BQ53: 5 | BR53: =BR52+BP53-BQ53 -> 86 | BS53: U/SEBPDG | BU53: 45659 | BW53: 10 | BX53: =BX52+BV53-BW53 -> 0 | BY53: U/BUNGUS
A54: 45670 | C54: 1 | D54: =D53+B54-C54 -> 153 | E54: U/ANDURING | J54: =J53+H54-I54 -> 3000 | P54: =P53+N54-O54 -> 3200 | V54: =V53+T54-U54 -> 0 | Y54: 45669 | AA54: 24000 | AB54: =AB53+Z54-AA54 -> 96000 | AC54: U/BUNGUS | AE54: 45669 | AG54: 10000 | AH54: =AH53+AF54-AG54 -> 60000 | AI54: U/BUNGUS | AN54: =AN53+AL54-AM54 -> 34 | AQ54: 45678 | AR54: 20 | AT54: =AT53+AR54-AS54 -> 31 | AU54: MASUK GUDANG | AW54: 45659 | AY54: 13 | AZ54: =AZ53+AX54-AY54 -> 22 | BA54: U/BUNGUS | BC54: 45659 | BF54: =BF53+BD54-BE54 -> 0 | BG54: U/BUNGUS | BI54: 45663 | BK54: 1 | BL54: =BL53+BJ54-BK54 -> 47 | BM54: U/BELIBIS | BO54: 45668 | BQ54: 5 | BR54: =BR53+BP54-BQ54 -> 81 | BS54: U/SITEBA | BU54: 45659 | BX54: =BX53+BV54-BW54 -> 0 | BY54: U/TC
A55: 45670 | C55: 1 | D55: =D54+B55-C55 -> 152 | E55: U/PASBAR | J55: =J54+H55-I55 -> 3000 | P55: =P54+N55-O55 -> 3200 | V55: =V54+T55-U55 -> 0 | Y55: 45669 | AA55: 12000 | AB55: =AB54+Z55-AA55 -> 84000 | AC55: U/GP | AE55: 45669 | AG55: 5000 | AH55: =AH54+AF55-AG55 -> 55000 | AI55: U/AIRPACAH | AN55: =AN54+AL55-AM55 -> 34 | AQ55: 45678 | AS55: 1 | AT55: =AT54+AR55-AS55 -> 30 | AU55: U/GP | AW55: 45659 | AZ55: =AZ54+AX55-AY55 -> 22 | BA55: U/TC | BC55: 45659 | BF55: =BF54+BD55-BE55 -> 0 | BG55: U/TC | BI55: 45663 | BK55: 1 | BL55: =BL54+BJ55-BK55 -> 46 | BM55: U/SEBPDG | BO55: 45669 | BQ55: 5 | BR55: =BR54+BP55-BQ55 -> 76 | BS55: U/LUBEG | BU55: 45660 | BV55: 50 | BX55: =BX54+BV55-BW55 -> 50 | BY55: MASUK GUDANG
A56: 45670 | C56: 1 | D56: =D55+B56-C56 -> 151 | E56: U/BELIMBING | J56: =J55+H56-I56 -> 3000 | P56: =P55+N56-O56 -> 3200 | V56: =V55+T56-U56 -> 0 | Y56: 45670 | Z56: =5*12000 -> 60000 | AB56: =AB55+Z56-AA56 -> 144000 | AC56: MASUK GUDANG | AE56: 45669 | AG56: 5000 | AH56: =AH55+AF56-AG56 -> 50000 | AI56: U/TABING | AN56: =AN55+AL56-AM56 -> 34 | AQ56: 45679 | AS56: 1 | AT56: =AT55+AR56-AS56 -> 29 | AU56: U/PARAKLAWEH | AW56: 45660 | AX56: 70 | AZ56: =AZ55+AX56-AY56 -> 92 | BA56: MASUK GUDANG | BC56: 45660 | BF56: =BF55+BD56-BE56 -> 0 | BG56: MASUK GUDANG | BI56: 45663 | BK56: 1 | BL56: =BL55+BJ56-BK56 -> 45 | BM56: U/PASBAR | BO56: 45669 | BQ56: 5 | BR56: =BR55+BP56-BQ56 -> 71 | BS56: U/RAWANG | BU56: 45660 | BW56: 5 | BX56: =BX55+BV56-BW56 -> 45 | BY56: U/TAPLAU
A57: 45671 | C57: 1 | D57: =D56+B57-C57 -> 150 | E57: U/PARAKLAWEH | J57: =J56+H57-I57 -> 3000 | P57: =P56+N57-O57 -> 3200 | V57: =V56+T57-U57 -> 0 | Y57: 45670 | AA57: 12000 | AB57: =AB56+Z57-AA57 -> 132000 | AC57: U/AIRPACAH | AE57: 45670 | AF57: =15*5000 -> 75000 | AH57: =AH56+AF57-AG57 -> 125000 | AI57: MASUK GUDANG | AN57: =AN56+AL57-AM57 -> 34 | AQ57: 45679 | AS57: 1 | AT57: =AT56+AR57-AS57 -> 28 | AU57: U/SEBPDG | AW57: 45660 | AY57: 3 | AZ57: =AZ56+AX57-AY57 -> 89 | BA57: U/TAPLAU | BC57: 45660 | BF57: =BF56+BD57-BE57 -> 0 | BG57: U/TAPLAU | BI57: 45663 | BK57: 1 | BL57: =BL56+BJ57-BK57 -> 44 | BM57: U/AIRDINGIN | BO57: 45669 | BQ57: 5 | BR57: =BR56+BP57-BQ57 -> 66 | BS57: U/BANDARBUAT | BU57: 45660 | BX57: =BX56+BV57-BW57 -> 45 | BY57: U/JATI
A58: 45671 | C58: 1 | D58: =D57+B58-C58 -> 149 | E58: U/BANDARBUAT | J58: =J57+H58-I58 -> 3000 | P58: =P57+N58-O58 -> 3200 | V58: =V57+T58-U58 -> 0 | Y58: 45670 | AA58: 24000 | AB58: =AB57+Z58-AA58 -> 108000 | AC58: U/KASANG | AE58: 45670 | AG58: 10000 | AH58: =AH57+AF58-AG58 -> 115000 | AI58: U/KASANG | AN58: =AN57+AL58-AM58 -> 34 | AQ58: 45680 | AS58: 1 | AT58: =AT57+AR58-AS58 -> 27 | AU58: U/AIRPACAH | AW58: 45660 | AY58: 4 | AZ58: =AZ57+AX58-AY58 -> 85 | BA58: U/JATI | BC58: 45660 | BF58: =BF57+BD58-BE58 -> 0 | BG58: U/JATI | BI58: 45663 | BK58: 1 | BL58: =BL57+BJ58-BK58 -> 43 | BM58: U/SITEBA | BO58: 45669 | BQ58: 5 | BR58: =BR57+BP58-BQ58 -> 61 | BS58: U/TAPLAU | BU58: 45660 | BX58: =BX57+BV58-BW58 -> 45 | BY58: U/GP
A59: 45672 | C59: 4 | D59: =D58+B59-C59 -> 145 | E59: U/LUBUKALUNG | J59: =J58+H59-I59 -> 3000 | P59: =P58+N59-O59 -> 3200 | V59: =V58+T59-U59 -> 0 | Y59: 45670 | AA59: 12000 | AB59: =AB58+Z59-AA59 -> 96000 | AC59: U/SEBPDG | AE59: 45670 | AG59: 5000 | AH59: =AH58+AF59-AG59 -> 110000 | AI59: U/LUBUKLINTAH | AN59: =AN58+AL59-AM59 -> 34 | AQ59: 45680 | AS59: 1 | AT59: =AT58+AR59-AS59 -> 26 | AU59: U/PARAKLAWEH | AW59: 45660 | AY59: 1 | AZ59: =AZ58+AX59-AY59 -> 84 | BA59: U/GP | BC59: 45660 | BF59: =BF58+BD59-BE59 -> 0 | BG59: U/GP | BI59: 45664 | BK59: 1 | BL59: =BL58+BJ59-BK59 -> 42 | BM59: U/PARAKLAWEH | BO59: 45669 | BQ59: 5 | BR59: =BR58+BP59-BQ59 -> 56 | BS59: U/PASBAR | BU59: 45660 | BW59: 5 | BX59: =BX58+BV59-BW59 -> 40 | BY59: U/AIRPACAH
A60: 45671 | C60: 1 | D60: =D59+B60-C60 -> 144 | E60: U/AIRPACAH | J60: =J59+H60-I60 -> 3000 | P60: =P59+N60-O60 -> 3200 | V60: =V59+T60-U60 -> 0 | Y60: 45670 | AA60: 12000 | AB60: =AB59+Z60-AA60 -> 84000 | AC60: U/BALAIBARU | AE60: 45670 | AG60: 5000 | AH60: =AH59+AF60-AG60 -> 105000 | AI60: U/ANDURING | AN60: =AN59+AL60-AM60 -> 34 | AQ60: 45681 | AS60: 1 | AT60: =AT59+AR60-AS60 -> 25 | AU60: U/TAPLAU | AW60: 45660 | AY60: 2 | AZ60: =AZ59+AX60-AY60 -> 82 | BA60: U/AIRPACAH | BC60: 45660 | BF60: =BF59+BD60-BE60 -> 0 | BG60: U/AIRPACAH | BI60: 45665 | BK60: 1 | BL60: =BL59+BJ60-BK60 -> 41 | BM60: U/TABING | BO60: 45669 | BQ60: 5 | BR60: =BR59+BP60-BQ60 -> 51 | BS60: U/BELIMBING | BU60: 45660 | BW60: 5 | BX60: =BX59+BV60-BW60 -> 35 | BY60: U/TABING
A61: 45674 | C61: 1 | D61: =D60+B61-C61 -> 143 | E61: U/TAPLAU | J61: =J60+H61-I61 -> 3000 | P61: =P60+N61-O61 -> 3200 | V61: =V60+T61-U61 -> 0 | Y61: 45671 | Z61: =5*12000 -> 60000 | AB61: =AB60+Z61-AA61 -> 144000 | AC61: MASUK GUDANG | AE61: 45670 | AG61: 5000 | AH61: =AH60+AF61-AG61 -> 100000 | AI61: U/RAWANG | AN61: =AN60+AL61-AM61 -> 34 | AQ61: 45681 | AS61: 1 | AT61: =AT60+AR61-AS61 -> 24 | AU61: U/TABING | AW61: 45660 | AY61: 3 | AZ61: =AZ60+AX61-AY61 -> 79 | BA61: U/TABING | BC61: 45660 | BF61: =BF60+BD61-BE61 -> 0 | BG61: U/TABING | BI61: 45665 | BK61: 1 | BL61: =BL60+BJ61-BK61 -> 40 | BM61: U/LUBAY | BO61: 45669 | BQ61: 5 | BR61: =BR60+BP61-BQ61 -> 46 | BS61: U/BALAIBARU | BU61: 45660 | BX61: =BX60+BV61-BW61 -> 35 | BY61: U/LUBAY
A62: 45674 | C62: 1 | D62: =D61+B62-C62 -> 142 | E62: U/PASBAR | J62: =J61+H62-I62 -> 3000 | P62: =P61+N62-O62 -> 3200 | V62: =V61+T62-U62 -> 0 | Y62: 45671 | AA62: 12000 | AB62: =AB61+Z62-AA62 -> 132000 | AC62: U/PASBAR | AE62: 45670 | AG62: 5000 | AH62: =AH61+AF62-AG62 -> 95000 | AI62: U/AIRDINGIN | AN62: =AN61+AL62-AM62 -> 34 | AQ62: 45682 | AS62: 1 | AT62: =AT61+AR62-AS62 -> 23 | AU62: U/PASBAR | AW62: 45660 | AY62: 4 | AZ62: =AZ61+AX62-AY62 -> 75 | BA62: U/LUBAY | BC62: 45660 | BF62: =BF61+BD62-BE62 -> 0 | BG62: U/LUBAY | BI62: 45665 | BK62: 1 | BL62: =BL61+BJ62-BK62 -> 39 | BM62: U/AIRPACAH | BO62: 45669 | BQ62: 5 | BR62: =BR61+BP62-BQ62 -> 41 | BS62: U/AIRTAWAR | BU62: 45660 | BX62: =BX61+BV62-BW62 -> 35 | BY62: U/TH
A63: 45674 | C63: 1 | D63: =D62+B63-C63 -> 141 | E63: U/TH | J63: =J62+H63-I63 -> 3000 | P63: =P62+N63-O63 -> 3200 | V63: =V62+T63-U63 -> 0 | Y63: 45672 | Z63: =2*12000 -> 24000 | AB63: =AB62+Z63-AA63 -> 156000 | AC63: MASUK GUDANG | AE63: 45670 | AG63: 5000 | AH63: =AH62+AF63-AG63 -> 90000 | AI63: U/BALAIBARU | AN63: =AN62+AL63-AM63 -> 34 | AQ63: 45682 | AS63: 1 | AT63: =AT62+AR63-AS63 -> 22 | AU63: U/AIRDINGIN | AW63: 45660 | AY63: 2 | AZ63: =AZ62+AX63-AY63 -> 73 | BA63: U/TH | BC63: 45660 | BF63: =BF62+BD63-BE63 -> 0 | BG63: U/TH | BI63: 45665 | BK63: 1 | BL63: =BL62+BJ63-BK63 -> 38 | BM63: U/TH | BO63: 45669 | BQ63: 5 | BR63: =BR62+BP63-BQ63 -> 36 | BS63: U/CENDRAWASIH | BU63: 45660 | BX63: =BX62+BV63-BW63 -> 35 | BY63: U/CENDRAWASIH
A64: 45675 | C64: 1 | D64: =D63+B64-C64 -> 140 | E64: U/AIRDINGIN | J64: =J63+H64-I64 -> 3000 | P64: =P63+N64-O64 -> 3200 | V64: =V63+T64-U64 -> 0 | Y64: 45672 | AA64: 24000 | AB64: =AB63+Z64-AA64 -> 132000 | AC64: U/LUBUKALUNG | AE64: 45671 | AG64: 5000 | AH64: =AH63+AF64-AG64 -> 85000 | AI64: U/LUBEG | AN64: =AN63+AL64-AM64 -> 34 | AQ64: 45684 | AS64: 1 | AT64: =AT63+AR64-AS64 -> 21 | AU64: U/JATI | AW64: 45660 | AY64: 1 | AZ64: =AZ63+AX64-AY64 -> 72 | BA64: U/CENDRAWASIH | BC64: 45660 | BF64: =BF63+BD64-BE64 -> 0 | BG64: U/CENDRAWASIH | BI64: 45665 | BK64: 1 | BL64: =BL63+BJ64-BK64 -> 37 | BM64: U/LUBEG | BO64: 45669 | BQ64: 5 | BR64: =BR63+BP64-BQ64 -> 31 | BS64: U/LUBAY | BU64: 45660 | BX64: =BX63+BV64-BW64 -> 35 | BY64: U/BELIBIS
A65: 45675 | C65: 1 | D65: =D64+B65-C65 -> 139 | E65: U/LUBEG | J65: =J64+H65-I65 -> 3000 | P65: =P64+N65-O65 -> 3200 | V65: =V64+T65-U65 -> 0 | Y65: 45672 | AA65: 12000 | AB65: =AB64+Z65-AA65 -> 120000 | AC65: U/LUBAY | AE65: 45672 | AG65: 15000 | AH65: =AH64+AF65-AG65 -> 70000 | AI65: U/LUBUKALUNG | AN65: =AN64+AL65-AM65 -> 34 | AQ65: 45685 | AS65: 1 | AT65: =AT64+AR65-AS65 -> 20 | AU65: U/RAWANG | AW65: 45660 | AY65: 2 | AZ65: =AZ64+AX65-AY65 -> 70 | BA65: U/BELIBIS | BC65: 45660 | BF65: =BF64+BD65-BE65 -> 0 | BG65: U/BELIBIS | BI65: 45665 | BK65: 1 | BL65: =BL64+BJ65-BK65 -> 36 | BM65: U/RAWANG | BO65: 45669 | BQ65: 5 | BR65: =BR64+BP65-BQ65 -> 26 | BS65: U/GP | BU65: 45660 | BW65: 5 | BX65: =BX64+BV65-BW65 -> 30 | BY65: U/AIRTAWAR
A66: 45676 | C66: 1 | D66: =D65+B66-C66 -> 138 | E66: U/LUBAY | J66: =J65+H66-I66 -> 3000 | P66: =P65+N66-O66 -> 3200 | V66: =V65+T66-U66 -> 0 | Y66: 45672 | AA66: 12000 | AB66: =AB65+Z66-AA66 -> 108000 | AC66: U/LUBEG | AE66: 45672 | AG66: 5000 | AH66: =AH65+AF66-AG66 -> 65000 | AI66: U/JATI | AN66: =AN65+AL66-AM66 -> 34 | AQ66: 45686 | AS66: 1 | AT66: =AT65+AR66-AS66 -> 19 | AU66: U/RAWANG | AW66: 45660 | AY66: 2 | AZ66: =AZ65+AX66-AY66 -> 68 | BA66: U/AIRTAWAR | BC66: 45660 | BF66: =BF65+BD66-BE66 -> 0 | BG66: U/AIRTAWAR | BI66: 45665 | BK66: 1 | BL66: =BL65+BJ66-BK66 -> 35 | BM66: U/BALAIBARU | BO66: 45669 | BQ66: 5 | BR66: =BR65+BP66-BQ66 -> 21 | BS66: U/TABING | BU66: 45660 | BW66: 5 | BX66: =BX65+BV66-BW66 -> 25 | BY66: U/KASANG
A67: 45676 | C67: 1 | D67: =D66+B67-C67 -> 137 | E67: U/TABING | J67: =J66+H67-I67 -> 3000 | P67: =P66+N67-O67 -> 3200 | V67: =V66+T67-U67 -> 0 | Y67: 45672 | AA67: 12000 | AB67: =AB66+Z67-AA67 -> 96000 | AC67: U/SITEBA | AE67: 45671 | AG67: 5000 | AH67: =AH66+AF67-AG67 -> 60000 | AI67: U/TAPLAU | AN67: =AN66+AL67-AM67 -> 34 | AQ67: 45686 | AS67: 1 | AT67: =AT66+AR67-AS67 -> 18 | AU67: U/PASBAR | AW67: 45660 | AY67: 1 | AZ67: =AZ66+AX67-AY67 -> 67 | BA67: U/KASANG | BC67: 45660 | BF67: =BF66+BD67-BE67 -> 0 | BG67: U/KASANG | BI67: 45665 | BK67: 1 | BL67: =BL66+BJ67-BK67 -> 34 | BM67: U/SITEBA | BO67: 45670 | BP67: =48*3 -> 144 | BR67: =BR66+BP67-BQ67 -> 165 | BS67: MASUK GUDANG | BU67: 45660 | BW67: 5 | BX67: =BX66+BV67-BW67 -> 20 | BY67: U/LUBUKLINTAH
A68: 45676 | C68: 1 | D68: =D67+B68-C68 -> 136 | E68: U/AIRPACAH | J68: =J67+H68-I68 -> 3000 | P68: =P67+N68-O68 -> 3200 | V68: =V67+T68-U68 -> 0 | Y68: 45671 | AA68: 12000 | AB68: =AB67+Z68-AA68 -> 84000 | AC68: U/TABING | AE68: 45671 | AG68: 5000 | AH68: =AH67+AF68-AG68 -> 55000 | AI68: U/TH | AN68: =AN67+AL68-AM68 -> 34 | AQ68: 45687 | AS68: 1 | AT68: =AT67+AR68-AS68 -> 17 | AU68: U/LUBEG | AW68: 45660 | AY68: 2 | AZ68: =AZ67+AX68-AY68 -> 65 | BA68: U/LUBUKLINTAH | BC68: 45660 | BF68: =BF67+BD68-BE68 -> 0 | BG68: U/LUBUKLINTAH | BI68: 45666 | BK68: 1 | BL68: =BL67+BJ68-BK68 -> 33 | BM68: U/ANDURING | BO68: 45670 | BQ68: 5 | BR68: =BR67+BP68-BQ68 -> 160 | BS68: U/JATI | BU68: 45660 | BX68: =BX67+BV68-BW68 -> 20 | BY68: U/ANDURING
A69: 45676 | C69: 1 | D69: =D68+B69-C69 -> 135 | E69: U/GP | J69: =J68+H69-I69 -> 3000 | P69: =P68+N69-O69 -> 3200 | V69: =V68+T69-U69 -> 0 | Y69: 45673 | AA69: 12000 | AB69: =AB68+Z69-AA69 -> 72000 | AC69: U/BUNGUS | AE69: 45671 | AG69: 5000 | AH69: =AH68+AF69-AG69 -> 50000 | AI69: U/CENDRAWASIH | AN69: =AN68+AL69-AM69 -> 34 | AQ69: 45687 | AS69: 1 | AT69: =AT68+AR69-AS69 -> 16 | AU69: U/SEBPDG | AW69: 45660 | AY69: 3 | AZ69: =AZ68+AX69-AY69 -> 62 | BA69: U/ANDURING | BC69: 45660 | BF69: =BF68+BD69-BE69 -> 0 | BG69: U/ANDURING | BI69: 45666 | BK69: 1 | BL69: =BL68+BJ69-BK69 -> 32 | BM69: U/SEBPDG | BO69: 45670 | BQ69: 5 | BR69: =BR68+BP69-BQ69 -> 155 | BS69: U/AIRPACAH | BU69: 45660 | BX69: =BX68+BV69-BW69 -> 20 | BY69: U/LUBEG
A70: 45676 | C70: 1 | D70: =D69+B70-C70 -> 134 | E70: U/JATI | J70: =J69+H70-I70 -> 3000 | P70: =P69+N70-O70 -> 3200 | V70: =V69+T70-U70 -> 0 | Y70: 45673 | AA70: 12000 | AB70: =AB69+Z70-AA70 -> 60000 | AC70: U/AIRTAWAR | AE70: 45673 | AG70: 5000 | AH70: =AH69+AF70-AG70 -> 45000 | AI70: U/GP | AN70: =AN69+AL70-AM70 -> 34 | AQ70: 45687 | AS70: 1 | AT70: =AT69+AR70-AS70 -> 15 | AU70: U/BANDARBUAT | AW70: 45660 | AY70: 3 | AZ70: =AZ69+AX70-AY70 -> 59 | BA70: U/LUBEG | BC70: 45660 | BF70: =BF69+BD70-BE70 -> 0 | BG70: U/LUBEG | BI70: 45666 | BK70: 1 | BL70: =BL69+BJ70-BK70 -> 31 | BM70: U/BANDARBUAT | BO70: 45670 | BQ70: 10 | BR70: =BR69+BP70-BQ70 -> 145 | BS70: U/KASANG | BU70: 45660 | BW70: 5 | BX70: =BX69+BV70-BW70 -> 15 | BY70: U/PARAKLAWEH
A71: 45676 | C71: 1 | D71: =D70+B71-C71 -> 133 | E71: U/SITEBA | J71: =J70+H71-I71 -> 3000 | P71: =P70+N71-O71 -> 3200 | V71: =V70+T71-U71 -> 0 | Y71: 45674 | AA71: 12000 | AB71: =AB70+Z71-AA71 -> 48000 | AC71: U/TC | AE71: 45674 | AG71: 5000 | AH71: =AH70+AF71-AG71 -> 40000 | AI71: U/TABING | AN71: =AN70+AL71-AM71 -> 34 | AQ71: 45687 | AS71: 1 | AT71: =AT70+AR71-AS71 -> 14 | AU71: U/BELIMBING | AW71: 45660 | AY71: 1 | AZ71: =AZ70+AX71-AY71 -> 58 | BA71: U/PARAKLAWEH | BC71: 45660 | BF71: =BF70+BD71-BE71 -> 0 | BG71: U/PARAKLAWEH | BI71: 45666 | BK71: 2 | BL71: =BL70+BJ71-BK71 -> 29 | BM71: U/PASBAR | BO71: 45670 | BQ71: 5 | BR71: =BR70+BP71-BQ71 -> 140 | BS71: U/ANDURING | BU71: 45660 | BX71: =BX70+BV71-BW71 -> 15 | BY71: U/SEBPDG
A72: 45676 | C72: 1 | D72: =D71+B72-C72 -> 132 | E72: U/BANDARBUAT | J72: =J71+H72-I72 -> 3000 | P72: =P71+N72-O72 -> 3200 | V72: =V71+T72-U72 -> 0 | Y72: 45675 | AA72: 12000 | AB72: =AB71+Z72-AA72 -> 36000 | AC72: U/BANDARBUAT | AE72: 45674 | AG72: 5000 | AH72: =AH71+AF72-AG72 -> 35000 | AI72: U/AIRPACAH | AN72: =AN71+AL72-AM72 -> 34 | AQ72: 45687 | AS72: 1 | AT72: =AT71+AR72-AS72 -> 13 | AU72: U/BUNGUS | AW72: 45660 | AY72: 4 | AZ72: =AZ71+AX72-AY72 -> 54 | BA72: U/SEBPDG | BC72: 45660 | BF72: =BF71+BD72-BE72 -> 0 | BG72: U/SEBPDG | BI72: 45666 | BK72: 1 | BL72: =BL71+BJ72-BK72 -> 28 | BM72: U/BELIMBING | BO72: 45670 | BQ72: 5 | BR72: =BR71+BP72-BQ72 -> 135 | BS72: U/AIRDINGIN | BU72: 45660 | BX72: =BX71+BV72-BW72 -> 15 | BY72: U/RAWANG
A73: 45676 | C73: 1 | D73: =D72+B73-C73 -> 131 | E73: U/RAWANG | J73: =J72+H73-I73 -> 3000 | P73: =P72+N73-O73 -> 3200 | V73: =V72+T73-U73 -> 0 | Y73: 45676 | AA73: 12000 | AB73: =AB72+Z73-AA73 -> 24000 | AC73: U/AIRPACAH | AE73: 45674 | AG73: 5000 | AH73: =AH72+AF73-AG73 -> 30000 | AI73: U/BELIMBING | AN73: =AN72+AL73-AM73 -> 34 | AQ73: 45688 | AS73: 1 | AT73: =AT72+AR73-AS73 -> 12 | AU73: U/BELIBIS | AW73: 45660 | AY73: 2 | AZ73: =AZ72+AX73-AY73 -> 52 | BA73: U/RAWANG | BC73: 45660 | BF73: =BF72+BD73-BE73 -> 0 | BG73: U/RAWANG | BI73: 45666 | BK73: 1 | BL73: =BL72+BJ73-BK73 -> 27 | BM73: U/AIRDINGIN | BO73: 45672 | BQ73: 15 | BR73: =BR72+BP73-BQ73 -> 120 | BS73: U/LUBUKALUNG | BU73: 45660 | BX73: =BX72+BV73-BW73 -> 15 | BY73: U/BANDARBUAT
A74: 45676 | C74: 1 | D74: =D73+B74-C74 -> 130 | E74: U/LUBEG | J74: =J73+H74-I74 -> 3000 | P74: =P73+N74-O74 -> 3200 | V74: =V73+T74-U74 -> 0 | Y74: 45676 | AA74: 12000 | AB74: =AB73+Z74-AA74 -> 12000 | AC74: U/AIRDINGIN | AE74: 45676 | AG74: 5000 | AH74: =AH73+AF74-AG74 -> 25000 | AI74: U/LUBAY | AN74: =AN73+AL74-AM74 -> 34 | AQ74: 45688 | AS74: 1 | AT74: =AT73+AR74-AS74 -> 11 | AU74: U/SEBPDG | AW74: 45660 | AY74: 3 | AZ74: =AZ73+AX74-AY74 -> 49 | BA74: U/BANDARBUAT | BC74: 45660 | BF74: =BF73+BD74-BE74 -> 0 | BG74: U/BANDARBUAT | BI74: 45666 | BK74: 1 | BL74: =BL73+BJ74-BK74 -> 26 | BM74: U/SITEBA | BO74: 45672 | BQ74: 5 | BR74: =BR73+BP74-BQ74 -> 115 | BS74: U/BALAIBARU | BU74: 45660 | BX74: =BX73+BV74-BW74 -> 15 | BY74: U/PASBAR
A75: 45677 | C75: 1 | D75: =D74+B75-C75 -> 129 | E75: U/BALAIBARU | J75: =J74+H75-I75 -> 3000 | P75: =P74+N75-O75 -> 3200 | V75: =V74+T75-U75 -> 0 | Y75: 45677 | Z75: =15*12000 -> 180000 | AB75: =AB74+Z75-AA75 -> 192000 | AC75: MASUK GUDANG | AE75: 45676 | AG75: 5000 | AH75: =AH74+AF75-AG75 -> 20000 | AI75: U/BUNGUS | AN75: =AN74+AL75-AM75 -> 34 | AQ75: 45688 | AS75: 1 | AT75: =AT74+AR75-AS75 -> 10 | AU75: U/BALAIBARU | AW75: 45660 | AY75: 3 | AZ75: =AZ74+AX75-AY75 -> 46 | BA75: U/PASBAR | BC75: 45660 | BF75: =BF74+BD75-BE75 -> 0 | BG75: U/PASBAR | BI75: 45666 | BK75: 2 | BL75: =BL74+BJ75-BK75 -> 24 | BM75: U/BUNGUS | BO75: 45673 | BQ75: 5 | BR75: =BR74+BP75-BQ75 -> 110 | BS75: U/LUBEG | BU75: 45660 | BX75: =BX74+BV75-BW75 -> 15 | BY75: U/BELIMBING
A76: 45677 | C76: 1 | D76: =D75+B76-C76 -> 128 | E76: U/SEBPDG | J76: =J75+H76-I76 -> 3000 | P76: =P75+N76-O76 -> 3200 | V76: =V75+T76-U76 -> 0 | Y76: 45677 | AA76: 12000 | AB76: =AB75+Z76-AA76 -> 180000 | AC76: U/TABING | AE76: 45676 | AG76: 5000 | AH76: =AH75+AF76-AG76 -> 15000 | AI76: U/SITEBA | AN76: =AN75+AL76-AM76 -> 34 | AQ76: 45687 | AS76: 2 | AT76: =AT75+AR76-AS76 -> 8 | AU76: U/KURAITAJI | AW76: 45660 | AY76: 2 | AZ76: =AZ75+AX76-AY76 -> 44 | BA76: U/BELIMBING | BC76: 45660 | BF76: =BF75+BD76-BE76 -> 0 | BG76: U/BELIMBING | BI76: 45666 | BK76: 1 | BL76: =BL75+BJ76-BK76 -> 23 | BM76: U/TAPLAU | BO76: 45673 | BQ76: 5 | BR76: =BR75+BP76-BQ76 -> 105 | BS76: U/BUNGUS | BU76: 45660 | BW76: 10 | BX76: =BX75+BV76-BW76 -> 5 | BY76: U/AIRDINGIN
A77: 45677 | C77: 1 | D77: =D76+B77-C77 -> 127 | E77: U/ANDURING | J77: =J76+H77-I77 -> 3000 | P77: =P76+N77-O77 -> 3200 | V77: =V76+T77-U77 -> 0 | Y77: 45677 | AA77: 12000 | AB77: =AB76+Z77-AA77 -> 168000 | AC77: U/GP | AE77: 45676 | AG77: 5000 | AH77: =AH76+AF77-AG77 -> 10000 | AI77: U/AIRDINGIN | AN77: =AN76+AL77-AM77 -> 34 | AT77: =AT76+AR77-AS77 -> 8 | AW77: 45660 | AY77: 2 | AZ77: =AZ76+AX77-AY77 -> 42 | BA77: U/AIRDINGIN | BC77: 45660 | BF77: =BF76+BD77-BE77 -> 0 | BG77: U/AIRDINGIN | BI77: 45666 | BK77: 1 | BL77: =BL76+BJ77-BK77 -> 22 | BM77: U/GP | BO77: 45674 | BQ77: 5 | BR77: =BR76+BP77-BQ77 -> 100 | BS77: U/SEBPDG | BU77: 45660 | BX77: =BX76+BV77-BW77 -> 5 | BY77: U/BALAIBARU
A78: 45678 | C78: 1 | D78: =D77+B78-C78 -> 126 | E78: U/LUBUKLINTAH | J78: =J77+H78-I78 -> 3000 | P78: =P77+N78-O78 -> 3200 | V78: =V77+T78-U78 -> 0 | Y78: 45677 | AA78: 12000 | AB78: =AB77+Z78-AA78 -> 156000 | AC78: U/JATI | AE78: 45676 | AG78: 5000 | AH78: =AH77+AF78-AG78 -> 5000 | AI78: U/PASBAR | AN78: =AN77+AL78-AM78 -> 34 | AT78: =AT77+AR78-AS78 -> 8 | AW78: 45660 | AY78: 2 | AZ78: =AZ77+AX78-AY78 -> 40 | BA78: U/BALAIBARU | BC78: 45660 | BF78: =BF77+BD78-BE78 -> 0 | BG78: U/BALAIBARU | BI78: 45666 | BK78: 1 | BL78: =BL77+BJ78-BK78 -> 21 | BM78: U/CENDRAWASIH | BO78: 45674 | BQ78: 5 | BR78: =BR77+BP78-BQ78 -> 95 | BS78: U/TABING | BU78: 45660 | BX78: =BX77+BV78-BW78 -> 5 | BY78: U/SITEBA
A79: 45679 | C79: 1 | D79: =D78+B79-C79 -> 125 | E79: U/JATI | J79: =J78+H79-I79 -> 3000 | P79: =P78+N79-O79 -> 3200 | V79: =V78+T79-U79 -> 0 | Y79: 45677 | AA79: 12000 | AB79: =AB78+Z79-AA79 -> 144000 | AC79: U/SEBPDG | AE79: 45677 | AG79: 5000 | AH79: =AH78+AF79-AG79 -> 0 | AI79: U/TABING | AN79: =AN78+AL79-AM79 -> 34 | AT79: =AT78+AR79-AS79 -> 8 | AW79: 45660 | AY79: 3 | AZ79: =AZ78+AX79-AY79 -> 37 | BA79: U/SITEBA | BC79: 45660 | BF79: =BF78+BD79-BE79 -> 0 | BG79: U/SITEBA | BI79: 45667 | BK79: 1 | BL79: =BL78+BJ79-BK79 -> 20 | BM79: U/LUBUKLINTAH | BO79: 45675 | BQ79: 5 | BR79: =BR78+BP79-BQ79 -> 90 | BS79: U/PARAKLAWEH | BU79: 45660 | BX79: =BX78+BV79-BW79 -> 5 | BY79: U/BUNGUS
A80: 45679 | C80: 1 | D80: =D79+B80-C80 -> 124 | E80: U/LUBAY | J80: =J79+H80-I80 -> 3000 | P80: =P79+N80-O80 -> 3200 | V80: =V79+T80-U80 -> 0 | Y80: 45677 | AA80: 12000 | AB80: =AB79+Z80-AA80 -> 132000 | AC80: U/PARAKLAWEH | AE80: 45677 | AG80: 5000 | AH80: =AH79+AF80-AG80 -> -5000 | AI80: U/PARAKLAWEH | AN80: =AN79+AL80-AM80 -> 34 | AT80: =AT79+AR80-AS80 -> 8 | AW80: 45660 | AY80: 0 | AZ80: =AZ79+AX80-AY80 -> 37 | BA80: U/BUNGUS | BC80: 45660 | BF80: =BF79+BD80-BE80 -> 0 | BG80: U/BUNGUS | BI80: 45667 | BK80: 1 | BL80: =BL79+BJ80-BK80 -> 19 | BM80: U/LUBEG | BO80: 45676 | BQ80: 5 | BR80: =BR79+BP80-BQ80 -> 85 | BS80: U/LUBAY | BU80: 45660 | BX80: =BX79+BV80-BW80 -> 5 | BY80: U/TC
A81: 45679 | C81: 1 | D81: =D80+B81-C81 -> 123 | E81: U/BELIMBING | J81: =J80+H81-I81 -> 3000 | P81: =P80+N81-O81 -> 3200 | V81: =V80+T81-U81 -> 0 | Y81: 45678 | Z81: =5*12000 -> 60000 | AB81: =AB80+Z81-AA81 -> 192000 | AC81: MASUK GUDANG | AE81: 45678 | AF81: 150000 | AH81: =AH80+AF81-AG81 -> 145000 | AI81: MASUK GUDANG | AN81: =AN80+AL81-AM81 -> 34 | AT81: =AT80+AR81-AS81 -> 8 | AW81: 45660 | AY81: 0 | AZ81: =AZ80+AX81-AY81 -> 37 | BA81: U/TC | BC81: 45660 | BF81: =BF80+BD81-BE81 -> 0 | BG81: U/TC | BI81: 45667 | BK81: 1 | BL81: =BL80+BJ81-BK81 -> 18 | BM81: U/SEBPDG | BO81: 45676 | BQ81: 5 | BR81: =BR80+BP81-BQ81 -> 80 | BS81: U/AIRPACAH | BU81: 45661 | BV81: 50 | BX81: =BX80+BV81-BW81 -> 55 | BY81: MASUK GUDANG
A82: 45680 | C82: 1 | D82: =D81+B82-C82 -> 122 | E82: U/TAPLAU | J82: =J81+H82-I82 -> 3000 | P82: =P81+N82-O82 -> 3200 | V82: =V81+T82-U82 -> 0 | Y82: 45678 | AA82: 12000 | AB82: =AB81+Z82-AA82 -> 180000 | AC82: U/TAPLAU | AE82: 45678 | AG82: 5000 | AH82: =AH81+AF82-AG82 -> 140000 | AI82: U/AIRPACAH | AN82: =AN81+AL82-AM82 -> 34 | AT82: =AT81+AR82-AS82 -> 8 | AW82: 45661 | AX82: 120 | AZ82: =AZ81+AX82-AY82 -> 157 | BA82: MASUK GUDANG | BC82: 45661 | BF82: =BF81+BD82-BE82 -> 0 | BG82: MASUK GUDANG | BI82: 45667 | BK82: 1 | BL82: =BL81+BJ82-BK82 -> 17 | BM82: U/SITEBA | BO82: 45676 | BQ82: 5 | BR82: =BR81+BP82-BQ82 -> 75 | BS82: U/TH | BU82: 45661 | BW82: 7 | BX82: =BX81+BV82-BW82 -> 48 | BY82: U/TAPLAU
A83: 45680 | C83: 1 | D83: =D82+B83-C83 -> 121 | E83: U/BELIBIS | J83: =J82+H83-I83 -> 3000 | P83: =P82+N83-O83 -> 3200 | V83: =V82+T83-U83 -> 0 | Y83: 45678 | AA83: 12000 | AB83: =AB82+Z83-AA83 -> 168000 | AC83: U/LUBUKLINTAH | AE83: 45678 | AG83: 5000 | AH83: =AH82+AF83-AG83 -> 135000 | AI83: U/JATI | AN83: =AN82+AL83-AM83 -> 34 | AT83: =AT82+AR83-AS83 -> 8 | AW83: 45661 | AY83: 2 | AZ83: =AZ82+AX83-AY83 -> 155 | BA83: U/TAPLAU | BC83: 45661 | BF83: =BF82+BD83-BE83 -> 0 | BG83: U/TAPLAU | BI83: 45668 | BK83: 1 | BL83: =BL82+BJ83-BK83 -> 16 | BM83: U/JATI | BO83: 45676 | BQ83: 5 | BR83: =BR82+BP83-BQ83 -> 70 | BS83: U/AIRDINGIN | BU83: 45661 | BX83: =BX82+BV83-BW83 -> 48 | BY83: U/JATI
A84: 45680 | C84: 1 | D84: =D83+B84-C84 -> 120 | E84: U/AIRTAWAR | J84: =J83+H84-I84 -> 3000 | P84: =P83+N84-O84 -> 3200 | V84: =V83+T84-U84 -> 0 | Y84: 45679 | AA84: 12000 | AB84: =AB83+Z84-AA84 -> 156000 | AC84: U/LUBUKALUNG | AE84: 45678 | AG84: 5000 | AH84: =AH83+AF84-AG84 -> 130000 | AI84: U/BANDARBUAT | AN84: =AN83+AL84-AM84 -> 34 | AT84: =AT83+AR84-AS84 -> 8 | AW84: 45661 | AY84: 2 | AZ84: =AZ83+AX84-AY84 -> 153 | BA84: U/JATI | BC84: 45661 | BF84: =BF83+BD84-BE84 -> 0 | BG84: U/JATI | BI84: 45668 | BK84: 1 | BL84: =BL83+BJ84-BK84 -> 15 | BM84: U/GP | BO84: 45676 | BQ84: 5 | BR84: =BR83+BP84-BQ84 -> 65 | BS84: U/LUBEG | BU84: 45661 | BW84: 4 | BX84: =BX83+BV84-BW84 -> 44 | BY84: U/GP
A85: 45680 | C85: 1 | D85: =D84+B85-C85 -> 119 | E85: U/PARAKLAWEH | J85: =J84+H85-I85 -> 3000 | P85: =P84+N85-O85 -> 3200 | V85: =V84+T85-U85 -> 0 | Y85: 45679 | AA85: 12000 | AB85: =AB84+Z85-AA85 -> 144000 | AC85: U/RAWANG | AE85: 45678 | AG85: 5000 | AH85: =AH84+AF85-AG85 -> 125000 | AI85: U/SEBPDG | AN85: =AN84+AL85-AM85 -> 34 | AT85: =AT84+AR85-AS85 -> 8 | AW85: 45661 | AY85: 3 | AZ85: =AZ84+AX85-AY85 -> 150 | BA85: U/GP | BC85: 45661 | BF85: =BF84+BD85-BE85 -> 0 | BG85: U/GP | BI85: 45668 | BK85: 1 | BL85: =BL84+BJ85-BK85 -> 14 | BM85: U/AIRPACAH | BO85: 45676 | BQ85: 5 | BR85: =BR84+BP85-BQ85 -> 60 | BS85: U/ANDURING | BU85: 45661 | BX85: =BX84+BV85-BW85 -> 44 | BY85: U/AIRPACAH
A86: 45680 | C86: 1 | D86: =D85+B86-C86 -> 118 | E86: U/AIRDINGIN | J86: =J85+H86-I86 -> 3000 | P86: =P85+N86-O86 -> 3200 | V86: =V85+T86-U86 -> 0 | Y86: 45680 | Z86: =5*12000 -> 60000 | AB86: =AB85+Z86-AA86 -> 204000 | AC86: MASUK GUDANG | AE86: 45678 | AG86: 5000 | AH86: =AH85+AF86-AG86 -> 120000 | AI86: U/LUBEG | AN86: =AN85+AL86-AM86 -> 34 | AT86: =AT85+AR86-AS86 -> 8 | AW86: 45661 | AY86: 2 | AZ86: =AZ85+AX86-AY86 -> 148 | BA86: U/AIRPACAH | BC86: 45661 | BF86: =BF85+BD86-BE86 -> 0 | BG86: U/AIRPACAH | BI86: 45668 | BK86: 1 | BL86: =BL85+BJ86-BK86 -> 13 | BM86: U/TABING | BO86: 45677 | BQ86: 5 | BR86: =BR85+BP86-BQ86 -> 55 | BS86: U/TABING | BU86: 45661 | BX86: =BX85+BV86-BW86 -> 44 | BY86: U/TABING
A87: 45680 | C87: 1 | D87: =D86+B87-C87 -> 117 | E87: U/SITEBA | J87: =J86+H87-I87 -> 3000 | P87: =P86+N87-O87 -> 3200 | V87: =V86+T87-U87 -> 0 | Y87: 45680 | AA87: 12000 | AB87: =AB86+Z87-AA87 -> 192000 | AC87: U/BELIBIS | AE87: 45679 | AG87: 5000 | AH87: =AH86+AF87-AG87 -> 115000 | AI87: U/LUBAY | AN87: =AN86+AL87-AM87 -> 34 | AT87: =AT86+AR87-AS87 -> 8 | AW87: 45661 | AY87: 2 | AZ87: =AZ86+AX87-AY87 -> 146 | BA87: U/TABING | BC87: 45661 | BF87: =BF86+BD87-BE87 -> 0 | BG87: U/TABING | BI87: 45668 | BK87: 1 | BL87: =BL86+BJ87-BK87 -> 12 | BM87: U/LUBAY | BO87: 45677 | BQ87: 5 | BR87: =BR86+BP87-BQ87 -> 50 | BS87: U/GP | BU87: 45661 | BW87: 6 | BX87: =BX86+BV87-BW87 -> 38 | BY87: U/LUBAY
A88: 45680 | C88: 1 | D88: =D87+B88-C88 -> 116 | E88: U/KASANG | J88: =J87+H88-I88 -> 3000 | P88: =P87+N88-O88 -> 3200 | V88: =V87+T88-U88 -> 0 | Y88: 45680 | AA88: 12000 | AB88: =AB87+Z88-AA88 -> 180000 | AC88: U/AIRTAWAR | AE88: 45679 | AG88: 5000 | AH88: =AH87+AF88-AG88 -> 110000 | AI88: U/BELIBIS | AN88: =AN87+AL88-AM88 -> 34 | AT88: =AT87+AR88-AS88 -> 8 | AW88: 45661 | AY88: 3 | AZ88: =AZ87+AX88-AY88 -> 143 | BA88: U/LUBAY | BC88: 45661 | BF88: =BF87+BD88-BE88 -> 0 | BG88: U/LUBAY | BI88: 45668 | BK88: 1 | BL88: =BL87+BJ88-BK88 -> 11 | BM88: U/PARAKLAWEH | BO88: 45677 | BQ88: 5 | BR88: =BR87+BP88-BQ88 -> 45 | BS88: U/TAPLAU | BU88: 45661 | BW88: 3 | BX88: =BX87+BV88-BW88 -> 35 | BY88: U/TH
A89: 45680 | C89: 1 | D89: =D88+B89-C89 -> 115 | E89: U/BUNGUS | J89: =J88+H89-I89 -> 3000 | P89: =P88+N89-O89 -> 3200 | V89: =V88+T89-U89 -> 0 | Y89: 45680 | AA89: 12000 | AB89: =AB88+Z89-AA89 -> 168000 | AC89: U/AIRPACAH | AE89: 45680 | AG89: 5000 | AH89: =AH88+AF89-AG89 -> 105000 | AI89: U/GP | AN89: =AN88+AL89-AM89 -> 34 | AT89: =AT88+AR89-AS89 -> 8 | AW89: 45661 | AY89: 1 | AZ89: =AZ88+AX89-AY89 -> 142 | BA89: U/TH | BC89: 45661 | BF89: =BF88+BD89-BE89 -> 0 | BG89: U/TH | BI89: 45668 | BK89: 1 | BL89: =BL88+BJ89-BK89 -> 10 | BM89: U/SEBPDG | BO89: 45677 | BQ89: 5 | BR89: =BR88+BP89-BQ89 -> 40 | BS89: U/SITEBA | BU89: 45661 | BX89: =BX88+BV89-BW89 -> 35 | BY89: U/CENDRAWASIH
A90: 45681 | C90: 1 | D90: =D89+B90-C90 -> 114 | E90: U/AIRTAWAR | J90: =J89+H90-I90 -> 3000 | P90: =P89+N90-O90 -> 3200 | V90: =V89+T90-U90 -> 0 | Y90: 45680 | AA90: 12000 | AB90: =AB89+Z90-AA90 -> 156000 | AC90: U/ANDURING | AE90: 45680 | AG90: 5000 | AH90: =AH89+AF90-AG90 -> 100000 | AI90: U/TH | AN90: =AN89+AL90-AM90 -> 34 | AT90: =AT89+AR90-AS90 -> 8 | AW90: 45661 | AY90: 1 | AZ90: =AZ89+AX90-AY90 -> 141 | BA90: U/CENDRAWASIH | BC90: 45661 | BF90: =BF89+BD90-BE90 -> 0 | BG90: U/CENDRAWASIH | BI90: 45668 | BK90: 1 | BL90: =BL89+BJ90-BK90 -> 9 | BM90: U/BALAIBARU | BO90: 45677 | BQ90: 5 | BR90: =BR89+BP90-BQ90 -> 35 | BS90: U/PASBAR | BU90: 45661 | BW90: 4 | BX90: =BX89+BV90-BW90 -> 31 | BY90: U/BELIBIS
A91: 45682 | C91: 1 | D91: =D90+B91-C91 -> 113 | E91: U/BANDARBUAT | J91: =J90+H91-I91 -> 3000 | P91: =P90+N91-O91 -> 3200 | V91: =V90+T91-U91 -> 0 | Y91: 45680 | AA91: 12000 | AB91: =AB90+Z91-AA91 -> 144000 | AC91: U/PASBAR | AE91: 45680 | AG91: 5000 | AH91: =AH90+AF91-AG91 -> 95000 | AI91: U/LUBUKLINTAH | AN91: =AN90+AL91-AM91 -> 34 | AT91: =AT90+AR91-AS91 -> 8 | AW91: 45661 | AY91: 2 | AZ91: =AZ90+AX91-AY91 -> 139 | BA91: U/BELIBIS | BC91: 45661 | BF91: =BF90+BD91-BE91 -> 0 | BG91: U/BELIBIS | BI91: 45669 | BK91: 1 | BL91: =BL90+BJ91-BK91 -> 8 | BM91: U/LUBEG | BO91: 45677 | BQ91: 5 | BR91: =BR90+BP91-BQ91 -> 30 | BS91: U/BANDARBUAT | BU91: 45661 | BW91: 3 | BX91: =BX90+BV91-BW91 -> 28 | BY91: U/AIRTAWAR
A92: 45682 | C92: 1 | D92: =D91+B92-C92 -> 112 | E92: U/PASBAR | J92: =J91+H92-I92 -> 3000 | P92: =P91+N92-O92 -> 3200 | V92: =V91+T92-U92 -> 0 | Y92: 45680 | AA92: 12000 | AB92: =AB91+Z92-AA92 -> 132000 | AC92: U/BALAIBARU | AE92: 45680 | AG92: 5000 | AH92: =AH91+AF92-AG92 -> 90000 | AI92: U/ANDURING | AN92: =AN91+AL92-AM92 -> 34 | AT92: =AT91+AR92-AS92 -> 8 | AW92: 45661 | AY92: 1 | AZ92: =AZ91+AX92-AY92 -> 138 | BA92: U/AIRTAWAR | BC92: 45661 | BF92: =BF91+BD92-BE92 -> 0 | BG92: U/AIRTAWAR | BI92: 45669 | BK92: 1 | BL92: =BL91+BJ92-BK92 -> 7 | BM92: U/RAWANG | BO92: 45678 | BP92: =48*3 -> 144 | BR92: =BR91+BP92-BQ92 -> 174 | BS92: MASUK GUDANG | BU92: 45661 | BX92: =BX91+BV92-BW92 -> 28 | BY92: U/KASANG
A93: 45682 | C93: 1 | D93: =D92+B93-C93 -> 111 | E93: U/GP | J93: =J92+H93-I93 -> 3000 | P93: =P92+N93-O93 -> 3200 | V93: =V92+T93-U93 -> 0 | Y93: 45680 | AA93: 12000 | AB93: =AB92+Z93-AA93 -> 120000 | AC93: U/BUNGUS | AE93: 45680 | AG93: 5000 | AH93: =AH92+AF93-AG93 -> 85000 | AI93: U/BALAIBARU | AN93: =AN92+AL93-AM93 -> 34 | AT93: =AT92+AR93-AS93 -> 8 | AW93: 45661 | AY93: 0 | AZ93: =AZ92+AX93-AY93 -> 138 | BA93: U/KASANG | BC93: 45661 | BF93: =BF92+BD93-BE93 -> 0 | BG93: U/KASANG | BI93: 45669 | BK93: 1 | BL93: =BL92+BJ93-BK93 -> 6 | BM93: U/BANDARBUAT | BO93: 45678 | BQ93: 5 | BR93: =BR92+BP93-BQ93 -> 169 | BS93: U/LUBAY | BU93: 45661 | BX93: =BX92+BV93-BW93 -> 28 | BY93: U/LUBUKLINTAH
A94: 45682 | C94: 1 | D94: =D93+B94-C94 -> 110 | E94: U/TABING | J94: =J93+H94-I94 -> 3000 | P94: =P93+N94-O94 -> 3200 | V94: =V93+T94-U94 -> 0 | Y94: 45682 | Z94: =5*12000 -> 60000 | AB94: =AB93+Z94-AA94 -> 180000 | AC94: MASUK GUDANG | AE94: 45680 | AG94: 10000 | AH94: =AH93+AF94-AG94 -> 75000 | AI94: U/BUNGUS | AN94: =AN93+AL94-AM94 -> 34 | AT94: =AT93+AR94-AS94 -> 8 | AW94: 45661 | AY94: 2 | AZ94: =AZ93+AX94-AY94 -> 136 | BA94: U/LUBUKLINTAH | BC94: 45661 | BF94: =BF93+BD94-BE94 -> 0 | BG94: U/LUBUKLINTAH | BI94: 45669 | BK94: 1 | BL94: =BL93+BJ94-BK94 -> 5 | BM94: U/TAPLAU | BO94: 45678 | BQ94: 5 | BR94: =BR93+BP94-BQ94 -> 164 | BS94: U/JATI | BU94: 45661 | BW94: 4 | BX94: =BX93+BV94-BW94 -> 24 | BY94: U/ANDURING
A95: 45682 | C95: 1 | D95: =D94+B95-C95 -> 109 | E95: U/AIRPACAH | J95: =J94+H95-I95 -> 3000 | P95: =P94+N95-O95 -> 3200 | V95: =V94+T95-U95 -> 0 | Y95: 45682 | AA95: 12000 | AB95: =AB94+Z95-AA95 -> 168000 | AC95: U/LUBEG | AE95: 45681 | AG95: 5000 | AH95: =AH94+AF95-AG95 -> 70000 | AI95: U/AIRDINGIN | AN95: =AN94+AL95-AM95 -> 34 | AT95: =AT94+AR95-AS95 -> 8 | AW95: 45661 | AY95: 3 | AZ95: =AZ94+AX95-AY95 -> 133 | BA95: U/ANDURING | BC95: 45661 | BF95: =BF94+BD95-BE95 -> 0 | BG95: U/ANDURING | BI95: 45669 | BK95: 1 | BL95: =BL94+BJ95-BK95 -> 4 | BM95: U/PASBAR | BO95: 45678 | BQ95: 5 | BR95: =BR94+BP95-BQ95 -> 159 | BS95: U/BALAIBARU | BU95: 45661 | BW95: 4 | BX95: =BX94+BV95-BW95 -> 20 | BY95: U/LUBEG
A96: 45683 | C96: 1 | D96: =D95+B96-C96 -> 108 | E96: U/ANDURING | J96: =J95+H96-I96 -> 3000 | P96: =P95+N96-O96 -> 3200 | V96: =V95+T96-U96 -> 0 | Y96: 45682 | AA96: 12000 | AB96: =AB95+Z96-AA96 -> 156000 | AC96: U/AIRDINGIN | AE96: 45681 | AG96: 5000 | AH96: =AH95+AF96-AG96 -> 65000 | AI96: U/TAPLAU | AN96: =AN95+AL96-AM96 -> 34 | AT96: =AT95+AR96-AS96 -> 8 | AW96: 45661 | AY96: 4 | AZ96: =AZ95+AX96-AY96 -> 129 | BA96: U/LUBEG | BC96: 45661 | BF96: =BF95+BD96-BE96 -> 0 | BG96: U/LUBEG | BI96: 45669 | BK96: 1 | BL96: =BL95+BJ96-BK96 -> 3 | BM96: U/JATI | BO96: 45678 | BQ96: 5 | BR96: =BR95+BP96-BQ96 -> 154 | BS96: U/BELIMBING | BU96: 45661 | BX96: =BX95+BV96-BW96 -> 20 | BY96: U/PARAKLAWEH
A97: 45683 | C97: 1 | D97: =D96+B97-C97 -> 107 | E97: U/BALAIBARU | J97: =J96+H97-I97 -> 3000 | P97: =P96+N97-O97 -> 3200 | V97: =V96+T97-U97 -> 0 | Y97: 45682 | AA97: 12000 | AB97: =AB96+Z97-AA97 -> 144000 | AC97: U/SITEBA | AE97: 45681 | AG97: 5000 | AH97: =AH96+AF97-AG97 -> 60000 | AI97: U/AIRTAWAR | AN97: =AN96+AL97-AM97 -> 34 | AT97: =AT96+AR97-AS97 -> 8 | AW97: 45661 | AY97: 3 | AZ97: =AZ96+AX97-AY97 -> 126 | BA97: U/PARAKLAWEH | BC97: 45661 | BF97: =BF96+BD97-BE97 -> 0 | BG97: U/PARAKLAWEH | BI97: 45669 | BK97: 2 | BL97: =BL96+BJ97-BK97 -> 1 | BM97: U/BUNGUS | BO97: 45678 | BQ97: 5 | BR97: =BR96+BP97-BQ97 -> 149 | BS97: U/RAWANG | BU97: 45661 | BX97: =BX96+BV97-BW97 -> 20 | BY97: U/SEBPDG
A98: 45684 | C98: 1 | D98: =D97+B98-C98 -> 106 | E98: U/JATI | J98: =J97+H98-I98 -> 3000 | P98: =P97+N98-O98 -> 3200 | V98: =V97+T98-U98 -> 0 | Y98: 45682 | AA98: 12000 | AB98: =AB97+Z98-AA98 -> 132000 | AC98: U/LUBAY | AE98: 45681 | AG98: 5000 | AH98: =AH97+AF98-AG98 -> 55000 | AI98: U/TABING | AN98: =AN97+AL98-AM98 -> 34 | AT98: =AT97+AR98-AS98 -> 8 | AW98: 45661 | AY98: 3 | AZ98: =AZ97+AX98-AY98 -> 123 | BA98: U/SEBPDG | BC98: 45661 | BF98: =BF97+BD98-BE98 -> 0 | BG98: U/SEBPDG | BI98: 45670 | BJ98: 100 | BL98: =BL97+BJ98-BK98 -> 101 | BM98: MASUK GUDANG | BO98: 45679 | BQ98: 5 | BR98: =BR97+BP98-BQ98 -> 144 | BS98: U/AIRPACAH | BU98: 45661 | BX98: =BX97+BV98-BW98 -> 20 | BY98: U/RAWANG
A99: 45684 | C99: 1 | D99: =D98+B99-C99 -> 105 | E99: U/SITEBA | J99: =J98+H99-I99 -> 3000 | P99: =P98+N99-O99 -> 3200 | V99: =V98+T99-U99 -> 0 | Y99: 45682 | AA99: 12000 | AB99: =AB98+Z99-AA99 -> 120000 | AC99: U/AIRPACAH | AE99: 45683 | AG99: 5000 | AH99: =AH98+AF99-AG99 -> 50000 | AI99: U/LUBUKALUNG | AN99: =AN98+AL99-AM99 -> 34 | AT99: =AT98+AR99-AS99 -> 8 | AW99: 45661 | AY99: 2 | AZ99: =AZ98+AX99-AY99 -> 121 | BA99: U/RAWANG | BC99: 45661 | BF99: =BF98+BD99-BE99 -> 0 | BG99: U/RAWANG | BI99: 45671 | BK99: 1 | BL99: =BL98+BJ99-BK99 -> 100 | BM99: U/LUBUKLINTAH | BO99: 45679 | BQ99: 5 | BR99: =BR98+BP99-BQ99 -> 139 | BS99: U/LUBUKLINTAH | BU99: 45661 | BW99: 4 | BX99: =BX98+BV99-BW99 -> 16 | BY99: U/BANDARBUAT
A100: 45685 | C100: 1 | D100: =D99+B100-C100 -> 104 | E100: U/LUBAY | J100: =J99+H100-I100 -> 3000 | P100: =P99+N100-O100 -> 3200 | V100: =V99+T100-U100 -> 0 | Y100: 45682 | AA100: 12000 | AB100: =AB99+Z100-AA100 -> 108000 | AC100: U/TH | AE100: 45684 | AG100: 5000 | AH100: =AH99+AF100-AG100 -> 45000 | AI100: U/JATI | AN100: =AN99+AL100-AM100 -> 34 | AT100: =AT99+AR100-AS100 -> 8 | AW100: 45661 | AY100: 2 | AZ100: =AZ99+AX100-AY100 -> 119 | BA100: U/BANDARBUAT | BC100: 45661 | BF100: =BF99+BD100-BE100 -> 0 | BG100: U/BANDARBUAT | BI100: 45671 | BK100: 1 | BL100: =BL99+BJ100-BK100 -> 99 | BM100: U/ANDURING | BO100: 45680 | BQ100: 5 | BR100: =BR99+BP100-BQ100 -> 134 | BS100: U/TABING | BU100: 45661 | BW100: 4 | BX100: =BX99+BV100-BW100 -> 12 | BY100: U/PASBAR
...

Sheet Powder
A1: Taro (1000gr) | G1: Ovaltine(900gr) | M1: Milo(960gr) | S1: Royal Chocolate (1000gr) | Y1: Red velvet(1000gr) | AE1: Vanilla(1000gr | AK1: Lemon Tea (1000gr) | AQ1: Lychee Tea (1000gr) | AW1: Mango | BC1: Lychee (1000gr) | BI1: Greentea(1000gr) | BO1: Es Permen Karet (1000gr) | BU1: Ndc Creamer (1000gr) | CA1: Cream Chesee(500gr) | CG1: Buble Gum(1000gr) | CM1: Cotton Candy(1000gr)
A2: Tgl | B2: Masuk | C2: Keluar | D2: Sisa Stok | E2: Keterangan | G2: Tgl | H2: Masuk | I2: Keluar | J2: Sisa Stok | K2: Keterangan | M2: Tgl | N2: Masuk | O2: Keluar | P2: Sisa Stok | Q2: Keterangan | S2: Tgl | T2: Masuk | U2: Keluar | V2: Sisa Stok | W2: Keterangan | Y2: Tgl | Z2: Masuk | AA2: Keluar | AB2: Sisa Stok | AC2: Keterangan | AE2: Tgl | AF2: Masuk | AG2: Keluar | AH2: Sisa Stok | AI2: Keterangan | AK2: Tgl | AL2: Masuk | AM2: Keluar | AN2: Sisa Stok | AO2: Keterangan | AQ2: Tgl | AR2: Masuk | AS2: Keluar | AT2: Sisa Stok | AU2: Keterangan | AW2: Tgl | AX2: Masuk | AY2: Keluar | AZ2: Sisa Stok | BA2: Keterangan | BC2: Tgl | BD2: Masuk | BE2: Keluar | BF2: Sisa Stok | BG2: Keterangan | BI2: Tgl | BJ2: Masuk | BK2: Keluar | BL2: Sisa Stok | BM2: Keterangan | BO2: Tgl | BP2: Masuk | BQ2: Keluar | BR2: Sisa Stok | BS2: Keterangan | BU2: Tgl | BV2: Masuk | BW2: Keluar | BX2: Sisa Stok | BY2: Keterangan | CA2: Tgl | CB2: Masuk | CC2: Keluar | CD2: Sisa Stok | CE2: Keterangan | CG2: Tgl | CH2: Masuk | CI2: Keluar | CJ2: Sisa Stok | CK2: Keterangan | CM2: Tgl | CN2: Masuk | CO2: Keluar | CP2: Sisa Stok | CQ2: Keterangan | CS2: Tgl | CT2: Masuk | CU2: Keluar | CV2: Sisa Stok | CW2: Keterangan
D3: 14 | J3: 22 | P3: 0 | V3: 58 | AB3: 12 | AH3: 5 | AN3: 46 | AT3: 80 | AZ3: 7 | BF3: 15 | BL3: 13 | BR3: 3 | BX3: 53 | CJ3: 11 | CP3: 5 | CV3: 0
D4: =D3+B5-C5 -> 13 | E4: U/BALAIBARU | G4: 45660 | I4: 1 | J4: =J3+H4-I4 -> 21 | K4: U/GP | M4: 45658 | N4: 16 | P4: =P3+N4-O4 -> 16 | Q4: MASUK GUDANG | S4: 45658 | U4: 1 | V4: =V3+T4-U4 -> 57 | W4: U/BALAIBARU | Y4: 45672 | AA4: 1 | AB4: =AB3+Z4-AA4 -> 11 | AC4: U/LUBUKALUNG | AE4: 45659 | AG4: 1 | AH4: =AH3+AF4-AG4 -> 4 | AI4: U/SEBPDG | AK4: 45658 | AM4: 1 | AN4: =AN3+AL4-AM4 -> 45 | AO4: U/TABING | AQ4: 45658 | AS4: 1 | AT4: 79 | AU4: U/GP | AW4: 45658 | AY4: 1 | AZ4: =AZ3+AX4-AY4 -> 6 | BA4: U/SEBPDG | BC4: 45672 | BE4: 2 | BF4: =BF3+BD4-BE4 -> 13 | BG4: U/LUBUKALUNG | BI4: 45658 | BK4: 1 | BL4: =BL3+BJ4-BK4 -> 12 | BM4: U/BALAIBARU | BO4: 45658 | BQ4: 1 | BR4: =BR3+BP4-BQ4 -> 2 | BS4: U/TABING | BU4: 45658 | BW4: 1 | BX4: =BX3+BV4-BW4 -> 52 | BY4: U/LUBEG | CD4: =CD3+CB4-CC4 -> 0 | CG4: 45658 | CI4: 1 | CJ4: =CJ3+CH4-CI4 -> 10 | CK4: U/TABING | CM4: 45672 | CO4: 1 | CP4: =CP3+CN4-CO4 -> 4 | CQ4: U/LUBUKALUNG | CV4: =CV3+CT4-CU4 -> 0
A5: 45659 | C5: 1 | D5: =D4+B6-C6 -> 12 | E5: U/BANDARBUAT | G5: 45662 | I5: 1 | J5: =J4+H5-I5 -> 20 | K5: U/PASBAR | M5: 45659 | O5: 1 | P5: =P4+N5-O5 -> 15 | Q5: U/AIRDINGIN | S5: 45658 | U5: 1 | V5: =V4+T5-U5 -> 56 | W5: U/SITEBA | Y5: 45685 | AA5: 1 | AB5: =AB4+Z5-AA5 -> 10 | AC5: U/KURAITAJI | AE5: 45659 | AG5: 1 | AH5: =AH4+AF5-AG5 -> 3 | AI5: U/LUBUKLINTAH | AK5: 45658 | AM5: 1 | AN5: =AN4+AL5-AM5 -> 44 | AO5: U/SEBPDG | AQ5: 45658 | AS5: 1 | AT5: =AT4+AR5-AS5 -> 78 | AU5: U/AIRTAWAR | AW5: 45659 | AY5: 1 | AZ5: =AZ4+AX5-AY5 -> 5 | BA5: U/LUBEG | BC5: 45672 | BE5: 1 | BF5: =BF4+BD5-BE5 -> 12 | BG5: U/CENDRAWASIH | BI5: 45660 | BK5: 1 | BL5: =BL4+BJ5-BK5 -> 11 | BM5: U/RAWANG | BO5: 45658 | BQ5: 1 | BR5: =BR4+BP5-BQ5 -> 1 | BS5: U/LUBEG | BU5: 45658 | BW5: 1 | BX5: =BX4+BV5-BW5 -> 51 | BY5: U/RAWANG | CD5: =CD4+CB5-CC5 -> 0 | CG5: 45662 | CI5: 1 | CJ5: =CJ4+CH5-CI5 -> 9 | CK5: U/BUNGUS | CM5: 45683 | CO5: 1 | CP5: =CP4+CN5-CO5 -> 3 | CQ5: U/SITEBA | CV5: =CV4+CT5-CU5 -> 0
A6: 45660 | C6: 1 | D6: =D5+B7-C7 -> 11 | E6: U/CENDRAWASIH | G6: 45663 | I6: 1 | J6: =J5+H6-I6 -> 19 | K6: U/TAPLAU | M6: 45659 | O6: 1 | P6: =P5+N6-O6 -> 14 | Q6: U/TAPLAU | S6: 45659 | U6: 1 | V6: =V5+T6-U6 -> 55 | W6: U/TAPLAU | AB6: =AB5+Z6-AA6 -> 10 | AE6: 45660 | AG6: 1 | AH6: =AH5+AF6-AG6 -> 2 | AI6: U/LUBAY | AK6: 45659 | AM6: 1 | AN6: =AN5+AL6-AM6 -> 43 | AO6: U/SITEBA | AQ6: 45658 | AS6: 1 | AT6: =AT5+AR6-AS6 -> 77 | AU6: U/TABING | AW6: 45663 | AY6: 1 | AZ6: =AZ5+AX6-AY6 -> 4 | BA6: U/ANDURING | BC6: 45675 | BE6: 1 | BF6: =BF5+BD6-BE6 -> 11 | BG6: U/TAPLAU | BI6: 45661 | BK6: 1 | BL6: =BL5+BJ6-BK6 -> 10 | BM6: U/JATI | BO6: 45659 | BQ6: 1 | BR6: =BR5+BP6-BQ6 -> 0 | BS6: U/AIRTAWAR | BU6: 45658 | BW6: 1 | BX6: =BX5+BV6-BW6 -> 50 | BY6: U/BANDARBUAT | CD6: =CD5+CB6-CC6 -> 0 | CG6: 45663 | CI6: 1 | CJ6: =CJ5+CH6-CI6 -> 8 | CK6: U/BALAIBARU | CM6: 45686 | CO6: 1 | CP6: =CP5+CN6-CO6 -> 2 | CQ6: U/KURAITAJI | CV6: =CV5+CT6-CU6 -> 0
A7: 45661 | C7: 1 | D7: =D6+B8-C8 -> 10 | E7: U/JATI | G7: 45663 | I7: 1 | J7: =J6+H7-I7 -> 18 | K7: U/PARAKLAWEH | M7: 45659 | O7: 1 | P7: =P6+N7-O7 -> 13 | Q7: U/JATI | S7: 45659 | U7: 1 | V7: =V6+T7-U7 -> 54 | W7: U/LUBAY | AB7: =AB6+Z7-AA7 -> 10 | AE7: 45660 | AG7: 1 | AH7: =AH6+AF7-AG7 -> 1 | AI7: U/LUBEG | AK7: 45659 | AM7: 1 | AN7: =AN6+AL7-AM7 -> 42 | AO7: U/TAPLAU | AQ7: 45658 | AS7: 1 | AT7: =AT6+AR7-AS7 -> 76 | AU7: U/LUBAY | AW7: 45663 | AY7: 1 | AZ7: =AZ6+AX7-AY7 -> 3 | BA7: U/JATI | BC7: 45679 | BE7: 1 | BF7: =BF6+BD7-BE7 -> 10 | BG7: U/LUBAY | BI7: 45663 | BK7: 1 | BL7: =BL6+BJ7-BK7 -> 9 | BM7: U/TABING | BO7: 45666 | BP7: 15 | BR7: =BR6+BP7-BQ7 -> 15 | BS7: MASUK GUDANG | BU7: 45659 | BW7: 1 | BX7: =BX6+BV7-BW7 -> 49 | BY7: U/BELIMBING | CD7: =CD6+CB7-CC7 -> 0 | CG7: 45666 | CI7: 1 | CJ7: =CJ6+CH7-CI7 -> 7 | CK7: U/LUBEG | CP7: =CP6+CN7-CO7 -> 2 | CV7: =CV6+CT7-CU7 -> 0
A8: 45662 | C8: 1 | D8: =D7+B9-C9 -> 9 | E8: U/TABING | G8: 45666 | I8: 1 | J8: =J7+H8-I8 -> 17 | K8: U/BELIMBING | M8: 45659 | O8: 1 | P8: =P7+N8-O8 -> 12 | Q8: U/LUBAY | S8: 45660 | U8: 1 | V8: =V7+T8-U8 -> 53 | W8: U/SEBPDG | AB8: =AB7+Z8-AA8 -> 10 | AE8: 45663 | AG8: 1 | AH8: =AH7+AF8-AG8 -> 0 | AI8: U/BANDARBUAT | AK8: 45659 | AM8: 1 | AN8: =AN7+AL8-AM8 -> 41 | AO8: U/AIRPACAH | AQ8: 45658 | AS8: 1 | AT8: =AT7+AR8-AS8 -> 75 | AU8: U/LUBUKLINTAH | AW8: 45663 | AY8: 1 | AZ8: =AZ7+AX8-AY8 -> 2 | BA8: U/LUBAY | BC8: 45686 | BE8: 2 | BF8: =BF7+BD8-BE8 -> 8 | BG8: U/KURAITAJI | BI8: 45663 | BK8: 1 | BL8: =BL7+BJ8-BK8 -> 8 | BM8: U/PARAKLAWEH | BO8: 45666 | BQ8: 1 | BR8: =BR7+BP8-BQ8 -> 14 | BS8: U/BELIMBING | BU8: 45659 | BW8: 1 | BX8: =BX7+BV8-BW8 -> 48 | BY8: U/TAPLAU | CD8: =CD7+CB8-CC8 -> 0 | CG8: 45670 | CI8: 1 | CJ8: =CJ7+CH8-CI8 -> 6 | CK8: U/BANDARBUAT | CP8: =CP7+CN8-CO8 -> 2 | CV8: =CV7+CT8-CU8 -> 0
A9: 45663 | C9: 1 | D9: =D8+B10-C10 -> 19 | E9: MASUK GUDANG | G9: 45668 | I9: 1 | J9: =J8+H9-I9 -> 16 | K9: U/JATI | M9: 45659 | O9: 1 | P9: =P8+N9-O9 -> 11 | Q9: U/TH | S9: 45660 | U9: 1 | V9: =V8+T9-U9 -> 52 | W9: U/RAWANG | AB9: =AB8+Z9-AA9 -> 10 | AE9: 45665 | AF9: 15 | AH9: =AH8+AF9-AG9 -> 15 | AI9: MASUK GUDANG | AK9: 45659 | AM9: 1 | AN9: =AN8+AL9-AM9 -> 40 | AO9: U/BANDARBUAT | AQ9: 45658 | AS9: 1 | AT9: =AT8+AR9-AS9 -> 74 | AU9: U/SEBPDG | AW9: 45669 | AY9: 1 | AZ9: =AZ8+AX9-AY9 -> 1 | BA9: U/AIRPACAH | BF9: =BF8+BD9-BE9 -> 8 | BI9: 45665 | BK9: 1 | BL9: =BL8+BJ9-BK9 -> 7 | BM9: U/SITEBA | BO9: 45666 | BQ9: 1 | BR9: =BR8+BP9-BQ9 -> 13 | BS9: U/AIRDINGIN | BU9: 45659 | BW9: 1 | BX9: =BX8+BV9-BW9 -> 47 | BY9: U/LUBAY | CD9: =CD8+CB9-CC9 -> 0 | CG9: 45672 | CI9: 2 | CJ9: =CJ8+CH9-CI9 -> 4 | CK9: U/LUBUKALUNG | CP9: =CP8+CN9-CO9 -> 2 | CV9: =CV8+CT9-CU9 -> 0
A10: 45665 | B10: 10 | D10: =D9+B11-C11 -> 18 | E10: U/AIRPACAH | G10: 45668 | I10: 1 | J10: =J9+H10-I10 -> 15 | K10: U/AIRDINGIN | M10: 45660 | O10: 1 | P10: =P9+N10-O10 -> 10 | Q10: U/CENDRAWASIH | S10: 45660 | U10: 1 | V10: =V9+T10-U10 -> 51 | W10: U/BANDARBUAT | AB10: =AB9+Z10-AA10 -> 10 | AE10: 45666 | AG10: 1 | AH10: =AH9+AF10-AG10 -> 14 | AI10: U/AIRPACAH | AK10: 45659 | AM10: 1 | AN10: =AN9+AL10-AM10 -> 39 | AO10: U/PASBAR | AQ10: 45658 | AS10: 1 | AT10: =AT9+AR10-AS10 -> 73 | AU10: U/SITEBA | AW10: 45670 | AY10: 1 | AZ10: =AZ9+AX10-AY10 -> 0 | BA10: U/PARAKLAWEH | BF10: =BF9+BD10-BE10 -> 8 | BI10: 45666 | BK10: 1 | BL10: =BL9+BJ10-BK10 -> 6 | BM10: U/BELIMBING | BO10: 45666 | BQ10: 1 | BR10: =BR9+BP10-BQ10 -> 12 | BS10: U/BALAIBARU | BU10: 45659 | BW10: 1 | BX10: =BX9+BV10-BW10 -> 46 | BY10: U/SEBPDG | CD10: =CD9+CB10-CC10 -> 0 | CG10: 45676 | CH10: 5 | CJ10: =CJ9+CH10-CI10 -> 9 | CK10: MASUK GUDANG | CP10: =CP9+CN10-CO10 -> 2 | CV10: =CV9+CT10-CU10 -> 0
A11: 45665 | C11: 1 | D11: =D10+B12-C12 -> 17 | E11: U/BUNGUS | G11: 45670 | I11: 1 | J11: =J10+H11-I11 -> 14 | K11: U/ANDURING | M11: 45660 | O11: 1 | P11: =P10+N11-O11 -> 9 | Q11: U/KASANG | S11: 45660 | U11: 1 | V11: =V10+T11-U11 -> 50 | W11: U/PASBAR | AB11: =AB10+Z11-AA11 -> 10 | AE11: 45667 | AG11: 1 | AH11: =AH10+AF11-AG11 -> 13 | AI11: U/BELIMBING | AK11: 45660 | AM11: 1 | AN11: =AN10+AL11-AM11 -> 38 | AO11: U/TH | AQ11: 45659 | AS11: 1 | AT11: =AT10+AR11-AS11 -> 72 | AU11: U/AIRDINGIN | AW11: 45671 | AX11: 20 | AZ11: =AZ10+AX11-AY11 -> 20 | BA11: MASUK GUDANG | BF11: =BF10+BD11-BE11 -> 8 | BI11: 45666 | BK11: 1 | BL11: =BL10+BJ11-BK11 -> 5 | BM11: U/AIRDINGIN | BO11: 45666 | BQ11: 1 | BR11: =BR10+BP11-BQ11 -> 11 | BS11: U/GP | BU11: 45660 | BW11: 1 | BX11: =BX10+BV11-BW11 -> 45 | BY11: U/JATI | CD11: =CD10+CB11-CC11 -> 0 | CG11: 45676 | CI11: 1 | CJ11: =CJ10+CH11-CI11 -> 8 | CK11: U/SITEBA | CP11: =CP10+CN11-CO11 -> 2 | CV11: =CV10+CT11-CU11 -> 0
A12: 45666 | C12: 1 | D12: =D11+B13-C13 -> 16 | E12: U/CENDRAWASIH | G12: 45672 | I12: 2 | J12: =J11+H12-I12 -> 12 | K12: U/LUBUKALUNG | M12: 45661 | O12: 1 | P12: =P11+N12-O12 -> 8 | Q12: U/GP | S12: 45660 | U12: 1 | V12: =V11+T12-U12 -> 49 | W12: U/AIRDINGIN | AB12: =AB11+Z12-AA12 -> 10 | AE12: 45668 | AG12: 1 | AH12: =AH11+AF12-AG12 -> 12 | AI12: U/ANDURING | AK12: 45660 | AM12: 1 | AN12: =AN11+AL12-AM12 -> 37 | AO12: U/LUBAY | AQ12: 45659 | AS12: 1 | AT12: =AT11+AR12-AS12 -> 71 | AU12: U/BALAIBARU | AW12: 45672 | AY12: 2 | AZ12: =AZ11+AX12-AY12 -> 18 | BA12: U/LUBUKALUNG | BF12: =BF11+BD12-BE12 -> 8 | BI12: 45666 | BK12: 1 | BL12: =BL11+BJ12-BK12 -> 4 | BM12: U/BUNGUS | BO12: 45666 | BQ12: 1 | BR12: =BR11+BP12-BQ12 -> 10 | BS12: U/KASANG | BU12: 45660 | BW12: 1 | BX12: =BX11+BV12-BW12 -> 44 | BY12: U/LUBEG | CD12: =CD11+CB12-CC12 -> 0 | CG12: 45685 | CI12: 1 | CJ12: =CJ11+CH12-CI12 -> 7 | CK12: U/AIRPACAH | CP12: =CP11+CN12-CO12 -> 2 | CV12: =CV11+CT12-CU12 -> 0
A13: 45666 | C13: 1 | D13: =D12+B14-C14 -> 15 | E13: U/PARAKLAWEH | G13: 45676 | I13: 1 | J13: =J12+H13-I13 -> 11 | K13: U/LUBEG | M13: 45661 | O13: 1 | P13: =P12+N13-O13 -> 7 | Q13: U/BANDARBUAT | S13: 45661 | U13: 1 | V13: =V12+T13-U13 -> 48 | W13: U/LUBEG | AB13: =AB12+Z13-AA13 -> 10 | AE13: 45672 | AG13: 2 | AH13: =AH12+AF13-AG13 -> 10 | AI13: U/LUBUKALUNG | AK13: 45660 | AM13: 1 | AN13: =AN12+AL13-AM13 -> 36 | AO13: U/LUBEG | AQ13: 45659 | AS13: 1 | AT13: =AT12+AR13-AS13 -> 70 | AU13: U/AIRPACAH | AW13: 45676 | AY13: 1 | AZ13: =AZ12+AX13-AY13 -> 17 | BA13: U/PASBAR | BF13: =BF12+BD13-BE13 -> 8 | BI13: 45667 | BK13: 1 | BL13: =BL12+BJ13-BK13 -> 3 | BM13: U/GP | BO13: 45667 | BQ13: 1 | BR13: =BR12+BP13-BQ13 -> 9 | BS13: U/TABING | BU13: 45660 | BW13: 1 | BX13: =BX12+BV13-BW13 -> 43 | BY13: U/SITEBA | CD13: =CD12+CB13-CC13 -> 0 | CG13: 45686 | CI13: 2 | CJ13: =CJ12+CH13-CI13 -> 5 | CK13: U/KURAITAJI | CP13: =CP12+CN13-CO13 -> 2 | CV13: =CV12+CT13-CU13 -> 0
A14: 45671 | C14: 1 | D14: =D13+B15-C15 -> 13 | E14: U/LUBUKALUNG | G14: 45677 | I14: 1 | J14: =J13+H14-I14 -> 10 | K14: U/BANDARBUAT | M14: 45661 | O14: 1 | P14: =P13+N14-O14 -> 6 | Q14: U/SITEBA | S14: 45662 | U14: 1 | V14: =V13+T14-U14 -> 47 | W14: U/PARAKLAWEH | AB14: =AB13+Z14-AA14 -> 10 | AE14: 45673 | AG14: 1 | AH14: =AH13+AF14-AG14 -> 9 | AI14: U/TABING | AK14: 45660 | AM14: 1 | AN14: =AN13+AL14-AM14 -> 35 | AO14: U/AIRDINGIN | AQ14: 45659 | AS14: 1 | AT14: =AT13+AR14-AS14 -> 69 | AU14: U/BANDARBUAT | AW14: 45677 | AY14: 1 | AZ14: =AZ13+AX14-AY14 -> 16 | BA14: U/LUBEG | BF14: =BF13+BD14-BE14 -> 8 | BI14: 45667 | BK14: 1 | BL14: =BL13+BJ14-BK14 -> 2 | BM14: U/ANDURING | BO14: 45668 | BQ14: 1 | BR14: =BR13+BP14-BQ14 -> 8 | BS14: U/GP | BU14: 45661 | BW14: 1 | BX14: =BX13+BV14-BW14 -> 42 | BY14: U/GP | CD14: =CD13+CB14-CC14 -> 0 | CG14: 45688 | CI14: 1 | CJ14: =CJ13+CH14-CI14 -> 4 | CK14: U/ANDURING | CP14: =CP13+CN14-CO14 -> 2 | CV14: =CV13+CT14-CU14 -> 0
A15: 45672 | C15: 2 | D15: =D14+B16-C16 -> 12 | E15: U/SITEBA | G15: 45677 | I15: 1 | J15: =J14+H15-I15 -> 9 | K15: U/SEBPDG | M15: 45662 | O15: 1 | P15: =P14+N15-O15 -> 5 | Q15: U/PARAKLAWEH | S15: 45662 | U15: 1 | V15: =V14+T15-U15 -> 46 | W15: U/SITEBA | AB15: =AB14+Z15-AA15 -> 10 | AE15: 45676 | AF15: 10 | AH15: =AH14+AF15-AG15 -> 19 | AI15: MASUK GUDANG | AK15: 45660 | AM15: 1 | AN15: =AN14+AL15-AM15 -> 34 | AO15: U/BALAIBARU | AQ15: 45659 | AS15: 1 | AT15: =AT14+AR15-AS15 -> 68 | AU15: U/PASBAR | AW15: 45680 | AY15: 1 | AZ15: =AZ14+AX15-AY15 -> 15 | BA15: U/TABING | BF15: =BF14+BD15-BE15 -> 8 | BI15: 45667 | BK15: 1 | BL15: =BL14+BJ15-BK15 -> 1 | BM15: U/LUBEG | BO15: 45668 | BQ15: 1 | BR15: =BR14+BP15-BQ15 -> 7 | BS15: U/SEBPDG | BU15: 45661 | BW15: 1 | BX15: =BX14+BV15-BW15 -> 41 | BY15: U/AIRPACAH | CD15: =CD14+CB15-CC15 -> 0 | CG15: 45688 | CI15: 1 | CJ15: =CJ14+CH15-CI15 -> 3 | CK15: U/LUBUKALUNG | CP15: =CP14+CN15-CO15 -> 2 | CV15: =CV14+CT15-CU15 -> 0
A16: 45674 | C16: 1 | D16: =D15+B17-C17 -> 11 | E16: U/LUBAY | G16: 45683 | I16: 1 | J16: =J15+H16-I16 -> 8 | K16: U/LUBUKALUNG | M16: 45662 | O16: 1 | P16: =P15+N16-O16 -> 4 | Q16: U/PASBAR | S16: 45662 | U16: 2 | V16: =V15+T16-U16 -> 44 | W16: U/BUNGUS | AB16: =AB15+Z16-AA16 -> 10 | AE16: 45676 | AG16: 1 | AH16: =AH15+AF16-AG16 -> 18 | AI16: U/KASANG | AK16: 45661 | AM16: 1 | AN16: =AN15+AL16-AM16 -> 33 | AO16: U/AIRPACAH | AQ16: 45660 | AS16: 1 | AT16: =AT15+AR16-AS16 -> 67 | AU16: U/TAPLAU | AW16: 45681 | AY16: 1 | AZ16: =AZ15+AX16-AY16 -> 14 | BA16: U/RAWANG | BF16: =BF15+BD16-BE16 -> 8 | BI16: 45668 | BK16: 1 | BL16: =BL15+BJ16-BK16 -> 0 | BM16: U/LUBAY | BO16: 45669 | BQ16: 1 | BR16: =BR15+BP16-BQ16 -> 6 | BS16: U/SITEBA | BU16: 45661 | BW16: 1 | BX16: =BX15+BV16-BW16 -> 40 | BY16: U/TABING | CD16: =CD15+CB16-CC16 -> 0 | CJ16: =CJ15+CH16-CI16 -> 3 | CP16: =CP15+CN16-CO16 -> 2 | CV16: =CV15+CT16-CU16 -> 0
A17: 45675 | C17: 1 | D17: =D16+B18-C18 -> 21 | E17: MASUK GUDANG | G17: 45683 | I17: 1 | J17: =J16+H17-I17 -> 7 | K17: U/SITEBA | M17: 45662 | O17: 1 | P17: =P16+N17-O17 -> 3 | Q17: U/BELIMBING | S17: 45662 | U17: 1 | V17: =V16+T17-U17 -> 43 | W17: U/GP | AB17: =AB16+Z17-AA17 -> 10 | AE17: 45678 | AG17: 1 | AH17: =AH16+AF17-AG17 -> 17 | AI17: U/GP | AK17: 45661 | AM17: 1 | AN17: =AN16+AL17-AM17 -> 32 | AO17: U/TABING | AQ17: 45660 | AS17: 1 | AT17: =AT16+AR17-AS17 -> 66 | AU17: U/ANDURING | AW17: 45683 | AY17: 1 | AZ17: =AZ16+AX17-AY17 -> 13 | BA17: U/SITEBA | BF17: =BF16+BD17-BE17 -> 8 | BI17: 45671 | BJ17: 25 | BL17: =BL16+BJ17-BK17 -> 25 | BM17: MASUK GUDANG | BO17: 45669 | BQ17: 1 | BR17: =BR16+BP17-BQ17 -> 5 | BS17: U/BUNGUS | BU17: 45661 | BW17: 1 | BX17: =BX16+BV17-BW17 -> 39 | BY17: U/PARAKLAWEH | CD17: =CD16+CB17-CC17 -> 0 | CJ17: =CJ16+CH17-CI17 -> 3 | CP17: =CP16+CN17-CO17 -> 2 | CV17: =CV16+CT17-CU17 -> 0
A18: 45676 | B18: 10 | D18: =D17+B19-C19 -> 20 | E18: U/RAWANG | G18: 45684 | I18: 1 | J18: =J17+H18-I18 -> 6 | K18: U/LUBAY | M18: 45664 | O18: 1 | P18: =P17+N18-O18 -> 2 | Q18: U/AIRPACAH | S18: 45662 | U18: 2 | V18: =V17+T18-U18 -> 41 | W18: U/KASANG | AB18: =AB17+Z18-AA18 -> 10 | AE18: 45680 | AG18: 1 | AH18: =AH17+AF18-AG18 -> 16 | AI18: U/BUNGUS | AK18: 45661 | AM18: 1 | AN18: =AN17+AL18-AM18 -> 31 | AO18: U/LUBUKLINTAH | AQ18: 45660 | AS18: 1 | AT18: =AT17+AR18-AS18 -> 65 | AU18: U/CENDRAWASIH | AW18: 45684 | AY18: 1 | AZ18: =AZ17+AX18-AY18 -> 12 | BA18: U/AIRDINGIN | BF18: =BF17+BD18-BE18 -> 8 | BI18: 45672 | BK18: 2 | BL18: =BL17+BJ18-BK18 -> 23 | BM18: U/LUBUKALUNG | BO18: 45670 | BQ18: 1 | BR18: =BR17+BP18-BQ18 -> 4 | BS18: U/AIRPACAH | BU18: 45661 | BW18: 1 | BX18: =BX17+BV18-BW18 -> 38 | BY18: U/AIRDINGIN | CD18: =CD17+CB18-CC18 -> 0 | CJ18: =CJ17+CH18-CI18 -> 3 | CP18: =CP17+CN18-CO18 -> 2 | CV18: =CV17+CT18-CU18 -> 0
A19: 45677 | C19: 1 | D19: =D18+B20-C20 -> 19 | E19: U/ANDURING | G19: 45684 | I19: 1 | J19: =J18+H19-I19 -> 5 | K19: U/SITEBA | M19: 45666 | O19: 1 | P19: =P18+N19-O19 -> 1 | Q19: U/LUBEG | S19: 45663 | U19: 1 | V19: =V18+T19-U19 -> 40 | W19: U/JATI | AB19: =AB18+Z19-AA19 -> 10 | AE19: 45682 | AG19: 1 | AH19: =AH18+AF19-AG19 -> 15 | AI19: U/RAWANG | AK19: 45661 | AM19: 1 | AN19: =AN18+AL19-AM19 -> 30 | AO19: U/ANDURING | AQ19: 45660 | AS19: 1 | AT19: =AT18+AR19-AS19 -> 64 | AU19: U/TABING | AW19: 45685 | AY19: 1 | AZ19: =AZ18+AX19-AY19 -> 11 | BA19: U/KASANG | BF19: =BF18+BD19-BE19 -> 8 | BI19: 45672 | BK19: 1 | BL19: =BL18+BJ19-BK19 -> 22 | BM19: U/BELIBIS | BO19: 45671 | BQ19: 1 | BR19: =BR18+BP19-BQ19 -> 3 | BS19: U/ANDURING | BU19: 45661 | BW19: 1 | BX19: =BX18+BV19-BW19 -> 37 | BY19: U/BALAIBARU | CD19: =CD18+CB19-CC19 -> 0 | CJ19: =CJ18+CH19-CI19 -> 3 | CP19: =CP18+CN19-CO19 -> 2 | CV19: =CV18+CT19-CU19 -> 0
A20: 45677 | C20: 1 | D20: =D19+B21-C21 -> 18 | E20: U/BELIBIS | G20: 45684 | I20: 2 | J20: =J19+H20-I20 -> 3 | K20: U/KURAITAJI | M20: 45666 | O20: 1 | P20: =P19+N20-O20 -> 0 | Q20: U/BALAIBARU | S20: 45663 | U20: 1 | V20: =V19+T20-U20 -> 39 | W20: U/AIRPACAH | AB20: =AB19+Z20-AA20 -> 10 | AE20: 45682 | AG20: 1 | AH20: =AH19+AF20-AG20 -> 14 | AI20: U/BELIBIS | AK20: 45661 | AM20: 1 | AN20: =AN19+AL20-AM20 -> 29 | AO20: U/LUBEG | AQ20: 45660 | AS20: 1 | AT20: =AT19+AR20-AS20 -> 63 | AU20: U/KASANG | AW20: 45686 | AY20: 1 | AZ20: =AZ19+AX20-AY20 -> 10 | BA20: U/GP | BF20: =BF19+BD20-BE20 -> 8 | BI20: 45672 | BK20: 1 | BL20: =BL19+BJ20-BK20 -> 21 | BM20: U/AIRPACAH | BO20: 45672 | BQ20: 2 | BR20: =BR19+BP20-BQ20 -> 1 | BS20: U/LUBUKALUNG | BU20: 45662 | BW20: 1 | BX20: =BX19+BV20-BW20 -> 36 | BY20: U/RAWANG | CD20: =CD19+CB20-CC20 -> 0 | CJ20: =CJ19+CH20-CI20 -> 3 | CP20: =CP19+CN20-CO20 -> 2 | CV20: =CV19+CT20-CU20 -> 0
A21: 45678 | C21: 1 | D21: =D20+B22-C22 -> 17 | E21: U/SEBPDG | G21: 45688 | I21: 1 | J21: =J20+H21-I21 -> 2 | K21: U/LUBUKLINTAH | M21: 45672 | N21: 16 | P21: =P20+N21-O21 -> 16 | Q21: MASUK GUDANG | S21: 45663 | U21: 1 | V21: =V20+T21-U21 -> 38 | W21: U/LUBAY | AB21: =AB20+Z21-AA21 -> 10 | AE21: 45685 | AG21: 1 | AH21: =AH20+AF21-AG21 -> 13 | AI21: U/SITEBA | AK21: 45661 | AM21: 1 | AN21: =AN20+AL21-AM21 -> 28 | AO21: U/SEBPDG | AQ21: 45660 | AS21: 1 | AT21: =AT20+AR21-AS21 -> 62 | AU21: U/RAWANG | AW21: 45686 | AY21: 1 | AZ21: =AZ20+AX21-AY21 -> 9 | BA21: U/TH | BF21: =BF20+BD21-BE21 -> 8 | BI21: 45672 | BK21: 1 | BL21: =BL20+BJ21-BK21 -> 20 | BM21: U/SEBPDG | BO21: 45672 | BP21: 15 | BR21: =BR20+BP21-BQ21 -> 16 | BS21: MASUK GUDANG | BU21: 45662 | BW21: 2 | BX21: =BX20+BV21-BW21 -> 34 | BY21: U/BUNGUS | CD21: =CD20+CB21-CC21 -> 0 | CJ21: =CJ20+CH21-CI21 -> 3 | CP21: =CP20+CN21-CO21 -> 2 | CV21: =CV20+CT21-CU21 -> 0
A22: 45679 | C22: 1 | D22: =D21+B23-C23 -> 16 | E22: U/BELIMBING | G22: 45688 | I22: 1 | J22: =J21+H22-I22 -> 1 | K22: U/AIRPACAH | M22: 45673 | O22: 1 | P22: =P21+N22-O22 -> 15 | Q22: U/SEBPDG | S22: 45663 | U22: 1 | V22: =V21+T22-U22 -> 37 | W22: U/TH | AB22: =AB21+Z22-AA22 -> 10 | AE22: 45686 | AG22: 1 | AH22: =AH21+AF22-AG22 -> 12 | AI22: U/TAPLAU | AK22: 45662 | AM22: 1 | AN22: =AN21+AL22-AM22 -> 27 | AO22: U/PARAKLAWEH | AQ22: 45661 | AS22: 1 | AT22: =AT21+AR22-AS22 -> 61 | AU22: U/JATI | AW22: 45687 | AY22: 1 | AZ22: =AZ21+AX22-AY22 -> 8 | BA22: U/BELIMBING | BF22: =BF21+BD22-BE22 -> 8 | BI22: 45672 | BK22: 1 | BL22: =BL21+BJ22-BK22 -> 19 | BM22: U/BALAIBARU | BO22: 45672 | BQ22: 1 | BR22: =BR21+BP22-BQ22 -> 15 | BS22: U/PASBAR | BU22: 45662 | BW22: 1 | BX22: =BX21+BV22-BW22 -> 33 | BY22: U/LUBAY | CD22: =CD21+CB22-CC22 -> 0 | CJ22: =CJ21+CH22-CI22 -> 3 | CP22: =CP21+CN22-CO22 -> 2 | CV22: =CV21+CT22-CU22 -> 0
A23: 45679 | C23: 1 | D23: =D22+B24-C24 -> 15 | E23: U/KASANG | J23: =J22+H23-I23 -> 1 | M23: 45673 | O23: 1 | P23: =P22+N23-O23 -> 14 | Q23: U/RAWANG | S23: 45663 | U23: 1 | V23: =V22+T23-U23 -> 36 | W23: U/ANDURING | AB23: =AB22+Z23-AA23 -> 10 | AE23: 45686 | AG23: 1 | AH23: =AH22+AF23-AG23 -> 11 | AI23: U/BALAIBARU | AK23: 45662 | AM23: 1 | AN23: =AN22+AL23-AM23 -> 26 | AO23: U/PASBAR | AQ23: 45661 | AS23: 1 | AT23: =AT22+AR23-AS23 -> 60 | AU23: U/LUBAY | AW23: 45687 | AY23: 1 | AZ23: =AZ22+AX23-AY23 -> 7 | BA23: U/BUNGUS | BF23: =BF22+BD23-BE23 -> 8 | BI23: 45676 | BK23: 1 | BL23: =BL22+BJ23-BK23 -> 18 | BM23: U/TABING | BO23: 45671 | BQ23: 1 | BR23: =BR22+BP23-BQ23 -> 14 | BS23: U/LUBAY | BU23: 45663 | BW23: 1 | BX23: =BX22+BV23-BW23 -> 32 | BY23: U/TABING | CD23: =CD22+CB23-CC23 -> 0 | CJ23: =CJ22+CH23-CI23 -> 3 | CP23: =CP22+CN23-CO23 -> 2 | CV23: =CV22+CT23-CU23 -> 0
A24: 45682 | C24: 1 | D24: =D23+B25-C25 -> 14 | E24: U/LUBUKALUNG | J24: =J23+H24-I24 -> 1 | M24: 45673 | O24: 1 | P24: =P23+N24-O24 -> 13 | Q24: U/AIRDINGIN | S24: 45665 | T24: 10 | V24: =V23+T24-U24 -> 46 | W24: MASUK GUDANG | AB24: =AB23+Z24-AA24 -> 10 | AE24: 45687 | AG24: 1 | AH24: =AH23+AF24-AG24 -> 10 | AI24: U/AIRDINGIN | AK24: 45662 | AM24: 1 | AN24: =AN23+AL24-AM24 -> 25 | AO24: U/BELIMBING | AQ24: 45661 | AS24: 1 | AT24: =AT23+AR24-AS24 -> 59 | AU24: U/LUBEG | AW24: 45686 | AY24: 2 | AZ24: =AZ23+AX24-AY24 -> 5 | BA24: U/KURATAJI | BF24: =BF23+BD24-BE24 -> 8 | BI24: 45676 | BK24: 1 | BL24: =BL23+BJ24-BK24 -> 17 | BM24: U/TAPLAU | BO24: 45679 | BQ24: 1 | BR24: =BR23+BP24-BQ24 -> 13 | BS24: U/BALAIBARU | BU24: 45663 | BW24: 1 | BX24: =BX23+BV24-BW24 -> 31 | BY24: U/LUBUKLINTAH | CD24: =CD23+CB24-CC24 -> 0 | CJ24: =CJ23+CH24-CI24 -> 3 | CP24: =CP23+CN24-CO24 -> 2 | CV24: =CV23+CT24-CU24 -> 0
A25: 45683 | C25: 1 | D25: =D24+B26-C26 -> 13 | E25: U/AIRTAWAR | J25: =J24+H25-I25 -> 1 | M25: 45673 | O25: 1 | P25: =P24+N25-O25 -> 12 | Q25: U/BUNGUS | S25: 45666 | U25: 1 | V25: =V24+T25-U25 -> 45 | W25: U/AIRDINGIN | AB25: =AB24+Z25-AA25 -> 10 | AE25: 45687 | AG25: 1 | AH25: =AH24+AF25-AG25 -> 9 | AI25: U/JATI | AK25: 45662 | AM25: 1 | AN25: =AN24+AL25-AM25 -> 24 | AO25: U/AIRDINGIN | AQ25: 45661 | AS25: 1 | AT25: =AT24+AR25-AS25 -> 58 | AU25: U/PARAKLAWEH | AZ25: =AZ24+AX25-AY25 -> 5 | BF25: =BF24+BD25-BE25 -> 8 | BI25: 45676 | BK25: 1 | BL25: =BL24+BJ25-BK25 -> 16 | BM25: U/BUNGUS | BO25: 45680 | BQ25: 1 | BR25: =BR24+BP25-BQ25 -> 12 | BS25: U/LUBUKLINTAH | BU25: 45663 | BW25: 1 | BX25: =BX24+BV25-BW25 -> 30 | BY25: U/LUBEG | CD25: =CD24+CB25-CC25 -> 0 | CJ25: =CJ24+CH25-CI25 -> 3 | CP25: =CP24+CN25-CO25 -> 2 | CV25: =CV24+CT25-CU25 -> 0
A26: 45685 | C26: 1 | D26: =D25+B27-C27 -> 12 | E26: U/BUNGUS | J26: =J25+H26-I26 -> 1 | M26: 45673 | O26: 1 | P26: =P25+N26-O26 -> 11 | Q26: U/TABING | S26: 45667 | U26: 1 | V26: =V25+T26-U26 -> 44 | W26: U/TABING | AB26: =AB25+Z26-AA26 -> 10 | AE26: 45687 | AG26: 1 | AH26: =AH25+AF26-AG26 -> 8 | AI26: U/LUBAY | AK26: 45662 | AM26: 1 | AN26: =AN25+AL26-AM26 -> 23 | AO26: U/GP | AQ26: 45661 | AS26: 1 | AT26: =AT25+AR26-AS26 -> 57 | AU26: U/BANDARBUAT | AZ26: =AZ25+AX26-AY26 -> 5 | BF26: =BF25+BD26-BE26 -> 8 | BI26: 45678 | BK26: 1 | BL26: =BL25+BJ26-BK26 -> 15 | BM26: U/LUBUKLINTAH | BO26: 45682 | BQ26: 1 | BR26: =BR25+BP26-BQ26 -> 11 | BS26: U/LUBEG | BU26: 45663 | BW26: 1 | BX26: =BX25+BV26-BW26 -> 29 | BY26: U/SEBPDG | CD26: =CD25+CB26-CC26 -> 0 | CJ26: =CJ25+CH26-CI26 -> 3 | CP26: =CP25+CN26-CO26 -> 2 | CV26: =CV25+CT26-CU26 -> 0
A27: 45687 | C27: 1 | D27: =D26+B28-C28 -> 10 | E27: U/KURAITAJI | J27: =J26+H27-I27 -> 1 | M27: 45673 | O27: 1 | P27: =P26+N27-O27 -> 10 | Q27: U/BELIBIS | S27: 45668 | U27: 1 | V27: =V26+T27-U27 -> 43 | W27: U/LUBUKLINTAH | AB27: =AB26+Z27-AA27 -> 10 | AE27: 45688 | AG27: 1 | AH27: =AH26+AF27-AG27 -> 7 | AI27: U/AIRPACAH | AK27: 45662 | AM27: 1 | AN27: =AN26+AL27-AM27 -> 22 | AO27: U/BELIBIS | AQ27: 45662 | AS27: 1 | AT27: =AT26+AR27-AS27 -> 56 | AU27: U/SITEBA | AZ27: =AZ26+AX27-AY27 -> 5 | BF27: =BF26+BD27-BE27 -> 8 | BI27: 45679 | BK27: 1 | BL27: =BL26+BJ27-BK27 -> 14 | BM27: U/BANDARBUAT | BO27: 45682 | BQ27: 1 | BR27: =BR26+BP27-BQ27 -> 10 | BS27: U/BANDARBUAT | BU27: 45663 | BW27: 1 | BX27: =BX26+BV27-BW27 -> 28 | BY27: U/PASBAR | CD27: =CD26+CB27-CC27 -> 0 | CJ27: =CJ26+CH27-CI27 -> 3 | CP27: =CP26+CN27-CO27 -> 2 | CV27: =CV26+CT27-CU27 -> 0
A28: 45685 | C28: 2 | D28: =D27+B29-C29 -> 10 | J28: =J27+H28-I28 -> 1 | M28: 45673 | O28: 1 | P28: =P27+N28-O28 -> 9 | Q28: U/AIRTAWAR | S28: 45668 | U28: 1 | V28: =V27+T28-U28 -> 42 | W28: U/SEBPDG | AB28: =AB27+Z28-AA28 -> 10 | AE28: 45687 | AG28: 2 | AH28: =AH27+AF28-AG28 -> 5 | AI28: U/KURAITAJI | AK28: 45662 | AM28: 1 | AN28: =AN27+AL28-AM28 -> 21 | AO28: U/LUBAY | AQ28: 45662 | AS28: 1 | AT28: =AT27+AR28-AS28 -> 55 | AU28: U/BELIBIS | AZ28: =AZ27+AX28-AY28 -> 5 | BF28: =BF27+BD28-BE28 -> 8 | BI28: 45682 | BK28: 1 | BL28: =BL27+BJ28-BK28 -> 13 | BM28: U/KASANG | BO28: 45682 | BQ28: 1 | BR28: =BR27+BP28-BQ28 -> 9 | BS28: U/TAPLAU | BU28: 45664 | BW28: 1 | BX28: =BX27+BV28-BW28 -> 27 | BY28: U/BANDARBUAT | CD28: =CD27+CB28-CC28 -> 0 | CJ28: =CJ27+CH28-CI28 -> 3 | CP28: =CP27+CN28-CO28 -> 2 | CV28: =CV27+CT28-CU28 -> 0
D29: =D28+B30-C30 -> 10 | J29: =J28+H29-I29 -> 1 | M29: 45674 | O29: 1 | P29: =P28+N29-O29 -> 8 | Q29: U/SEBPDG | S29: 45668 | U29: 1 | V29: =V28+T29-U29 -> 41 | W29: U/BALAIBARU | AB29: =AB28+Z29-AA29 -> 10 | AH29: =AH28+AF29-AG29 -> 5 | AK29: 45663 | AM29: 1 | AN29: =AN28+AL29-AM29 -> 20 | AO29: U/JATI | AQ29: 45662 | AS29: 1 | AT29: =AT28+AR29-AS29 -> 54 | AU29: U/AIRPACAH | AZ29: =AZ28+AX29-AY29 -> 5 | BF29: =BF28+BD29-BE29 -> 8 | BI29: 45683 | BK29: 1 | BL29: =BL28+BJ29-BK29 -> 12 | BM29: U/LUBUKALUNG | BO29: 45682 | BQ29: 1 | BR29: =BR28+BP29-BQ29 -> 8 | BS29: U/JATI | BU29: 45664 | BW29: 1 | BX29: =BX28+BV29-BW29 -> 26 | BY29: U/BELIBIS | CD29: =CD28+CB29-CC29 -> 0 | CJ29: =CJ28+CH29-CI29 -> 3 | CP29: =CP28+CN29-CO29 -> 2 | CV29: =CV28+CT29-CU29 -> 0
D30: =D29+B31-C31 -> 10 | J30: =J29+H30-I30 -> 1 | M30: 45676 | O30: 2 | P30: =P29+N30-O30 -> 6 | Q30: U/LUBUKALUNG | S30: 45669 | U30: 1 | V30: =V29+T30-U30 -> 40 | W30: U/LUBEG | AB30: =AB29+Z30-AA30 -> 10 | AH30: =AH29+AF30-AG30 -> 5 | AK30: 45663 | AM30: 1 | AN30: =AN29+AL30-AM30 -> 19 | AO30: U/GP | AQ30: 45663 | AS30: 1 | AT30: =AT29+AR30-AS30 -> 53 | AU30: U/BELIMBING | AZ30: =AZ29+AX30-AY30 -> 5 | BF30: =BF29+BD30-BE30 -> 8 | BI30: 45685 | BK30: 1 | BL30: =BL29+BJ30-BK30 -> 11 | BM30: U/JATI | BO30: 45682 | BQ30: 1 | BR30: =BR29+BP30-BQ30 -> 7 | BS30: U/LUBAY | BU30: 45664 | BW30: 1 | BX30: =BX29+BV30-BW30 -> 25 | BY30: U/AIRPACAH | CD30: =CD29+CB30-CC30 -> 0 | CJ30: =CJ29+CH30-CI30 -> 3 | CP30: =CP29+CN30-CO30 -> 2 | CV30: =CV29+CT30-CU30 -> 0
D31: =D30+B32-C32 -> 10 | J31: =J30+H31-I31 -> 1 | M31: 45677 | O31: 1 | P31: =P30+N31-O31 -> 5 | Q31: U/LUBAY | S31: 45669 | U31: 1 | V31: =V30+T31-U31 -> 39 | W31: U/BELIMBING | AB31: =AB30+Z31-AA31 -> 10 | AH31: =AH30+AF31-AG31 -> 5 | AK31: 45663 | AM31: 1 | AN31: =AN30+AL31-AM31 -> 18 | AO31: U/RAWANG | AQ31: 45663 | AS31: 1 | AT31: =AT30+AR31-AS31 -> 52 | AU31: U/AIRDINGIN | AZ31: =AZ30+AX31-AY31 -> 5 | BF31: =BF30+BD31-BE31 -> 8 | BI31: 45686 | BK31: 1 | BL31: =BL30+BJ31-BK31 -> 10 | BM31: U/JATI | BO31: 45684 | BQ31: 1 | BR31: =BR30+BP31-BQ31 -> 6 | BS31: U/JATI | BU31: 45665 | BV31: 30 | BX31: =BX30+BV31-BW31 -> 55 | BY31: MASUK GUDANG | CD31: =CD30+CB31-CC31 -> 0 | CJ31: =CJ30+CH31-CI31 -> 3 | CP31: =CP30+CN31-CO31 -> 2 | CV31: =CV30+CT31-CU31 -> 0
D32: =D31+B33-C33 -> 10 | J32: =J31+H32-I32 -> 1 | M32: 45677 | O32: 1 | P32: =P31+N32-O32 -> 4 | Q32: U/GP | S32: 45669 | U32: 1 | V32: =V31+T32-U32 -> 38 | W32: U/BELIBIS | AB32: =AB31+Z32-AA32 -> 10 | AH32: =AH31+AF32-AG32 -> 5 | AK32: 45663 | AM32: 1 | AN32: =AN31+AL32-AM32 -> 17 | AO32: U/BANDARBUAT | AQ32: 45664 | AS32: 1 | AT32: =AT31+AR32-AS32 -> 51 | AU32: U/ANDURING | AZ32: =AZ31+AX32-AY32 -> 5 | BF32: =BF31+BD32-BE32 -> 8 | BI32: 45687 | BK32: 1 | BL32: =BL31+BJ32-BK32 -> 9 | BM32: U/SITEBA | BO32: 45685 | BQ32: 1 | BR32: =BR31+BP32-BQ32 -> 5 | BS32: U/PARAKLAWEH | BU32: 45665 | BW32: 1 | BX32: =BX31+BV32-BW32 -> 54 | BY32: U/JATI | CD32: =CD31+CB32-CC32 -> 0 | CJ32: =CJ31+CH32-CI32 -> 3 | CP32: =CP31+CN32-CO32 -> 2 | CV32: =CV31+CT32-CU32 -> 0
D33: =D32+B34-C34 -> 10 | J33: =J32+H33-I33 -> 1 | M33: 45677 | O33: 1 | P33: =P32+N33-O33 -> 3 | Q33: U/BANDARBUAT | S33: 45669 | U33: 1 | V33: =V32+T33-U33 -> 37 | W33: U/AIRPACAH | AB33: =AB32+Z33-AA33 -> 10 | AH33: =AH32+AF33-AG33 -> 5 | AK33: 45663 | AM33: 1 | AN33: =AN32+AL33-AM33 -> 16 | AO33: U/BALAIBARU | AQ33: 45664 | AS33: 1 | AT33: =AT32+AR33-AS33 -> 50 | AU33: U/PASBAR | AZ33: =AZ32+AX33-AY33 -> 5 | BF33: =BF32+BD33-BE33 -> 8 | BI33: 45686 | BK33: 2 | BL33: =BL32+BJ33-BK33 -> 7 | BM33: U/KURAITAJI | BO33: 45685 | BQ33: 1 | BR33: =BR32+BP33-BQ33 -> 4 | BS33: U/LUBUKALUNG | BU33: 45665 | BW33: 1 | BX33: =BX32+BV33-BW33 -> 53 | BY33: U/TABING | CD33: =CD32+CB33-CC33 -> 0 | CJ33: =CJ32+CH33-CI33 -> 3 | CP33: =CP32+CN33-CO33 -> 2 | CV33: =CV32+CT33-CU33 -> 0
D34: =D33+B35-C35 -> 10 | J34: =J33+H34-I34 -> 1 | M34: 45677 | O34: 1 | P34: =P33+N34-O34 -> 2 | Q34: U/PARAKLAWEH | S34: 45670 | U34: 1 | V34: =V33+T34-U34 -> 36 | W34: U/JATI | AB34: =AB33+Z34-AA34 -> 10 | AH34: =AH33+AF34-AG34 -> 5 | AK34: 45664 | AM34: 1 | AN34: =AN33+AL34-AM34 -> 15 | AO34: U/PASBAR | AQ34: 45664 | AS34: 1 | AT34: =AT33+AR34-AS34 -> 49 | AU34: U/TABING | AZ34: =AZ33+AX34-AY34 -> 5 | BF34: =BF33+BD34-BE34 -> 8 | BI34: 45688 | BK34: 1 | BL34: =BL33+BJ34-BK34 -> 6 | BM34: U/LUBAY | BO34: 45686 | BQ34: 1 | BR34: =BR33+BP34-BQ34 -> 3 | BS34: U/SEBPDG | BU34: 45665 | BW34: 1 | BX34: =BX33+BV34-BW34 -> 52 | BY34: U/AIRDINGIN | CD34: =CD33+CB34-CC34 -> 0 | CJ34: =CJ33+CH34-CI34 -> 3 | CP34: =CP33+CN34-CO34 -> 2 | CV34: =CV33+CT34-CU34 -> 0
D35: =D34+B36-C36 -> 10 | J35: =J34+H35-I35 -> 1 | M35: 45677 | O35: 1 | P35: =P34+N35-O35 -> 1 | Q35: U/LUBUKLINTAH | S35: 45670 | U35: 1 | V35: =V34+T35-U35 -> 35 | W35: U/LUBAY | AB35: =AB34+Z35-AA35 -> 10 | AH35: =AH34+AF35-AG35 -> 5 | AK35: 45665 | AL35: 30 | AN35: =AN34+AL35-AM35 -> 45 | AO35: MASUK GUDANG | AQ35: 45664 | AS35: 1 | AT35: =AT34+AR35-AS35 -> 48 | AU35: U/TH | AZ35: =AZ34+AX35-AY35 -> 5 | BF35: =BF34+BD35-BE35 -> 8 | BL35: =BL34+BJ35-BK35 -> 6 | BO35: 45686 | BQ35: 2 | BR35: =BR34+BP35-BQ35 -> 1 | BS35: U/KURAITAJI | BU35: 45665 | BW35: 1 | BX35: =BX34+BV35-BW35 -> 51 | BY35: U/TAPLAU | CD35: =CD34+CB35-CC35 -> 0 | CJ35: =CJ34+CH35-CI35 -> 3 | CP35: =CP34+CN35-CO35 -> 2 | CV35: =CV34+CT35-CU35 -> 0
D36: =D35+B37-C37 -> 10 | J36: =J35+H36-I36 -> 1 | M36: 45678 | O36: 1 | P36: =P35+N36-O36 -> 0 | Q36: U/AIRPACAH | S36: 45672 | U36: 2 | V36: =V35+T36-U36 -> 33 | W36: U/LUBUKALUNG | AB36: =AB35+Z36-AA36 -> 10 | AH36: =AH35+AF36-AG36 -> 5 | AK36: 45666 | AM36: 1 | AN36: =AN35+AL36-AM36 -> 44 | AO36: U/LUBEG | AQ36: 45665 | AS36: 1 | AT36: =AT35+AR36-AS36 -> 47 | AU36: U/LUBAY | AZ36: =AZ35+AX36-AY36 -> 5 | BF36: =BF35+BD36-BE36 -> 8 | BL36: =BL35+BJ36-BK36 -> 6 | BP36: 1 | BR36: =BR35+BP36-BQ36 -> 2 | BS36: BERLEBIH | BU36: 45666 | BW36: 1 | BX36: =BX35+BV36-BW36 -> 50 | BY36: U/ANDURING | CD36: =CD35+CB36-CC36 -> 0 | CJ36: =CJ35+CH36-CI36 -> 3 | CP36: =CP35+CN36-CO36 -> 2 | CV36: =CV35+CT36-CU36 -> 0
D37: =D36+B38-C38 -> 10 | J37: =J36+H37-I37 -> 1 | P37: =P36+N37-O37 -> 0 | S37: 45672 | U37: 1 | V37: =V36+T37-U37 -> 32 | W37: U/BANDARBUAT | AB37: =AB36+Z37-AA37 -> 10 | AH37: =AH36+AF37-AG37 -> 5 | AK37: 45666 | AM37: 1 | AN37: =AN36+AL37-AM37 -> 43 | AO37: U/BANDARBUAT | AQ37: 45665 | AS37: 1 | AT37: =AT36+AR37-AS37 -> 46 | AU37: U/BALAIBARU | AZ37: =AZ36+AX37-AY37 -> 5 | BF37: =BF36+BD37-BE37 -> 8 | BL37: =BL36+BJ37-BK37 -> 6 | BR37: =BR36+BP37-BQ37 -> 2 | BU37: 45666 | BW37: 1 | BX37: =BX36+BV37-BW37 -> 49 | BY37: U/BALAIBARU | CD37: =CD36+CB37-CC37 -> 0 | CJ37: =CJ36+CH37-CI37 -> 3 | CP37: =CP36+CN37-CO37 -> 2 | CV37: =CV36+CT37-CU37 -> 0
D38: =D37+B38-C38 -> 10 | J38: =J37+H38-I38 -> 1 | P38: =P37+N38-O38 -> 0 | S38: 45671 | U38: 1 | V38: =V37+T38-U38 -> 31 | W38: U/GP | AB38: =AB37+Z38-AA38 -> 10 | AH38: =AH37+AF38-AG38 -> 5 | AK38: 45666 | AM38: 1 | AN38: =AN37+AL38-AM38 -> 42 | AO38: U/CENDRAWASIH | AQ38: 45666 | AS38: 1 | AT38: =AT37+AR38-AS38 -> 45 | AU38: U/LUBEG | AZ38: =AZ37+AX38-AY38 -> 5 | BF38: =BF37+BD38-BE38 -> 8 | BL38: =BL37+BJ38-BK38 -> 6 | BR38: =BR37+BP38-BQ38 -> 2 | BU38: 45666 | BW38: 1 | BX38: =BX37+BV38-BW38 -> 48 | BY38: U/TAPLAU | CD38: =CD37+CB38-CC38 -> 0 | CJ38: =CJ37+CH38-CI38 -> 3 | CP38: =CP37+CN38-CO38 -> 2 | CV38: =CV37+CT38-CU38 -> 0
D39: =D38+B39-C39 -> 10 | J39: =J38+H39-I39 -> 1 | P39: =P38+N39-O39 -> 0 | S39: 45671 | U39: 1 | V39: =V38+T39-U39 -> 30 | W39: U/CENDRAWASIH | AB39: =AB38+Z39-AA39 -> 10 | AH39: =AH38+AF39-AG39 -> 5 | AK39: 45666 | AM39: 1 | AN39: =AN38+AL39-AM39 -> 41 | AO39: U/TABING | AQ39: 45666 | AS39: 1 | AT39: =AT38+AR39-AS39 -> 44 | AU39: U/TC | AZ39: =AZ38+AX39-AY39 -> 5 | BF39: =BF38+BD39-BE39 -> 8 | BL39: =BL38+BJ39-BK39 -> 6 | BR39: =BR38+BP39-BQ39 -> 2 | BU39: 45666 | BW39: 1 | BX39: =BX38+BV39-BW39 -> 47 | BY39: U/TH | CD39: =CD38+CB39-CC39 -> 0 | CJ39: =CJ38+CH39-CI39 -> 3 | CP39: =CP38+CN39-CO39 -> 2 | CV39: =CV38+CT39-CU39 -> 0
D40: =D39+B40-C40 -> 10 | J40: =J39+H40-I40 -> 1 | P40: =P39+N40-O40 -> 0 | S40: 45673 | U40: 1 | V40: =V39+T40-U40 -> 29 | W40: U/BUNGUS | AB40: =AB39+Z40-AA40 -> 10 | AH40: =AH39+AF40-AG40 -> 5 | AK40: 45667 | AM40: 1 | AN40: =AN39+AL40-AM40 -> 40 | AO40: U/AIRTAWAR | AQ40: 45666 | AS40: 1 | AT40: =AT39+AR40-AS40 -> 43 | AU40: U/AIRPACAH | AZ40: =AZ39+AX40-AY40 -> 5 | BF40: =BF39+BD40-BE40 -> 8 | BL40: =BL39+BJ40-BK40 -> 6 | BR40: =BR39+BP40-BQ40 -> 2 | BU40: 45666 | BW40: 1 | BX40: =BX39+BV40-BW40 -> 46 | BY40: U/LUBAY | CD40: =CD39+CB40-CC40 -> 0 | CJ40: =CJ39+CH40-CI40 -> 3 | CP40: =CP39+CN40-CO40 -> 2 | CV40: =CV39+CT40-CU40 -> 0
D41: =D40+B41-C41 -> 10 | J41: =J40+H41-I41 -> 1 | P41: =P40+N41-O41 -> 0 | S41: 45674 | U41: 1 | V41: =V40+T41-U41 -> 28 | W41: U/PASBAR | AB41: =AB40+Z41-AA41 -> 10 | AH41: =AH40+AF41-AG41 -> 5 | AK41: 45667 | AM41: 1 | AN41: =AN40+AL41-AM41 -> 39 | AO41: U/LUBUKLINTAH | AQ41: 45667 | AS41: 1 | AT41: =AT40+AR41-AS41 -> 42 | AU41: U/AIRTAWAR | AZ41: =AZ40+AX41-AY41 -> 5 | BF41: =BF40+BD41-BE41 -> 8 | BL41: =BL40+BJ41-BK41 -> 6 | BR41: =BR40+BP41-BQ41 -> 2 | BU41: 45666 | BW41: 2 | BX41: =BX40+BV41-BW41 -> 44 | BY41: U/KASANG | CD41: =CD40+CB41-CC41 -> 0 | CJ41: =CJ40+CH41-CI41 -> 3 | CP41: =CP40+CN41-CO41 -> 2 | CV41: =CV40+CT41-CU41 -> 0
D42: =D41+B42-C42 -> 10 | J42: =J41+H42-I42 -> 1 | P42: =P41+N42-O42 -> 0 | S42: 45676 | U42: 1 | V42: =V41+T42-U42 -> 27 | W42: U/TABING | AB42: =AB41+Z42-AA42 -> 10 | AH42: =AH41+AF42-AG42 -> 5 | AK42: 45667 | AM42: 1 | AN42: =AN41+AL42-AM42 -> 38 | AO42: U/ANDURING | AQ42: 45667 | AS42: 1 | AT42: =AT41+AR42-AS42 -> 41 | AU42: U/TABING | AZ42: =AZ41+AX42-AY42 -> 5 | BF42: =BF41+BD42-BE42 -> 8 | BL42: =BL41+BJ42-BK42 -> 6 | BR42: =BR41+BP42-BQ42 -> 2 | BU42: 45667 | BW42: 1 | BX42: =BX41+BV42-BW42 -> 43 | BY42: U/AIRTAWAR | CD42: =CD41+CB42-CC42 -> 0 | CJ42: =CJ41+CH42-CI42 -> 3 | CP42: =CP41+CN42-CO42 -> 2 | CV42: =CV41+CT42-CU42 -> 0
D43: =D42+B43-C43 -> 10 | J43: =J42+H43-I43 -> 1 | P43: =P42+N43-O43 -> 0 | S43: 45676 | U43: 1 | V43: =V42+T43-U43 -> 26 | W43: U/SITEBA | AB43: =AB42+Z43-AA43 -> 10 | AH43: =AH42+AF43-AG43 -> 5 | AK43: 45667 | AM43: 1 | AN43: =AN42+AL43-AM43 -> 37 | AO43: U/SITEBA | AQ43: 45667 | AS43: 1 | AT43: =AT42+AR43-AS43 -> 40 | AU43: U/AIRPACAH | AZ43: =AZ42+AX43-AY43 -> 5 | BF43: =BF42+BD43-BE43 -> 8 | BL43: =BL42+BJ43-BK43 -> 6 | BR43: =BR42+BP43-BQ43 -> 2 | BU43: 45668 | BW43: 1 | BX43: =BX42+BV43-BW43 -> 42 | BY43: U/AIRPACAH | CD43: =CD42+CB43-CC43 -> 0 | CJ43: =CJ42+CH43-CI43 -> 3 | CP43: =CP42+CN43-CO43 -> 2 | CV43: =CV42+CT43-CU43 -> 0
D44: =D43+B44-C44 -> 10 | J44: =J43+H44-I44 -> 1 | P44: =P43+N44-O44 -> 0 | S44: 45676 | U44: 1 | V44: =V43+T44-U44 -> 25 | W44: U/AIRDINGIN | AB44: =AB43+Z44-AA44 -> 10 | AH44: =AH43+AF44-AG44 -> 5 | AK44: 45668 | AM44: 1 | AN44: =AN43+AL44-AM44 -> 36 | AO44: U/JATI | AQ44: 45667 | AS44: 1 | AT44: =AT43+AR44-AS44 -> 39 | AU44: U/LUBUKLINTAH | AZ44: =AZ43+AX44-AY44 -> 5 | BF44: =BF43+BD44-BE44 -> 8 | BL44: =BL43+BJ44-BK44 -> 6 | BR44: =BR43+BP44-BQ44 -> 2 | BU44: 45668 | BW44: 1 | BX44: =BX43+BV44-BW44 -> 41 | BY44: U/TABING | CD44: =CD43+CB44-CC44 -> 0 | CJ44: =CJ43+CH44-CI44 -> 3 | CP44: =CP43+CN44-CO44 -> 2 | CV44: =CV43+CT44-CU44 -> 0
D45: =D44+B45-C45 -> 10 | J45: =J44+H45-I45 -> 1 | P45: =P44+N45-O45 -> 0 | S45: 45676 | U45: 1 | V45: =V44+T45-U45 -> 24 | W45: U/RAWANG | AB45: =AB44+Z45-AA45 -> 10 | AH45: =AH44+AF45-AG45 -> 5 | AK45: 45668 | AM45: 1 | AN45: =AN44+AL45-AM45 -> 35 | AO45: U/TABING | AQ45: 45667 | AS45: 1 | AT45: =AT44+AR45-AS45 -> 38 | AU45: U/PARAKLAWEH | AZ45: =AZ44+AX45-AY45 -> 5 | BF45: =BF44+BD45-BE45 -> 8 | BL45: =BL44+BJ45-BK45 -> 6 | BR45: =BR44+BP45-BQ45 -> 2 | BU45: 45668 | BW45: 1 | BX45: =BX44+BV45-BW45 -> 40 | BY45: U/CENDRWASIH | CD45: =CD44+CB45-CC45 -> 0 | CJ45: =CJ44+CH45-CI45 -> 3 | CP45: =CP44+CN45-CO45 -> 2 | CV45: =CV44+CT45-CU45 -> 0
D46: =D45+B46-C46 -> 10 | J46: =J45+H46-I46 -> 1 | P46: =P45+N46-O46 -> 0 | S46: 45676 | U46: 1 | V46: =V45+T46-U46 -> 23 | W46: U/ANDURING | AB46: =AB45+Z46-AA46 -> 10 | AH46: =AH45+AF46-AG46 -> 5 | AK46: 45668 | AM46: 1 | AN46: =AN45+AL46-AM46 -> 34 | AO46: U/KASANG | AQ46: 45668 | AS46: 1 | AT46: =AT45+AR46-AS46 -> 37 | AU46: U/JATI | AZ46: =AZ45+AX46-AY46 -> 5 | BF46: =BF45+BD46-BE46 -> 8 | BL46: =BL45+BJ46-BK46 -> 6 | BR46: =BR45+BP46-BQ46 -> 2 | BU46: 45668 | BW46: 1 | BX46: =BX45+BV46-BW46 -> 39 | BY46: U/ANDURING | CD46: =CD45+CB46-CC46 -> 0 | CJ46: =CJ45+CH46-CI46 -> 3 | CP46: =CP45+CN46-CO46 -> 2 | CV46: =CV45+CT46-CU46 -> 0
D47: =D46+B47-C47 -> 10 | J47: =J46+H47-I47 -> 1 | P47: =P46+N47-O47 -> 0 | S47: 45677 | U47: 1 | V47: =V46+T47-U47 -> 22 | W47: U/AIRPACAH | AB47: =AB46+Z47-AA47 -> 10 | AH47: =AH46+AF47-AG47 -> 5 | AK47: 45668 | AM47: 1 | AN47: =AN46+AL47-AM47 -> 33 | AO47: U/SEBPDG | AQ47: 45668 | AS47: 1 | AT47: =AT46+AR47-AS47 -> 36 | AU47: U/GP | AZ47: =AZ46+AX47-AY47 -> 5 | BF47: =BF46+BD47-BE47 -> 8 | BL47: =BL46+BJ47-BK47 -> 6 | BR47: =BR46+BP47-BQ47 -> 2 | BU47: 45668 | BW47: 1 | BX47: =BX46+BV47-BW47 -> 38 | BY47: U/LUBEG | CD47: =CD46+CB47-CC47 -> 0 | CJ47: =CJ46+CH47-CI47 -> 3 | CP47: =CP46+CN47-CO47 -> 2 | CV47: =CV46+CT47-CU47 -> 0
D48: =D47+B48-C48 -> 10 | J48: =J47+H48-I48 -> 1 | P48: =P47+N48-O48 -> 0 | S48: 45678 | U48: 1 | V48: =V47+T48-U48 -> 21 | W48: U/PARAKLAWEH | AB48: =AB47+Z48-AA48 -> 10 | AH48: =AH47+AF48-AG48 -> 5 | AK48: 45668 | AM48: 1 | AN48: =AN47+AL48-AM48 -> 32 | AO48: U/BELIMBING | AQ48: 45668 | AS48: 1 | AT48: =AT47+AR48-AS48 -> 35 | AU48: U/BANDARBUAT | AZ48: =AZ47+AX48-AY48 -> 5 | BF48: =BF47+BD48-BE48 -> 8 | BL48: =BL47+BJ48-BK48 -> 6 | BR48: =BR47+BP48-BQ48 -> 2 | BU48: 45668 | BW48: 1 | BX48: =BX47+BV48-BW48 -> 37 | BY48: U/PARAKLAWEH | CD48: =CD47+CB48-CC48 -> 0 | CJ48: =CJ47+CH48-CI48 -> 3 | CP48: =CP47+CN48-CO48 -> 2 | CV48: =CV47+CT48-CU48 -> 0
D49: =D48+B49-C49 -> 10 | J49: =J48+H49-I49 -> 1 | P49: =P48+N49-O49 -> 0 | S49: 45679 | T49: 20 | V49: =V48+T49-U49 -> 41 | W49: MASUK GUDANG | AB49: =AB48+Z49-AA49 -> 10 | AH49: =AH48+AF49-AG49 -> 5 | AK49: 45669 | AM49: 1 | AN49: =AN48+AL49-AM49 -> 31 | AO49: U/PARAKLAWEH | AQ49: 45669 | AS49: 1 | AT49: =AT48+AR49-AS49 -> 34 | AU49: U/LUBEG | AZ49: =AZ48+AX49-AY49 -> 5 | BF49: =BF48+BD49-BE49 -> 8 | BL49: =BL48+BJ49-BK49 -> 6 | BR49: =BR48+BP49-BQ49 -> 2 | BU49: 45668 | BW49: 1 | BX49: =BX48+BV49-BW49 -> 36 | BY49: U/BELIMBING | CD49: =CD48+CB49-CC49 -> 0 | CJ49: =CJ48+CH49-CI49 -> 3 | CP49: =CP48+CN49-CO49 -> 2 | CV49: =CV48+CT49-CU49 -> 0
D50: =D49+B50-C50 -> 10 | J50: =J49+H50-I50 -> 1 | P50: =P49+N50-O50 -> 0 | S50: 45680 | U50: 1 | V50: =V49+T50-U50 -> 40 | W50: U/LUBEG | AB50: =AB49+Z50-AA50 -> 10 | AH50: =AH49+AF50-AG50 -> 5 | AK50: 45669 | AM50: 1 | AN50: =AN49+AL50-AM50 -> 30 | AO50: U/TAPLAU | AQ50: 45670 | AS50: 1 | AT50: =AT49+AR50-AS50 -> 33 | AU50: U/TABING | AZ50: =AZ49+AX50-AY50 -> 5 | BF50: =BF49+BD50-BE50 -> 8 | BL50: =BL49+BJ50-BK50 -> 6 | BR50: =BR49+BP50-BQ50 -> 2 | BU50: 45669 | BW50: 1 | BX50: =BX49+BV50-BW50 -> 35 | BY50: U/BELIMBING | CD50: =CD49+CB50-CC50 -> 0 | CJ50: =CJ49+CH50-CI50 -> 3 | CP50: =CP49+CN50-CO50 -> 2 | CV50: =CV49+CT50-CU50 -> 0
D51: =D50+B51-C51 -> 10 | J51: =J50+H51-I51 -> 1 | P51: =P50+N51-O51 -> 0 | S51: 45681 | U51: 1 | V51: =V50+T51-U51 -> 39 | W51: U/SEBPDG | AB51: =AB50+Z51-AA51 -> 10 | AH51: =AH50+AF51-AG51 -> 5 | AK51: 45669 | AM51: 1 | AN51: =AN50+AL51-AM51 -> 29 | AO51: U/PASBAR | AQ51: 45671 | AS51: 1 | AT51: =AT50+AR51-AS51 -> 32 | AU51: U/SITEBA | AZ51: =AZ50+AX51-AY51 -> 5 | BF51: =BF50+BD51-BE51 -> 8 | BL51: =BL50+BJ51-BK51 -> 6 | BR51: =BR50+BP51-BQ51 -> 2 | BU51: 45669 | BW51: 1 | BX51: =BX50+BV51-BW51 -> 34 | BY51: U/SITEBA | CD51: =CD50+CB51-CC51 -> 0 | CJ51: =CJ50+CH51-CI51 -> 3 | CP51: =CP50+CN51-CO51 -> 2 | CV51: =CV50+CT51-CU51 -> 0
D52: =D51+B52-C52 -> 10 | J52: =J51+H52-I52 -> 1 | P52: =P51+N52-O52 -> 0 | S52: 45681 | U52: 1 | V52: =V51+T52-U52 -> 38 | W52: U/BALAIBARU | AB52: =AB51+Z52-AA52 -> 10 | AH52: =AH51+AF52-AG52 -> 5 | AK52: 45669 | AM52: 1 | AN52: =AN51+AL52-AM52 -> 28 | AO52: U/AIRDINGIN | AQ52: 45672 | AS52: 4 | AT52: =AT51+AR52-AS52 -> 28 | AU52: U/LUBUKALUNG | AZ52: =AZ51+AX52-AY52 -> 5 | BF52: =BF51+BD52-BE52 -> 8 | BL52: =BL51+BJ52-BK52 -> 6 | BR52: =BR51+BP52-BQ52 -> 2 | BU52: 45669 | BW52: 2 | BX52: =BX51+BV52-BW52 -> 32 | BY52: U/BUNGUS | CD52: =CD51+CB52-CC52 -> 0 | CJ52: =CJ51+CH52-CI52 -> 3 | CP52: =CP51+CN52-CO52 -> 2 | CV52: =CV51+CT52-CU52 -> 0
D53: =D52+B53-C53 -> 10 | J53: =J52+H53-I53 -> 1 | P53: =P52+N53-O53 -> 0 | S53: 45683 | U53: 1 | V53: =V52+T53-U53 -> 37 | W53: U/GP | AB53: =AB52+Z53-AA53 -> 10 | AH53: =AH52+AF53-AG53 -> 5 | AK53: 45670 | AM53: 1 | AN53: =AN52+AL53-AM53 -> 27 | AO53: U/BELIBIS | AQ53: 45672 | AS53: 1 | AT53: =AT52+AR53-AS53 -> 27 | AU53: U/AIRPACAH | AZ53: =AZ52+AX53-AY53 -> 5 | BF53: =BF52+BD53-BE53 -> 8 | BL53: =BL52+BJ53-BK53 -> 6 | BR53: =BR52+BP53-BQ53 -> 2 | BU53: 45669 | BW53: 1 | BX53: =BX52+BV53-BW53 -> 31 | BY53: U/GP | CD53: =CD52+CB53-CC53 -> 0 | CJ53: =CJ52+CH53-CI53 -> 3 | CP53: =CP52+CN53-CO53 -> 2 | CV53: =CV52+CT53-CU53 -> 0
D54: =D53+B54-C54 -> 10 | J54: =J53+H54-I54 -> 1 | P54: =P53+N54-O54 -> 0 | S54: 45683 | U54: 1 | V54: =V53+T54-U54 -> 36 | W54: U/TAPLAU | AB54: =AB53+Z54-AA54 -> 10 | AH54: =AH53+AF54-AG54 -> 5 | AK54: 45670 | AM54: 1 | AN54: =AN53+AL54-AM54 -> 26 | AO54: U/BANDARBUAT | AQ54: 45672 | AS54: 1 | AT54: =AT53+AR54-AS54 -> 26 | AU54: U/ANDURING | AZ54: =AZ53+AX54-AY54 -> 5 | BF54: =BF53+BD54-BE54 -> 8 | BL54: =BL53+BJ54-BK54 -> 6 | BR54: =BR53+BP54-BQ54 -> 2 | BU54: 45670 | BW54: 1 | BX54: =BX53+BV54-BW54 -> 30 | BY54: U/JATI | CD54: =CD53+CB54-CC54 -> 0 | CJ54: =CJ53+CH54-CI54 -> 3 | CP54: =CP53+CN54-CO54 -> 2 | CV54: =CV53+CT54-CU54 -> 0
D55: =D54+B55-C55 -> 10 | J55: =J54+H55-I55 -> 1 | P55: =P54+N55-O55 -> 0 | S55: 45683 | U55: 1 | V55: =V54+T55-U55 -> 35 | W55: U/AIRPACAH | AB55: =AB54+Z55-AA55 -> 10 | AH55: =AH54+AF55-AG55 -> 5 | AK55: 45670 | AM55: 1 | AN55: =AN54+AL55-AM55 -> 25 | AO55: U/BALAIBARU | AQ55: 45673 | AS55: 1 | AT55: =AT54+AR55-AS55 -> 25 | AU55: U/TAPLAU | AZ55: =AZ54+AX55-AY55 -> 5 | BF55: =BF54+BD55-BE55 -> 8 | BL55: =BL54+BJ55-BK55 -> 6 | BR55: =BR54+BP55-BQ55 -> 2 | BU55: 45671 | BW55: 1 | BX55: =BX54+BV55-BW55 -> 29 | BY55: U/TC | CD55: =CD54+CB55-CC55 -> 0 | CJ55: =CJ54+CH55-CI55 -> 3 | CP55: =CP54+CN55-CO55 -> 2 | CV55: =CV54+CT55-CU55 -> 0
D56: =D55+B56-C56 -> 10 | J56: =J55+H56-I56 -> 1 | P56: =P55+N56-O56 -> 0 | S56: 45683 | U56: 1 | V56: =V55+T56-U56 -> 34 | W56: U/LUBUKALUNG | AB56: =AB55+Z56-AA56 -> 10 | AH56: =AH55+AF56-AG56 -> 5 | AK56: 45672 | AM56: 4 | AN56: =AN55+AL56-AM56 -> 21 | AO56: U/LUBUKALUNG | AQ56: 45674 | AS56: 1 | AT56: =AT55+AR56-AS56 -> 24 | AU56: U/PASBAR | AZ56: =AZ55+AX56-AY56 -> 5 | BF56: =BF55+BD56-BE56 -> 8 | BL56: =BL55+BJ56-BK56 -> 6 | BR56: =BR55+BP56-BQ56 -> 2 | BU56: 45671 | BW56: 1 | BX56: =BX55+BV56-BW56 -> 28 | BY56: U/LUBUKLINTAH | CD56: =CD55+CB56-CC56 -> 0 | CJ56: =CJ55+CH56-CI56 -> 3 | CP56: =CP55+CN56-CO56 -> 2 | CV56: =CV55+CT56-CU56 -> 0
D57: =D56+B57-C57 -> 10 | J57: =J56+H57-I57 -> 1 | P57: =P56+N57-O57 -> 0 | S57: 45683 | U57: 1 | V57: =V56+T57-U57 -> 33 | W57: U/SITEBA | AB57: =AB56+Z57-AA57 -> 10 | AH57: =AH56+AF57-AG57 -> 5 | AK57: 45672 | AM57: 1 | AN57: =AN56+AL57-AM57 -> 20 | AO57: U/TH | AQ57: 45675 | AS57: 1 | AT57: =AT56+AR57-AS57 -> 23 | AU57: U/AIRTAWAR | AZ57: =AZ56+AX57-AY57 -> 5 | BF57: =BF56+BD57-BE57 -> 8 | BL57: =BL56+BJ57-BK57 -> 6 | BR57: =BR56+BP57-BQ57 -> 2 | BU57: 45671 | BW57: 1 | BX57: =BX56+BV57-BW57 -> 27 | BY57: U/AIRDINGIN | CD57: =CD56+CB57-CC57 -> 0 | CJ57: =CJ56+CH57-CI57 -> 3 | CP57: =CP56+CN57-CO57 -> 2 | CV57: =CV56+CT57-CU57 -> 0
D58: =D57+B58-C58 -> 10 | J58: =J57+H58-I58 -> 1 | P58: =P57+N58-O58 -> 0 | S58: 45684 | U58: 1 | V58: =V57+T58-U58 -> 32 | W58: U/LUBAY | AB58: =AB57+Z58-AA58 -> 10 | AH58: =AH57+AF58-AG58 -> 5 | AK58: 45672 | AM58: 1 | AN58: =AN57+AL58-AM58 -> 19 | AO58: U/AIRPACAH | AQ58: 45676 | AR58: 30 | AT58: =AT57+AR58-AS58 -> 53 | AU58: MASUK GUDANG | AZ58: =AZ57+AX58-AY58 -> 5 | BF58: =BF57+BD58-BE58 -> 8 | BL58: =BL57+BJ58-BK58 -> 6 | BR58: =BR57+BP58-BQ58 -> 2 | BU58: 45671 | BW58: 1 | BX58: =BX57+BV58-BW58 -> 26 | BY58: U/LUBAY | CD58: =CD57+CB58-CC58 -> 0 | CJ58: =CJ57+CH58-CI58 -> 3 | CP58: =CP57+CN58-CO58 -> 2 | CV58: =CV57+CT58-CU58 -> 0
D59: =D58+B59-C59 -> 10 | J59: =J58+H59-I59 -> 1 | P59: =P58+N59-O59 -> 0 | S59: 45685 | U59: 1 | V59: =V58+T59-U59 -> 31 | W59: U/PASBAR | AB59: =AB58+Z59-AA59 -> 10 | AH59: =AH58+AF59-AG59 -> 5 | AK59: 45672 | AM59: 1 | AN59: =AN58+AL59-AM59 -> 18 | AO59: U/TABING | AQ59: 45676 | AS59: 1 | AT59: =AT58+AR59-AS59 -> 52 | AU59: U/LUBAY | AZ59: =AZ58+AX59-AY59 -> 5 | BF59: =BF58+BD59-BE59 -> 8 | BL59: =BL58+BJ59-BK59 -> 6 | BR59: =BR58+BP59-BQ59 -> 2 | BU59: 45672 | BW59: 3 | BX59: =BX58+BV59-BW59 -> 23 | BY59: U/LUBUKALUNG | CD59: =CD58+CB59-CC59 -> 0 | CJ59: =CJ58+CH59-CI59 -> 3 | CP59: =CP58+CN59-CO59 -> 2 | CV59: =CV58+CT59-CU59 -> 0
D60: =D59+B60-C60 -> 10 | J60: =J59+H60-I60 -> 1 | P60: =P59+N60-O60 -> 0 | S60: 45685 | U60: 1 | V60: =V59+T60-U60 -> 30 | W60: U/AIRDINGIN | AB60: =AB59+Z60-AA60 -> 10 | AH60: =AH59+AF60-AG60 -> 5 | AK60: 45672 | AM60: 1 | AN60: =AN59+AL60-AM60 -> 17 | AO60: U/LUBEG | AQ60: 45676 | AS60: 1 | AT60: =AT59+AR60-AS60 -> 51 | AU60: U/BELIMBING | AZ60: =AZ59+AX60-AY60 -> 5 | BF60: =BF59+BD60-BE60 -> 8 | BL60: =BL59+BJ60-BK60 -> 6 | BR60: =BR59+BP60-BQ60 -> 2 | BU60: 45672 | BW60: 1 | BX60: =BX59+BV60-BW60 -> 22 | BY60: U/TAPLAU | CD60: =CD59+CB60-CC60 -> 0 | CJ60: =CJ59+CH60-CI60 -> 3 | CP60: =CP59+CN60-CO60 -> 2 | CV60: =CV59+CT60-CU60 -> 0
D61: =D60+B61-C61 -> 10 | J61: =J60+H61-I61 -> 1 | P61: =P60+N61-O61 -> 0 | S61: 45685 | U61: 1 | V61: =V60+T61-U61 -> 29 | W61: U/LUBUKALUNG | AB61: =AB60+Z61-AA61 -> 10 | AH61: =AH60+AF61-AG61 -> 5 | AK61: 45671 | AM61: 1 | AN61: =AN60+AL61-AM61 -> 16 | AO61: U/LUBAY | AQ61: 45676 | AS61: 1 | AT61: =AT60+AR61-AS61 -> 50 | AU61: U/BANDARBUAT | AZ61: =AZ60+AX61-AY61 -> 5 | BF61: =BF60+BD61-BE61 -> 8 | BL61: =BL60+BJ61-BK61 -> 6 | BR61: =BR60+BP61-BQ61 -> 2 | BU61: 45672 | BW61: 1 | BX61: =BX60+BV61-BW61 -> 21 | BY61: U/TH | CD61: =CD60+CB61-CC61 -> 0 | CJ61: =CJ60+CH61-CI61 -> 3 | CP61: =CP60+CN61-CO61 -> 2 | CV61: =CV60+CT61-CU61 -> 0
D62: =D61+B62-C62 -> 10 | J62: =J61+H62-I62 -> 1 | P62: =P61+N62-O62 -> 0 | S62: 45686 | U62: 1 | V62: =V61+T62-U62 -> 28 | W62: U/JATI | AB62: =AB61+Z62-AA62 -> 10 | AH62: =AH61+AF62-AG62 -> 5 | AK62: 45673 | AM62: 1 | AN62: =AN61+AL62-AM62 -> 15 | AO62: U/BUNGUS | AQ62: 45676 | AS62: 1 | AT62: =AT61+AR62-AS62 -> 49 | AU62: U/SEBPDG | AZ62: =AZ61+AX62-AY62 -> 5 | BF62: =BF61+BD62-BE62 -> 8 | BL62: =BL61+BJ62-BK62 -> 6 | BR62: =BR61+BP62-BQ62 -> 2 | BU62: 45672 | BW62: 1 | BX62: =BX61+BV62-BW62 -> 20 | BY62: U/TABING | CD62: =CD61+CB62-CC62 -> 0 | CJ62: =CJ61+CH62-CI62 -> 3 | CP62: =CP61+CN62-CO62 -> 2 | CV62: =CV61+CT62-CU62 -> 0
D63: =D62+B63-C63 -> 10 | J63: =J62+H63-I63 -> 1 | P63: =P62+N63-O63 -> 0 | S63: 45686 | U63: 1 | V63: =V62+T63-U63 -> 27 | W63: U/TABING | AB63: =AB62+Z63-AA63 -> 10 | AH63: =AH62+AF63-AG63 -> 5 | AK63: 45674 | AM63: 1 | AN63: =AN62+AL63-AM63 -> 14 | AO63: U/BELIMBING | AQ63: 45677 | AS63: 1 | AT63: =AT62+AR63-AS63 -> 48 | AU63: U/TH | AZ63: =AZ62+AX63-AY63 -> 5 | BF63: =BF62+BD63-BE63 -> 8 | BL63: =BL62+BJ63-BK63 -> 6 | BR63: =BR62+BP63-BQ63 -> 2 | BU63: 45672 | BW63: 1 | BX63: =BX62+BV63-BW63 -> 19 | BY63: U/BALAIBARU | CD63: =CD62+CB63-CC63 -> 0 | CJ63: =CJ62+CH63-CI63 -> 3 | CP63: =CP62+CN63-CO63 -> 2 | CV63: =CV62+CT63-CU63 -> 0
D64: =D63+B64-C64 -> 10 | J64: =J63+H64-I64 -> 1 | P64: =P63+N64-O64 -> 0 | S64: 45686 | U64: 1 | V64: =V63+T64-U64 -> 26 | W64: U/LUBUKLINTAH | AB64: =AB63+Z64-AA64 -> 10 | AH64: =AH63+AF64-AG64 -> 5 | AK64: 45676 | AL64: 30 | AN64: =AN63+AL64-AM64 -> 44 | AO64: MASUK GUDANG | AQ64: 45677 | AS64: 1 | AT64: =AT63+AR64-AS64 -> 47 | AU64: U/TABING | AZ64: =AZ63+AX64-AY64 -> 5 | BF64: =BF63+BD64-BE64 -> 8 | BL64: =BL63+BJ64-BK64 -> 6 | BR64: =BR63+BP64-BQ64 -> 2 | BU64: 45673 | BW64: 1 | BX64: =BX63+BV64-BW64 -> 18 | BY64: U/SEBPDG | CD64: =CD63+CB64-CC64 -> 0 | CJ64: =CJ63+CH64-CI64 -> 3 | CP64: =CP63+CN64-CO64 -> 2 | CV64: =CV63+CT64-CU64 -> 0
D65: =D64+B65-C65 -> 10 | J65: =J64+H65-I65 -> 1 | P65: =P64+N65-O65 -> 0 | S65: 45687 | U65: 1 | V65: =V64+T65-U65 -> 25 | W65: U/BUNGUS | AB65: =AB64+Z65-AA65 -> 10 | AH65: =AH64+AF65-AG65 -> 5 | AK65: 45676 | AM65: 1 | AN65: =AN64+AL65-AM65 -> 43 | AO65: U/TABING | AQ65: 45677 | AS65: 1 | AT65: =AT64+AR65-AS65 -> 46 | AU65: U/CENDRAWASIH | AZ65: =AZ64+AX65-AY65 -> 5 | BF65: =BF64+BD65-BE65 -> 8 | BL65: =BL64+BJ65-BK65 -> 6 | BR65: =BR64+BP65-BQ65 -> 2 | BU65: 45673 | BW65: 1 | BX65: =BX64+BV65-BW65 -> 17 | BY65: U/PASBAR | CD65: =CD64+CB65-CC65 -> 0 | CJ65: =CJ64+CH65-CI65 -> 3 | CP65: =CP64+CN65-CO65 -> 2 | CV65: =CV64+CT65-CU65 -> 0
D66: =D65+B66-C66 -> 10 | J66: =J65+H66-I66 -> 1 | P66: =P65+N66-O66 -> 0 | S66: 45687 | U66: 2 | V66: =V65+T66-U66 -> 23 | W66: U/KURAITAJI | AB66: =AB65+Z66-AA66 -> 10 | AH66: =AH65+AF66-AG66 -> 5 | AK66: 45676 | AM66: 1 | AN66: =AN65+AL66-AM66 -> 42 | AO66: U/PASBAR | AQ66: 45677 | AS66: 1 | AT66: =AT65+AR66-AS66 -> 45 | AU66: U/JATI | AZ66: =AZ65+AX66-AY66 -> 5 | BF66: =BF65+BD66-BE66 -> 8 | BL66: =BL65+BJ66-BK66 -> 6 | BR66: =BR65+BP66-BQ66 -> 2 | BU66: 45674 | BW66: 1 | BX66: =BX65+BV66-BW66 -> 16 | BY66: U/LUBEG | CD66: =CD65+CB66-CC66 -> 0 | CJ66: =CJ65+CH66-CI66 -> 3 | CP66: =CP65+CN66-CO66 -> 2 | CV66: =CV65+CT66-CU66 -> 0
D67: =D66+B67-C67 -> 10 | J67: =J66+H67-I67 -> 1 | P67: =P66+N67-O67 -> 0 | S67: 45687 | U67: 1 | V67: =V66+T67-U67 -> 22 | W67: U/TH | AB67: =AB66+Z67-AA67 -> 10 | AH67: =AH66+AF67-AG67 -> 5 | AK67: 45676 | AM67: 1 | AN67: =AN66+AL67-AM67 -> 41 | AO67: U/BANDARBUAT | AQ67: 45677 | AS67: 1 | AT67: =AT66+AR67-AS67 -> 44 | AU67: U/RAWANG | AZ67: =AZ66+AX67-AY67 -> 5 | BF67: =BF66+BD67-BE67 -> 8 | BL67: =BL66+BJ67-BK67 -> 6 | BR67: =BR66+BP67-BQ67 -> 2 | BU67: 45675 | BW67: 1 | BX67: =BX66+BV67-BW67 -> 15 | BY67: U/BANDARBUAT | CD67: =CD66+CB67-CC67 -> 0 | CJ67: =CJ66+CH67-CI67 -> 3 | CP67: =CP66+CN67-CO67 -> 2 | CV67: =CV66+CT67-CU67 -> 0
D68: =D67+B68-C68 -> 10 | J68: =J67+H68-I68 -> 1 | P68: =P67+N68-O68 -> 0 | S68: 45688 | U68: 1 | V68: =V67+T68-U68 -> 21 | W68: U/BANDARBUAT | AB68: =AB67+Z68-AA68 -> 10 | AH68: =AH67+AF68-AG68 -> 5 | AK68: 45676 | AM68: 1 | AN68: =AN67+AL68-AM68 -> 40 | AO68: U/SEBPDG | AQ68: 45678 | AS68: 1 | AT68: =AT67+AR68-AS68 -> 43 | AU68: U/AIRPACAH | AZ68: =AZ67+AX68-AY68 -> 5 | BF68: =BF67+BD68-BE68 -> 8 | BL68: =BL67+BJ68-BK68 -> 6 | BR68: =BR67+BP68-BQ68 -> 2 | BU68: 45675 | BW68: 1 | BX68: =BX67+BV68-BW68 -> 14 | BY68: U/ANDURING | CD68: =CD67+CB68-CC68 -> 0 | CJ68: =CJ67+CH68-CI68 -> 3 | CP68: =CP67+CN68-CO68 -> 2 | CV68: =CV67+CT68-CU68 -> 0
D69: =D68+B69-C69 -> 10 | J69: =J68+H69-I69 -> 1 | P69: =P68+N69-O69 -> 0 | V69: =V68+T69-U69 -> 21 | AB69: =AB68+Z69-AA69 -> 10 | AH69: =AH68+AF69-AG69 -> 5 | AK69: 45676 | AM69: 1 | AN69: =AN68+AL69-AM69 -> 39 | AO69: U/ANDURING | AQ69: 45678 | AS69: 1 | AT69: =AT68+AR69-AS69 -> 42 | AU69: U/BELIBIS | AZ69: =AZ68+AX69-AY69 -> 5 | BF69: =BF68+BD69-BE69 -> 8 | BL69: =BL68+BJ69-BK69 -> 6 | BR69: =BR68+BP69-BQ69 -> 2 | BU69: 45675 | BW69: 1 | BX69: =BX68+BV69-BW69 -> 13 | BY69: U/AIRPACAH | CD69: =CD68+CB69-CC69 -> 0 | CJ69: =CJ68+CH69-CI69 -> 3 | CP69: =CP68+CN69-CO69 -> 2 | CV69: =CV68+CT69-CU69 -> 0
D70: =D69+B70-C70 -> 10 | J70: =J69+H70-I70 -> 1 | P70: =P69+N70-O70 -> 0 | V70: =V69+T70-U70 -> 21 | AB70: =AB69+Z70-AA70 -> 10 | AH70: =AH69+AF70-AG70 -> 5 | AK70: 45677 | AM70: 1 | AN70: =AN69+AL70-AM70 -> 38 | AO70: U/AIRPACAH | AQ70: 45678 | AS70: 1 | AT70: =AT69+AR70-AS70 -> 41 | AU70: U/GP | AZ70: =AZ69+AX70-AY70 -> 5 | BF70: =BF69+BD70-BE70 -> 8 | BL70: =BL69+BJ70-BK70 -> 6 | BR70: =BR69+BP70-BQ70 -> 2 | BU70: 45676 | BV70: 30 | BX70: =BX69+BV70-BW70 -> 43 | BY70: MASUK GUDANG ' | CD70: =CD69+CB70-CC70 -> 0 | CJ70: =CJ69+CH70-CI70 -> 3 | CP70: =CP69+CN70-CO70 -> 2 | CV70: =CV69+CT70-CU70 -> 0
D71: =D70+B71-C71 -> 10 | J71: =J70+H71-I71 -> 1 | P71: =P70+N71-O71 -> 0 | V71: =V70+T71-U71 -> 21 | AB71: =AB70+Z71-AA71 -> 10 | AH71: =AH70+AF71-AG71 -> 5 | AK71: 45677 | AM71: 1 | AN71: =AN70+AL71-AM71 -> 37 | AO71: U/TABING | AQ71: 45678 | AS71: 1 | AT71: =AT70+AR71-AS71 -> 40 | AU71: U/AIRDINGIN | AZ71: =AZ70+AX71-AY71 -> 5 | BF71: =BF70+BD71-BE71 -> 8 | BL71: =BL70+BJ71-BK71 -> 6 | BR71: =BR70+BP71-BQ71 -> 2 | BU71: 45676 | BW71: 1 | BX71: =BX70+BV71-BW71 -> 42 | BY71: U/LUBAY | CD71: =CD70+CB71-CC71 -> 0 | CJ71: =CJ70+CH71-CI71 -> 3 | CP71: =CP70+CN71-CO71 -> 2 | CV71: =CV70+CT71-CU71 -> 0
D72: =D71+B72-C72 -> 10 | J72: =J71+H72-I72 -> 1 | P72: =P71+N72-O72 -> 0 | V72: =V71+T72-U72 -> 21 | AB72: =AB71+Z72-AA72 -> 10 | AH72: =AH71+AF72-AG72 -> 5 | AK72: 45677 | AM72: 1 | AN72: =AN71+AL72-AM72 -> 36 | AO72: U/JATI | AQ72: 45678 | AS72: 1 | AT72: =AT71+AR72-AS72 -> 39 | AU72: U/LUBEG | AZ72: =AZ71+AX72-AY72 -> 5 | BF72: =BF71+BD72-BE72 -> 8 | BL72: =BL71+BJ72-BK72 -> 6 | BR72: =BR71+BP72-BQ72 -> 2 | BU72: 45676 | BW72: 1 | BX72: =BX71+BV72-BW72 -> 41 | BY72: U/TABING | CD72: =CD71+CB72-CC72 -> 0 | CJ72: =CJ71+CH72-CI72 -> 3 | CP72: =CP71+CN72-CO72 -> 2 | CV72: =CV71+CT72-CU72 -> 0
D73: =D72+B73-C73 -> 10 | J73: =J72+H73-I73 -> 1 | P73: =P72+N73-O73 -> 0 | V73: =V72+T73-U73 -> 21 | AB73: =AB72+Z73-AA73 -> 10 | AH73: =AH72+AF73-AG73 -> 5 | AK73: 45677 | AM73: 1 | AN73: =AN72+AL73-AM73 -> 35 | AO73: U/SITEBA | AQ73: 45678 | AS73: 1 | AT73: =AT72+AR73-AS73 -> 38 | AU73: U/LUBUKLINTAH | AZ73: =AZ72+AX73-AY73 -> 5 | BF73: =BF72+BD73-BE73 -> 8 | BL73: =BL72+BJ73-BK73 -> 6 | BR73: =BR72+BP73-BQ73 -> 2 | BU73: 45676 | BW73: 1 | BX73: =BX72+BV73-BW73 -> 40 | BY73: U/GP | CD73: =CD72+CB73-CC73 -> 0 | CJ73: =CJ72+CH73-CI73 -> 3 | CP73: =CP72+CN73-CO73 -> 2 | CV73: =CV72+CT73-CU73 -> 0
D74: =D73+B74-C74 -> 10 | J74: =J73+H74-I74 -> 1 | P74: =P73+N74-O74 -> 0 | V74: =V73+T74-U74 -> 21 | AB74: =AB73+Z74-AA74 -> 10 | AH74: =AH73+AF74-AG74 -> 5 | AK74: 45677 | AM74: 1 | AN74: =AN73+AL74-AM74 -> 34 | AO74: U/BALAIBARU | AQ74: 45681 | AS74: 1 | AT74: =AT73+AR74-AS74 -> 37 | AU74: U/PARAKLAWEH | AZ74: =AZ73+AX74-AY74 -> 5 | BF74: =BF73+BD74-BE74 -> 8 | BL74: =BL73+BJ74-BK74 -> 6 | BR74: =BR73+BP74-BQ74 -> 2 | BU74: 45678 | BW74: 1 | BX74: =BX73+BV74-BW74 -> 39 | BY74: U/AIRPACAH | CD74: =CD73+CB74-CC74 -> 0 | CJ74: =CJ73+CH74-CI74 -> 3 | CP74: =CP73+CN74-CO74 -> 2 | CV74: =CV73+CT74-CU74 -> 0
D75: =D74+B75-C75 -> 10 | J75: =J74+H75-I75 -> 1 | P75: =P74+N75-O75 -> 0 | V75: =V74+T75-U75 -> 21 | AB75: =AB74+Z75-AA75 -> 10 | AH75: =AH74+AF75-AG75 -> 5 | AK75: 45677 | AM75: 1 | AN75: =AN74+AL75-AM75 -> 33 | AO75: U/AIRDINGIN | AQ75: 45682 | AS75: 1 | AT75: =AT74+AR75-AS75 -> 36 | AU75: U/ANDURING | AZ75: =AZ74+AX75-AY75 -> 5 | BF75: =BF74+BD75-BE75 -> 8 | BL75: =BL74+BJ75-BK75 -> 6 | BR75: =BR74+BP75-BQ75 -> 2 | BU75: 45678 | BW75: 1 | BX75: =BX74+BV75-BW75 -> 38 | BY75: U/BELIBIS | CD75: =CD74+CB75-CC75 -> 0 | CJ75: =CJ74+CH75-CI75 -> 3 | CP75: =CP74+CN75-CO75 -> 2 | CV75: =CV74+CT75-CU75 -> 0
D76: =D75+B76-C76 -> 10 | J76: =J75+H76-I76 -> 1 | P76: =P75+N76-O76 -> 0 | V76: =V75+T76-U76 -> 21 | AB76: =AB75+Z76-AA76 -> 10 | AH76: =AH75+AF76-AG76 -> 5 | AK76: 45677 | AM76: 1 | AN76: =AN75+AL76-AM76 -> 32 | AO76: U/LUBUKLINTAH | AQ76: 45682 | AS76: 1 | AT76: =AT75+AR76-AS76 -> 35 | AU76: U/TABING | AZ76: =AZ75+AX76-AY76 -> 5 | BF76: =BF75+BD76-BE76 -> 8 | BL76: =BL75+BJ76-BK76 -> 6 | BR76: =BR75+BP76-BQ76 -> 2 | BU76: 45678 | BW76: 1 | BX76: =BX75+BV76-BW76 -> 37 | BY76: U/JATI | CD76: =CD75+CB76-CC76 -> 0 | CJ76: =CJ75+CH76-CI76 -> 3 | CP76: =CP75+CN76-CO76 -> 2 | CV76: =CV75+CT76-CU76 -> 0
D77: =D76+B77-C77 -> 10 | J77: =J76+H77-I77 -> 1 | P77: =P76+N77-O77 -> 0 | V77: =V76+T77-U77 -> 21 | AB77: =AB76+Z77-AA77 -> 10 | AH77: =AH76+AF77-AG77 -> 5 | AK77: 45680 | AM77: 1 | AN77: =AN76+AL77-AM77 -> 31 | AO77: U/BUNGUS | AQ77: 45683 | AS77: 1 | AT77: =AT76+AR77-AS77 -> 34 | AU77: U/LUBAY | AZ77: =AZ76+AX77-AY77 -> 5 | BF77: =BF76+BD77-BE77 -> 8 | BL77: =BL76+BJ77-BK77 -> 6 | BR77: =BR76+BP77-BQ77 -> 2 | BU77: 45678 | BW77: 1 | BX77: =BX76+BV77-BW77 -> 36 | BY77: U/RAWANG | CD77: =CD76+CB77-CC77 -> 0 | CJ77: =CJ76+CH77-CI77 -> 3 | CP77: =CP76+CN77-CO77 -> 2 | CV77: =CV76+CT77-CU77 -> 0
D78: =D77+B78-C78 -> 10 | J78: =J77+H78-I78 -> 1 | P78: =P77+N78-O78 -> 0 | V78: =V77+T78-U78 -> 21 | AB78: =AB77+Z78-AA78 -> 10 | AH78: =AH77+AF78-AG78 -> 5 | AK78: 45680 | AM78: 1 | AN78: =AN77+AL78-AM78 -> 30 | AO78: U/AIRTAWAR | AQ78: 45683 | AS78: 1 | AT78: =AT77+AR78-AS78 -> 33 | AU78: U/SITEBA | AZ78: =AZ77+AX78-AY78 -> 5 | BF78: =BF77+BD78-BE78 -> 8 | BL78: =BL77+BJ78-BK78 -> 6 | BR78: =BR77+BP78-BQ78 -> 2 | BU78: 45678 | BW78: 1 | BX78: =BX77+BV78-BW78 -> 35 | BY78: U/PARAKLAWEH | CD78: =CD77+CB78-CC78 -> 0 | CJ78: =CJ77+CH78-CI78 -> 3 | CP78: =CP77+CN78-CO78 -> 2 | CV78: =CV77+CT78-CU78 -> 0
D79: =D78+B79-C79 -> 10 | J79: =J78+H79-I79 -> 1 | P79: =P78+N79-O79 -> 0 | V79: =V78+T79-U79 -> 21 | AB79: =AB78+Z79-AA79 -> 10 | AH79: =AH78+AF79-AG79 -> 5 | AK79: 45681 | AM79: 1 | AN79: =AN78+AL79-AM79 -> 29 | AO79: U/LUBEG | AQ79: 45684 | AS79: 1 | AT79: =AT78+AR79-AS79 -> 32 | AU79: U/AIRDINGIN | AZ79: =AZ78+AX79-AY79 -> 5 | BF79: =BF78+BD79-BE79 -> 8 | BL79: =BL78+BJ79-BK79 -> 6 | BR79: =BR78+BP79-BQ79 -> 2 | BU79: 45679 | BW79: 1 | BX79: =BX78+BV79-BW79 -> 34 | BY79: U/LUBAY | CD79: =CD78+CB79-CC79 -> 0 | CJ79: =CJ78+CH79-CI79 -> 3 | CP79: =CP78+CN79-CO79 -> 2 | CV79: =CV78+CT79-CU79 -> 0
D80: =D79+B80-C80 -> 10 | J80: =J79+H80-I80 -> 1 | P80: =P79+N80-O80 -> 0 | V80: =V79+T80-U80 -> 21 | AB80: =AB79+Z80-AA80 -> 10 | AH80: =AH79+AF80-AG80 -> 5 | AK80: 45682 | AM80: 1 | AN80: =AN79+AL80-AM80 -> 28 | AO80: U/PARAKLAWEH | AQ80: 45685 | AS80: 1 | AT80: =AT79+AR80-AS80 -> 31 | AU80: U/SEBPDG | AZ80: =AZ79+AX80-AY80 -> 5 | BF80: =BF79+BD80-BE80 -> 8 | BL80: =BL79+BJ80-BK80 -> 6 | BR80: =BR79+BP80-BQ80 -> 2 | BU80: 45679 | BW80: 1 | BX80: =BX79+BV80-BW80 -> 33 | BY80: U/SITEBA | CD80: =CD79+CB80-CC80 -> 0 | CJ80: =CJ79+CH80-CI80 -> 3 | CP80: =CP79+CN80-CO80 -> 2 | CV80: =CV79+CT80-CU80 -> 0
D81: =D80+B81-C81 -> 10 | J81: =J80+H81-I81 -> 1 | P81: =P80+N81-O81 -> 0 | V81: =V80+T81-U81 -> 21 | AB81: =AB80+Z81-AA81 -> 10 | AH81: =AH80+AF81-AG81 -> 5 | AK81: 45682 | AM81: 1 | AN81: =AN80+AL81-AM81 -> 27 | AO81: U/BANDARBUAT | AQ81: 45685 | AS81: 1 | AT81: =AT80+AR81-AS81 -> 30 | AU81: U/AIRDINGIN | AZ81: =AZ80+AX81-AY81 -> 5 | BF81: =BF80+BD81-BE81 -> 8 | BL81: =BL80+BJ81-BK81 -> 6 | BR81: =BR80+BP81-BQ81 -> 2 | BU81: 45680 | BW81: 1 | BX81: =BX80+BV81-BW81 -> 32 | BY81: U/BALAIBARU | CD81: =CD80+CB81-CC81 -> 0 | CJ81: =CJ80+CH81-CI81 -> 3 | CP81: =CP80+CN81-CO81 -> 2 | CV81: =CV80+CT81-CU81 -> 0
D82: =D81+B82-C82 -> 10 | J82: =J81+H82-I82 -> 1 | P82: =P81+N82-O82 -> 0 | V82: =V81+T82-U82 -> 21 | AB82: =AB81+Z82-AA82 -> 10 | AH82: =AH81+AF82-AG82 -> 5 | AK82: 45682 | AM82: 1 | AN82: =AN81+AL82-AM82 -> 26 | AO82: U/BALAIBARU | AQ82: 45685 | AS82: 1 | AT82: =AT81+AR82-AS82 -> 29 | AU82: U/KASANG | AZ82: =AZ81+AX82-AY82 -> 5 | BF82: =BF81+BD82-BE82 -> 8 | BL82: =BL81+BJ82-BK82 -> 6 | BR82: =BR81+BP82-BQ82 -> 2 | BU82: 45680 | BW82: 1 | BX82: =BX81+BV82-BW82 -> 31 | BY82: U/KASANG | CD82: =CD81+CB82-CC82 -> 0 | CJ82: =CJ81+CH82-CI82 -> 3 | CP82: =CP81+CN82-CO82 -> 2 | CV82: =CV81+CT82-CU82 -> 0
... D90: =D89+B90-C90 -> 10 | J90: =J89+H90-I90 -> 1 | P90: =P89+N90-O90 -> 0 | V90: =V89+T90-U90 -> 21 | AB90: =AB89+Z90-AA90 -> 10 | AH90: =AH89+AF90-AG90 -> 5 | AK90: 45685 | AM90: 1 | AN90: =AN89+AL90-AM90 -> 18 | AO90: U/SITEBA | AQ90: 45688 | AS90: 1 | AT90: =AT89+AR90-AS90 -> 18 | AU90: U/BANDARBUAT | AZ90: =AZ89+AX90-AY90 -> 5 | BF90: =BF89+BD90-BE90 -> 8 | BL90: =BL89+BJ90-BK90 -> 6 | BR90: =BR89+BP90-BQ90 -> 2 | BU90: 45683 | BW90: 1 | BX90: =BX89+BV90-BW90 -> 23 | BY90: U/ANDURING | CD90: =CD89+CB90-CC90 -> 0 | CJ90: =CJ89+CH90-CI90 -> 3 | CP90: =CP89+CN90-CO90 -> 2 | CV90: =CV89+CT90-CU90 -> 0
D91: =D90+B91-C91 -> 10 | J91: =J90+H91-I91 -> 1 | P91: =P90+N91-O91 -> 0 | V91: =V90+T91-U91 -> 21 | AB91: =AB90+Z91-AA91 -> 10 | AH91: =AH90+AF91-AG91 -> 5 | AK91: 45685 | AM91: 1 | AN91: =AN90+AL91-AM91 -> 17 | AO91: U/TAPLAU | AS91: 1 | AT91: =AT90+AR91-AS91 -> 17 | AU91: hilang | AZ91: =AZ90+AX91-AY91 -> 5 | BF91: =BF90+BD91-BE91 -> 8 | BL91: =BL90+BJ91-BK91 -> 6 | BR91: =BR90+BP91-BQ91 -> 2 | BU91: 45684 | BW91: 1 | BX91: =BX90+BV91-BW91 -> 22 | BY91: U/LUBUKLINTAH | CD91: =CD90+CB91-CC91 -> 0 | CJ91: =CJ90+CH91-CI91 -> 3 | CP91: =CP90+CN91-CO91 -> 2 | CV91: =CV90+CT91-CU91 -> 0
D92: =D91+B92-C92 -> 10 | J92: =J91+H92-I92 -> 1 | P92: =P91+N92-O92 -> 0 | V92: =V91+T92-U92 -> 21 | AB92: =AB91+Z92-AA92 -> 10 | AH92: =AH91+AF92-AG92 -> 5 | AK92: 45685 | AM92: 1 | AN92: =AN91+AL92-AM92 -> 16 | AO92: U/KASANG | AT92: =AT91+AR92-AS92 -> 17 | AZ92: =AZ91+AX92-AY92 -> 5 | BF92: =BF91+BD92-BE92 -> 8 | BL92: =BL91+BJ92-BK92 -> 6 | BR92: =BR91+BP92-BQ92 -> 2 | BU92: 45684 | BW92: 1 | BX92: =BX91+BV92-BW92 -> 21 | BY92: U/PASBAR | CD92: =CD91+CB92-CC92 -> 0 | CJ92: =CJ91+CH92-CI92 -> 3 | CP92: =CP91+CN92-CO92 -> 2 | CV92: =CV91+CT92-CU92 -> 0
D93: =D92+B93-C93 -> 10 | J93: =J92+H93-I93 -> 1 | P93: =P92+N93-O93 -> 0 | V93: =V92+T93-U93 -> 21 | AB93: =AB92+Z93-AA93 -> 10 | AH93: =AH92+AF93-AG93 -> 5 | AK93: 45686 | AM93: 1 | AN93: =AN92+AL93-AM93 -> 15 | AO93: U/SEBPDG | AT93: =AT92+AR93-AS93 -> 17 | AZ93: =AZ92+AX93-AY93 -> 5 | BF93: =BF92+BD93-BE93 -> 8 | BL93: =BL92+BJ93-BK93 -> 6 | BR93: =BR92+BP93-BQ93 -> 2 | BU93: 45685 | BW93: 1 | BX93: =BX92+BV93-BW93 -> 20 | BY93: U/AIRPACAH | CD93: =CD92+CB93-CC93 -> 0 | CJ93: =CJ92+CH93-CI93 -> 3 | CP93: =CP92+CN93-CO93 -> 2 | CV93: =CV92+CT93-CU93 -> 0
D94: =D93+B94-C94 -> 10 | J94: =J93+H94-I94 -> 1 | P94: =P93+N94-O94 -> 0 | V94: =V93+T94-U94 -> 21 | AB94: =AB93+Z94-AA94 -> 10 | AH94: =AH93+AF94-AG94 -> 5 | AK94: 45687 | AM94: 1 | AN94: =AN93+AL94-AM94 -> 14 | AO94: U/RAWANG | AT94: =AT93+AR94-AS94 -> 17 | AZ94: =AZ93+AX94-AY94 -> 5 | BF94: =BF93+BD94-BE94 -> 8 | BL94: =BL93+BJ94-BK94 -> 6 | BR94: =BR93+BP94-BQ94 -> 2 | BU94: 45685 | BW94: 1 | BX94: =BX93+BV94-BW94 -> 19 | BY94: U/TABING | CD94: =CD93+CB94-CC94 -> 0 | CJ94: =CJ93+CH94-CI94 -> 3 | CP94: =CP93+CN94-CO94 -> 2 | CV94: =CV93+CT94-CU94 -> 0
D95: =D94+B95-C95 -> 10 | J95: =J94+H95-I95 -> 1 | P95: =P94+N95-O95 -> 0 | V95: =V94+T95-U95 -> 21 | AB95: =AB94+Z95-AA95 -> 10 | AH95: =AH94+AF95-AG95 -> 5 | AK95: 45687 | AM95: 1 | AN95: =AN94+AL95-AM95 -> 13 | AO95: U/AIRDINGIN | AT95: =AT94+AR95-AS95 -> 17 | AZ95: =AZ94+AX95-AY95 -> 5 | BF95: =BF94+BD95-BE95 -> 8 | BL95: =BL94+BJ95-BK95 -> 6 | BR95: =BR94+BP95-BQ95 -> 2 | BU95: 45685 | BW95: 1 | BX95: =BX94+BV95-BW95 -> 18 | BY95: U/LUBAY | CD95: =CD94+CB95-CC95 -> 0 | CJ95: =CJ94+CH95-CI95 -> 3 | CP95: =CP94+CN95-CO95 -> 2 | CV95: =CV94+CT95-CU95 -> 0
D96: =D95+B96-C96 -> 10 | J96: =J95+H96-I96 -> 1 | P96: =P95+N96-O96 -> 0 | V96: =V95+T96-U96 -> 21 | AB96: =AB95+Z96-AA96 -> 10 | AH96: =AH95+AF96-AG96 -> 5 | AK96: 45687 | AM96: 4 | AN96: =AN95+AL96-AM96 -> 9 | AO96: U/KURAITAJI | AT96: =AT95+AR96-AS96 -> 17 | AZ96: =AZ95+AX96-AY96 -> 5 | BF96: =BF95+BD96-BE96 -> 8 | BL96: =BL95+BJ96-BK96 -> 6 | BR96: =BR95+BP96-BQ96 -> 2 | BU96: 45685 | BW96: 1 | BX96: =BX95+BV96-BW96 -> 17 | BY96: U/LUBUKALUNG | CD96: =CD95+CB96-CC96 -> 0 | CJ96: =CJ95+CH96-CI96 -> 3 | CP96: =CP95+CN96-CO96 -> 2 | CV96: =CV95+CT96-CU96 -> 0
D97: =D96+B97-C97 -> 10 | J97: =J96+H97-I97 -> 1 | P97: =P96+N97-O97 -> 0 | V97: =V96+T97-U97 -> 21 | AB97: =AB96+Z97-AA97 -> 10 | AH97: =AH96+AF97-AG97 -> 5 | AK97: 45687 | AM97: 1 | AN97: =AN96+AL97-AM97 -> 8 | AO97: U/JATI | AT97: =AT96+AR97-AS97 -> 17 | AZ97: =AZ96+AX97-AY97 -> 5 | BF97: =BF96+BD97-BE97 -> 8 | BL97: =BL96+BJ97-BK97 -> 6 | BR97: =BR96+BP97-BQ97 -> 2 | BU97: 45686 | BW97: 1 | BX97: =BX96+BV97-BW97 -> 16 | BY97: U/AIRTAWAR | CD97: =CD96+CB97-CC97 -> 0 | CJ97: =CJ96+CH97-CI97 -> 3 | CP97: =CP96+CN97-CO97 -> 2 | CV97: =CV96+CT97-CU97 -> 0
D98: =D97+B98-C98 -> 10 | J98: =J97+H98-I98 -> 1 | P98: =P97+N98-O98 -> 0 | V98: =V97+T98-U98 -> 21 | AB98: =AB97+Z98-AA98 -> 10 | AH98: =AH97+AF98-AG98 -> 5 | AK98: 45687 | AM98: 1 | AN98: =AN97+AL98-AM98 -> 7 | AO98: U/TH | AT98: =AT97+AR98-AS98 -> 17 | AZ98: =AZ97+AX98-AY98 -> 5 | BF98: =BF97+BD98-BE98 -> 8 | BL98: =BL97+BJ98-BK98 -> 6 | BR98: =BR97+BP98-BQ98 -> 2 | BU98: 45686 | BW98: 1 | BX98: =BX97+BV98-BW98 -> 15 | BY98: U/LUBAY | CD98: =CD97+CB98-CC98 -> 0 | CJ98: =CJ97+CH98-CI98 -> 3 | CP98: =CP97+CN98-CO98 -> 2 | CV98: =CV97+CT98-CU98 -> 0
D99: =D98+B99-C99 -> 10 | J99: =J98+H99-I99 -> 1 | P99: =P98+N99-O99 -> 0 | V99: =V98+T99-U99 -> 21 | AB99: =AB98+Z99-AA99 -> 10 | AH99: =AH98+AF99-AG99 -> 5 | AK99: 45687 | AM99: 1 | AN99: =AN98+AL99-AM99 -> 6 | AO99: U/TABING | AT99: =AT98+AR99-AS99 -> 17 | AZ99: =AZ98+AX99-AY99 -> 5 | BF99: =BF98+BD99-BE99 -> 8 | BL99: =BL98+BJ99-BK99 -> 6 | BR99: =BR98+BP99-BQ99 -> 2 | BU99: 45686 | BW99: 1 | BX99: =BX98+BV99-BW99 -> 14 | BY99: U/SEBPDG | CD99: =CD98+CB99-CC99 -> 0 | CJ99: =CJ98+CH99-CI99 -> 3 | CP99: =CP98+CN99-CO99 -> 2 | CV99: =CV98+CT99-CU99 -> 0
D100: =D99+B100-C100 -> 10 | J100: =J99+H100-I100 -> 1 | P100: =P99+N100-O100 -> 0 | V100: =V99+T100-U100 -> 21 | AB100: =AB99+Z100-AA100 -> 10 | AH100: =AH99+AF100-AG100 -> 5 | AK100: 45687 | AM100: 1 | AN100: =AN99+AL100-AM100 -> 5 | AO100: U/LUBAY | AT100: =AT99+AR100-AS100 -> 17 | AZ100: =AZ99+AX100-AY100 -> 5 | BF100: =BF99+BD100-BE100 -> 8 | BL100: =BL99+BJ100-BK100 -> 6 | BR100: =BR99+BP100-BQ100 -> 2 | BU100: 45687 | BW100: 1 | BX100: =BX99+BV100-BW100 -> 13 | BY100: U/BANDARBUAT | CD100: =CD99+CB100-CC100 -> 0 | CJ100: =CJ99+CH100-CI100 -> 3 | CP100: =CP99+CN100-CO100 -> 2 | CV100: =CV99+CT100-CU100 -> 0
D101: =D100+B101-C101 -> 10 | J101: =J100+H101-I101 -> 1 | P101: =P100+N101-O101 -> 0 | V101: =V100+T101-U101 -> 21 | AB101: =AB100+Z101-AA101 -> 10 | AH101: =AH100+AF101-AG101 -> 5 | AK101: 45688 | AM101: 1 | AN101: =AN100+AL101-AM101 -> 4 | AO101: U/ANDURING | AT101: =AT100+AR101-AS101 -> 17 | AZ101: =AZ100+AX101-AY101 -> 5 | BF101: =BF100+BD101-BE101 -> 8 | BL101: =BL100+BJ101-BK101 -> 6 | BR101: =BR100+BP101-BQ101 -> 2 | BU101: 45687 | BW101: 1 | BX101: =BX100+BV101-BW101 -> 12 | BY101: U/SITEBA | CD101: =CD100+CB101-CC101 -> 0 | CJ101: =CJ100+CH101-CI101 -> 3 | CP101: =CP100+CN101-CO101 -> 2 | CV101: =CV100+CT101-CU101 -> 0
D102: =D101+B102-C102 -> 10 | J102: =J101+H102-I102 -> 1 | P102: =P101+N102-O102 -> 0 | V102: =V101+T102-U102 -> 21 | AB102: =AB101+Z102-AA102 -> 10 | AH102: =AH101+AF102-AG102 -> 5 | AK102: 45688 | AM102: 1 | AN102: =AN101+AL102-AM102 -> 3 | AO102: U/LUBEG | AT102: =AT101+AR102-AS102 -> 17 | AZ102: =AZ101+AX102-AY102 -> 5 | BF102: =BF101+BD102-BE102 -> 8 | BL102: =BL101+BJ102-BK102 -> 6 | BR102: =BR101+BP102-BQ102 -> 2 | BU102: 45687 | BW102: 1 | BX102: =BX101+BV102-BW102 -> 11 | BY102: U/BUNGUS | CD102: =CD101+CB102-CC102 -> 0 | CJ102: =CJ101+CH102-CI102 -> 3 | CP102: =CP101+CN102-CO102 -> 2 | CV102: =CV101+CT102-CU102 -> 0
D103: =D102+B103-C103 -> 10 | J103: =J102+H103-I103 -> 1 | P103: =P102+N103-O103 -> 0 | V103: =V102+T103-U103 -> 21 | AB103: =AB102+Z103-AA103 -> 10 | AH103: =AH102+AF103-AG103 -> 5 | AN103: =AN102+AL103-AM103 -> 3 | AT103: =AT102+AR103-AS103 -> 17 | AZ103: =AZ102+AX103-AY103 -> 5 | BF103: =BF102+BD103-BE103 -> 8 | BL103: =BL102+BJ103-BK103 -> 6 | BR103: =BR102+BP103-BQ103 -> 2 | BU103: 45686 | BW103: 3 | BX103: =BX102+BV103-BW103 -> 8 | BY103: U/KURAITAJI | CD103: =CD102+CB103-CC103 -> 0 | CJ103: =CJ102+CH103-CI103 -> 3 | CP103: =CP102+CN103-CO103 -> 2 | CV103: =CV102+CT103-CU103 -> 0
D104: =D103+B104-C104 -> 10 | J104: =J103+H104-I104 -> 1 | P104: =P103+N104-O104 -> 0 | V104: =V103+T104-U104 -> 21 | AB104: =AB103+Z104-AA104 -> 10 | AH104: =AH103+AF104-AG104 -> 5 | AN104: =AN103+AL104-AM104 -> 3 | AT104: =AT103+AR104-AS104 -> 17 | AZ104: =AZ103+AX104-AY104 -> 5 | BF104: =BF103+BD104-BE104 -> 8 | BL104: =BL103+BJ104-BK104 -> 6 | BR104: =BR103+BP104-BQ104 -> 2 | BU104: 45687 | BW104: 1 | BX104: =BX103+BV104-BW104 -> 7 | BY104: U/JATI | CD104: =CD103+CB104-CC104 -> 0 | CJ104: =CJ103+CH104-CI104 -> 3 | CP104: =CP103+CN104-CO104 -> 2 | CV104: =CV103+CT104-CU104 -> 0
D105: =D104+B105-C105 -> 10 | J105: =J104+H105-I105 -> 1 | P105: =P104+N105-O105 -> 0 | V105: =V104+T105-U105 -> 21 | AB105: =AB104+Z105-AA105 -> 10 | AH105: =AH104+AF105-AG105 -> 5 | AN105: =AN104+AL105-AM105 -> 3 | AT105: =AT104+AR105-AS105 -> 17 | AZ105: =AZ104+AX105-AY105 -> 5 | BF105: =BF104+BD105-BE105 -> 8 | BL105: =BL104+BJ105-BK105 -> 6 | BR105: =BR104+BP105-BQ105 -> 2 | BU105: 45687 | BW105: 1 | BX105: =BX104+BV105-BW105 -> 6 | BY105: U/KASANG | CD105: =CD104+CB105-CC105 -> 0 | CJ105: =CJ104+CH105-CI105 -> 3 | CP105: =CP104+CN105-CO105 -> 2 | CV105: =CV104+CT105-CU105 -> 0
D106: =D105+B106-C106 -> 10 | J106: =J105+H106-I106 -> 1 | P106: =P105+N106-O106 -> 0 | V106: =V105+T106-U106 -> 21 | AB106: =AB105+Z106-AA106 -> 10 | AH106: =AH105+AF106-AG106 -> 5 | AN106: =AN105+AL106-AM106 -> 3 | AT106: =AT105+AR106-AS106 -> 17 | AZ106: =AZ105+AX106-AY106 -> 5 | BF106: =BF105+BD106-BE106 -> 8 | BL106: =BL105+BJ106-BK106 -> 6 | BR106: =BR105+BP106-BQ106 -> 2 | BU106: 45688 | BW106: 1 | BX106: =BX105+BV106-BW106 -> 5 | BY106: U/LUBEG | CD106: =CD105+CB106-CC106 -> 0 | CJ106: =CJ105+CH106-CI106 -> 3 | CP106: =CP105+CN106-CO106 -> 2 | CV106: =CV105+CT106-CU106 -> 0
D107: =D106+B107-C107 -> 10 | J107: =J106+H107-I107 -> 1 | P107: =P106+N107-O107 -> 0 | V107: =V106+T107-U107 -> 21 | AB107: =AB106+Z107-AA107 -> 10 | AH107: =AH106+AF107-AG107 -> 5 | AN107: =AN106+AL107-AM107 -> 3 | AT107: =AT106+AR107-AS107 -> 17 | AZ107: =AZ106+AX107-AY107 -> 5 | BF107: =BF106+BD107-BE107 -> 8 | BL107: =BL106+BJ107-BK107 -> 6 | BR107: =BR106+BP107-BQ107 -> 2 | BU107: 45688 | BW107: 1 | BX107: =BX106+BV107-BW107 -> 4 | BY107: U/PARAKLAWEH | CD107: =CD106+CB107-CC107 -> 0 | CJ107: =CJ106+CH107-CI107 -> 3 | CP107: =CP106+CN107-CO107 -> 2 | CV107: =CV106+CT107-CU107 -> 0
...

Sheet Bahan Lainnya
A1: Cup 12 Oz | G1: Cup 14 Oz | M1: Cup 22 Oz | S1: Cup 04 Oz | Y1: Plastik Cup 1 Panjang | AE1: Plastik Cup 2 Panjang | AK1: Plastik Cup 2 takeaway | AQ1: Plastik Cup 4 takeaway | AW1: Plastik Sampah Besar | BC1: Thermal | BI1: Baterai A3 (Rp.2,250) | BO1: Cling | BU1: Ultra Pencuci Piring | CA1: Hand Gloves | CG1: Tissue Jolly (10pcs) | CM1: Wipol | CS1: Sedotan Boba (250pcs) | CY1: Sedotan Kecil (500pcs) | DE1: Seal Cup | DK1: Sendok Ice Cream | DQ1: Stella (Rp9000) | DW1: Bayclin | EC1: Lem Tikus | EI1: Detergen | EO1: Baygon | EU1: Kapur Ajaib | FA1: Pisau Donut | FG1: Garpu Donut | FM1: Tray Donut | FS1: Cairan Pembersih Lantai | FY1: Cairan Pembersih Kaca | GE1: Plastik Sampah Hitam
A2: Tgl | B2: Masuk | C2: Keluar | D2: Sisa Stok | E2: Keterangan | G2: Tgl | H2: Masuk | I2: Keluar | J2: Sisa Stok | K2: Keterangan | M2: Tgl | N2: Masuk | O2: Keluar | P2: Sisa Stok | Q2: Keterangan | S2: Tgl | T2: Masuk | U2: Keluar | V2: Sisa Stok | W2: Keterangan | Y2: Tgl | Z2: Masuk | AA2: Keluar | AB2: Sisa Stok | AC2: Keterangan | AE2: Tgl | AF2: Masuk | AG2: Keluar | AH2: Sisa Stok | AI2: Keterangan | AK2: Tgl | AL2: Masuk | AM2: Keluar | AN2: Sisa Stok | AO2: Keterangan | AQ2: Tgl | AR2: Masuk | AS2: Keluar | AT2: Sisa Stok | AU2: Keterangan | AW2: Tgl | AX2: Masuk | AY2: Keluar | AZ2: Sisa Stok | BA2: Keterangan | BC2: Tgl | BD2: Masuk | BE2: Keluar | BF2: Sisa Stok | BG2: Keterangan | BI2: Tgl | BJ2: Masuk | BK2: Keluar | BL2: Sisa Stok | BM2: Keterangan | BO2: Tgl | BP2: Masuk | BQ2: Keluar | BR2: Sisa Stok | BS2: Keterangan | BU2: Tgl | BV2: Masuk | BW2: Keluar | BX2: Sisa Stok | BY2: Keterangan | CA2: Tgl | CB2: Masuk | CC2: Keluar | CD2: Sisa Stok | CE2: Keterangan | CG2: Tgl | CH2: Masuk | CI2: Keluar | CJ2: Sisa Stok | CK2: Keterangan | CM2: Tgl | CN2: Masuk | CO2: Keluar | CP2: Sisa Stok | CQ2: Keterangan | CS2: Tgl | CT2: Masuk | CU2: Keluar | CV2: Sisa Stok | CW2: Keterangan | CY2: Tgl | CZ2: Masuk | DA2: Keluar | DB2: Sisa Stok | DC2: Keterangan | DE2: Tgl | DF2: Masuk | DG2: Keluar | DH2: Sisa Stok | DI2: Keterangan | DK2: Tgl | DL2: Masuk | DM2: Keluar | DN2: Sisa Stok | DO2: Keterangan | DQ2: Tgl | DR2: Masuk | DS2: Keluar | DT2: Sisa Stok | DU2: Keterangan | DW2: Tgl | DX2: Masuk | DY2: Keluar | DZ2: Sisa Stok | EA2: Keterangan | EC2: Tgl | ED2: Masuk | EE2: Keluar | EF2: Sisa Stok | EG2: Keterangan | EI2: Tgl | EJ2: Masuk | EK2: Keluar | EL2: Sisa Stok | EM2: Keterangan | EO2: Tgl | EP2: Masuk | EQ2: Keluar | ER2: Sisa Stok | ES2: Keterangan | EU2: Tgl | EV2: Masuk | EW2: Keluar | EX2: Sisa Stok | EY2: Keterangan | FA2: Tgl | FB2: Masuk | FC2: Keluar | FD2: Sisa Stok | FE2: Keterangan | FG2: Tgl | FH2: Masuk | FI2: Keluar | FJ2: Sisa Stok | FK2: Keterangan | FM2: Tgl | FN2: Masuk | FO2: Keluar | FP2: Sisa Stok | FQ2: Keterangan | FS2: Tgl | FT2: Masuk | FU2: Keluar | FV2: Sisa Stok | FW2: Keterangan | FY2: Tgl | FZ2: Masuk | GA2: Keluar | GB2: Sisa Stok | GC2: Keterangan | GE2: Tgl | GF2: Masuk | GG2: Keluar | GH2: Sisa Stok | GI2: Keterangan
D3: 42650 | E3: CUP JAKARTA | J3: 2900 | P3: 5100 | V3: 1750 | AB3: 18 | AH3: 18 | AN3: 10 | AT3: 4 | AZ3: =12*32 -> 384 | BB3: =AZ3*32 -> 12288 | BF3: 200 | BL3: 44 | BR3: 0 | BX3: =25*825 -> 20625 | CD3: 400 | CJ3: 390 | CP3: 0 | CV3: =250*3 -> 750 | DB3: =34*500 -> 17000 | DH3: 39 | DN3: 38500 | DT3: 5 | DZ3: 0 | EF3: 11 | EL3: 1 | ER3: 8 | EX3: 23 | FD3: 2100 | FJ3: 1400 | FP3: 600 | FV3: =8*4000 -> 32000 | GB3: 1
A4: 45658 | C4: 500 | D4: =D3+B4-C4 -> 42150 | E4: U/CENDRAWASIH | G4: 45658 | I4: 100 | J4: =J3+H4-I4 -> 2800 | K4: U/TAPLAU | M4: 45658 | O4: 200 | P4: =P3+N4-O4 -> 4900 | Q4: U/GP | S4: 45658 | T4: 10000 | V4: =V3+T4-U4 -> 11750 | W4: MASUK GUDANG | Y4: 45659 | AA4: 1 | AB4: =AB3+Z4-AA4 -> 17 | AC4: U/AIRDINGIN | AE4: 45659 | AG4: 1 | AH4: =AH3+AF4-AG4 -> 17 | AI4: U/AIRDINGIN | AK4: 45660 | AM4: 1 | AN4: =AN3+AL4-AM4 -> 9 | AO4: U/ANDURING | AQ4: 45659 | AS4: 1 | AT4: =AT3+AR4-AS4 -> 3 | AU4: U/AIRDINGIN | AW4: 45658 | AY4: 32 | AZ4: =AZ3+AX4-AY4 -> 352 | BA4: U/TABING | BC4: 45658 | BE4: 10 | BF4: =BF3+BD4-BE4 -> 190 | BG4: U/LUBUKLINTAH | BI4: 45658 | BK4: 2 | BL4: =BL3+BJ4-BK4 -> 42 | BM4: U/CENDRAWASIH | BR4: =BR3+BP4-BQ4 -> 0 | BU4: 45658 | BW4: 825 | BX4: =BX3+BV4-BW4 -> 19800 | BY4: U/JATI | CA4: 45658 | CC4: 100 | CD4: =CD3+CB4-CC4 -> 300 | CE4: U/GP | CG4: 45659 | CI4: 10 | CJ4: =CJ3+CH4-CI4 -> 380 | CK4: U/BALAIBARU | CP4: =CP3+CN4-CO4 -> 0 | CS4: 45658 | CU4: 250 | CV4: =CV3+CT4-CU4 -> 500 | CW4: U/PASBAR | CY4: 45658 | DA4: 500 | DB4: =DB3+CZ4-DA4 -> 16500 | DC4: U/CENDRAWASIH | DE4: 45658 | DG4: 1 | DH4: =DH3+DF4-DG4 -> 38 | DI4: U/TABING | DK4: 45658 | DM4: 500 | DN4: =DN3+DL4-DM4 -> 38000 | DO4: U/TAPLAU | DQ4: 45659 | DS4: 2 | DT4: =DT3+DR4-DS4 -> 3 | DU4: U/JATI | DZ4: =DZ3+DX4-DY4 -> 0 | EC4: 45667 | EE4: 1 | EF4: =EF3+ED4-EE4 -> 10 | EG4: U/BALAIBARU | EI4: 45658 | EK4: 1 | EL4: =EL3+EJ4-EK4 -> 0 | EM4: U/LUBEG | EO4: 45658 | EQ4: 1 | ER4: =ER3+EP4-EQ4 -> 7 | ES4: U/KASANG | EU4: 45672 | EW4: 1 | EX4: =EX3+EV4-EW4 -> 22 | EY4: U/LUBUKALUNG | FA4: 45659 | FC4: 100 | FD4: =FD3+FB4-FC4 -> 2000 | FE4: U/SITEBA | FG4: 45659 | FI4: 100 | FJ4: =FJ3+FH4-FI4 -> 1300 | FK4: U/TAPLAU | FM4: 45659 | FO4: 50 | FP4: =FP3+FN4-FO4 -> 550 | FQ4: U/LUBAY | FS4: 45664 | FU4: 4000 | FV4: =FV3+FT4-FU4 -> 28000 | FW4: U/LUBAY | FY4: 45660 | GA4: 1 | GB4: =GB3+FZ4-GA4 -> 0 | GC4: U/BANDARBUAT | GE4: 45672 | GF4: 2 | GH4: =GH3+GF4-GG4 -> 2 | GI4: MASUK GUDANG
A5: 45658 | C5: 500 | D5: =D4+B5-C5 -> 41650 | E5: U/LUBAY | G5: 45659 | I5: 100 | J5: =J4+H5-I5 -> 2700 | K5: U/BELIBIS | M5: 45658 | O5: 200 | P5: =P4+N5-O5 -> 4700 | Q5: U/LUBUKLINTAH | V5: =V4+T5-U5 -> 11750 | Y5: 45659 | AA5: 1 | AB5: =AB4+Z5-AA5 -> 16 | AC5: U/PASBAR | AE5: 45659 | AG5: 1 | AH5: =AH4+AF5-AG5 -> 16 | AI5: U/TABING | AK5: 45660 | AM5: 1 | AN5: =AN4+AL5-AM5 -> 8 | AO5: U/PARAKLAWEH | AQ5: 45659 | AS5: 1 | AT5: =AT4+AR5-AS5 -> 2 | AU5: U/AIRPACAH | AW5: 45660 | AY5: 32 | AZ5: =AZ4+AX5-AY5 -> 320 | BA5: U/AIRTAWAR | BC5: 45658 | BE5: 10 | BF5: =BF4+BD5-BE5 -> 180 | BG5: U/BANDARBUAT | BI5: 45659 | BK5: 2 | BL5: =BL4+BJ5-BK5 -> 40 | BM5: U/ANDURING | BR5: =BR4+BP5-BQ5 -> 0 | BU5: 45658 | BW5: 825 | BX5: =BX4+BV5-BW5 -> 18975 | BY5: U/BELIBIS | CA5: 45658 | CC5: 100 | CD5: =CD4+CB5-CC5 -> 200 | CE5: U/LUBEG | CG5: 45659 | CI5: 10 | CJ5: =CJ4+CH5-CI5 -> 370 | CK5: U/TH | CP5: =CP4+CN5-CO5 -> 0 | CS5: 45659 | CU5: 250 | CV5: =CV4+CT5-CU5 -> 250 | CW5: U/RAWANG | CY5: 45660 | DA5: 500 | DB5: =DB4+CZ5-DA5 -> 16000 | DC5: U/GP | DE5: 45658 | DG5: 1 | DH5: =DH4+DF5-DG5 -> 37 | DI5: U/LUBAY | DK5: 45658 | DM5: 500 | DN5: =DN4+DL5-DM5 -> 37500 | DO5: U/JATI | DQ5: 45660 | DS5: 1 | DT5: =DT4+DR5-DS5 -> 2 | DU5: U/PASBAR | DZ5: =DZ4+DX5-DY5 -> 0 | EC5: 45668 | EE5: 1 | EF5: =EF4+ED5-EE5 -> 9 | EG5: U/BALAIBARU | EI5: 45662 | EJ5: 24 | EL5: =EL4+EJ5-EK5 -> 24 | EM5: MASUK GUDANG | EO5: 45659 | EQ5: 1 | ER5: =ER4+EP5-EQ5 -> 6 | ES5: U/SEBPDG | EU5: 45687 | EW5: 1 | EX5: =EX4+EV5-EW5 -> 21 | EY5: U/KURAITAJI | FA5: 45659 | FC5: 100 | FD5: =FD4+FB5-FC5 -> 1900 | FE5: U/AIRTAWAR | FG5: 45668 | FI5: 100 | FJ5: =FJ4+FH5-FI5 -> 1200 | FK5: U/SITEBA | FM5: 45660 | FO5: 50 | FP5: =FP4+FN5-FO5 -> 500 | FQ5: U/AIRDINGIN | FS5: 45668 | FU5: 4000 | FV5: =FV4+FT5-FU5 -> 24000 | FW5: U/AIRDINGIN | FY5: 45672 | FZ5: 2 | GB5: =GB4+FZ5-GA5 -> 2 | GC5: MUTASI DARI SEBPDG | GE5: 45672 | GG5: 1 | GH5: =GH4+GF5-GG5 -> 1 | GI5: U/TAPLAU
A6: 45658 | C6: 500 | D6: =D5+B6-C6 -> 41150 | E6: U/LUBEG | G6: 45659 | I6: 150 | J6: =J5+H6-I6 -> 2550 | K6: U/AIRTAWAR | M6: 45658 | O6: 200 | P6: =P5+N6-O6 -> 4500 | Q6: U/SITEBA | V6: =V5+T6-U6 -> 11750 | Y6: 45661 | AA6: 1 | AB6: =AB5+Z6-AA6 -> 15 | AC6: U/TH | AE6: 45659 | AG6: 1 | AH6: =AH5+AF6-AG6 -> 15 | AI6: U/PASBAR | AK6: 45662 | AL6: 10 | AN6: =AN5+AL6-AM6 -> 18 | AO6: MASUK GUDANG | AQ6: 45659 | AS6: 1 | AT6: =AT5+AR6-AS6 -> 1 | AU6: U/PASBAR | AW6: 45660 | AY6: 32 | AZ6: =AZ5+AX6-AY6 -> 288 | BA6: U/KASANG | BC6: 45658 | BE6: 10 | BF6: =BF5+BD6-BE6 -> 170 | BG6: U/TH | BI6: 45660 | BK6: 2 | BL6: =BL5+BJ6-BK6 -> 38 | BM6: U/LUBUKLINTAH | BR6: =BR5+BP6-BQ6 -> 0 | BU6: 45659 | BW6: 825 | BX6: =BX5+BV6-BW6 -> 18150 | BY6: U/BALAIBARU | CA6: 45659 | CC6: 100 | CD6: =CD5+CB6-CC6 -> 100 | CE6: U/AIRTAWAR | CG6: 45660 | CI6: 10 | CJ6: =CJ5+CH6-CI6 -> 360 | CK6: U/ANDURING | CP6: =CP5+CN6-CO6 -> 0 | CS6: 45660 | CU6: 250 | CV6: =CV5+CT6-CU6 -> 0 | CW6: U/KASANG | CY6: 45660 | DA6: 500 | DB6: =DB5+CZ6-DA6 -> 15500 | DC6: U/TABING | DE6: 45658 | DG6: 1 | DH6: =DH5+DF6-DG6 -> 36 | DI6: U/AIRPACAH | DK6: 45658 | DM6: 500 | DN6: =DN5+DL6-DM6 -> 37000 | DO6: U/GP | DQ6: 45662 | DS6: 2 | DT6: =DT5+DR6-DS6 -> 0 | DU6: U/PASBAR | DZ6: =DZ5+DX6-DY6 -> 0 | EC6: 45669 | EE6: 1 | EF6: =EF5+ED6-EE6 -> 8 | EG6: U/BALAIBARU | EI6: 45662 | EK6: 1 | EL6: =EL5+EJ6-EK6 -> 23 | EM6: U/RAWANG | EO6: 45659 | EQ6: 1 | ER6: =ER5+EP6-EQ6 -> 5 | ES6: U/kantor | EX6: =EX5+EV6-EW6 -> 21 | FA6: 45659 | FC6: 100 | FD6: =FD5+FB6-FC6 -> 1800 | FE6: U/LUBEG | FG6: 45672 | FI6: 100 | FJ6: =FJ5+FH6-FI6 -> 1100 | FK6: U/LUBUKALUNG | FM6: 45666 | FO6: 50 | FP6: =FP5+FN6-FO6 -> 450 | FQ6: U/LUBEG | FS6: 45672 | FU6: 4000 | FV6: =FV5+FT6-FU6 -> 20000 | FW6: U/LUBUKALUNG | FY6: 45672 | GA6: 1 | GB6: =GB5+FZ6-GA6 -> 1 | GC6: U/LUBUKALUNG | GH6: =GH5+GF6-GG6 -> 1
A7: 45658 | C7: 500 | D7: =D6+B7-C7 -> 40650 | E7: U/BANDARBUAT | G7: 45659 | I7: 100 | J7: =J6+H7-I7 -> 2450 | K7: U/LUBEG | M7: 45659 | O7: 200 | P7: =P6+N7-O7 -> 4300 | Q7: U/TAPLAU | V7: =V6+T7-U7 -> 11750 | Y7: 45662 | AA7: 1 | AB7: =AB6+Z7-AA7 -> 14 | AC7: U/BALAIBARU | AE7: 45659 | AG7: 1 | AH7: =AH6+AF7-AG7 -> 14 | AI7: U/LUBUKLINTAH | AK7: 45665 | AM7: 1 | AN7: =AN6+AL7-AM7 -> 17 | AO7: U/BALAIBARU | AQ7: 45660 | AS7: 1 | AT7: =AT6+AR7-AS7 -> 0 | AU7: U/KASANG | AW7: 45660 | AY7: 32 | AZ7: =AZ6+AX7-AY7 -> 256 | BA7: U/ANDURING | BC7: 45659 | BE7: 10 | BF7: =BF6+BD7-BE7 -> 160 | BG7: U/AIRDINGIN | BI7: 45663 | BK7: 2 | BL7: =BL6+BJ7-BK7 -> 36 | BM7: U/TABING | BR7: =BR6+BP7-BQ7 -> 0 | BU7: 45659 | BW7: 825 | BX7: =BX6+BV7-BW7 -> 17325 | BY7: U/TH | CA7: 45659 | CC7: 100 | CD7: =CD6+CB7-CC7 -> 0 | CE7: U/ANDURING | CG7: 45660 | CI7: 10 | CJ7: =CJ6+CH7-CI7 -> 350 | CK7: U/SITEBA | CP7: =CP6+CN7-CO7 -> 0 | CS7: 45662 | CT7: 5000 | CV7: =CV6+CT7-CU7 -> 5000 | CW7: MASUK GUDANG | CY7: 45660 | DA7: 500 | DB7: =DB6+CZ7-DA7 -> 15000 | DC7: U/KASANG | DE7: 45658 | DG7: 1 | DH7: =DH6+DF7-DG7 -> 35 | DI7: U/ANDURING | DK7: 45658 | DM7: 500 | DN7: =DN6+DL7-DM7 -> 36500 | DO7: U/TABING | DT7: =DT6+DR7-DS7 -> 0 | DZ7: =DZ6+DX7-DY7 -> 0 | EC7: 45674 | EE7: 1 | EF7: =EF6+ED7-EE7 -> 7 | EG7: U/TAPLAU | EI7: 45662 | EK7: 1 | EL7: =EL6+EJ7-EK7 -> 22 | EM7: U/BANDARBUAT | EO7: 45660 | EQ7: 1 | ER7: =ER6+EP7-EQ7 -> 4 | ES7: U/CENDRAWASIH | EX7: =EX6+EV7-EW7 -> 21 | FA7: 45660 | FC7: 100 | FD7: =FD6+FB7-FC7 -> 1700 | FE7: U/PASBAR | FG7: 45672 | FI7: 100 | FJ7: =FJ6+FH7-FI7 -> 1000 | FK7: U/TABING | FM7: 45666 | FO7: 50 | FP7: =FP6+FN7-FO7 -> 400 | FQ7: U/BANDARBUAT | FS7: 45673 | FU7: 4000 | FV7: =FV6+FT7-FU7 -> 16000 | FW7: U/BELIBIS | FY7: 45683 | GA7: 1 | GB7: =GB6+FZ7-GA7 -> 0 | GC7: U/LUBUKALUNG | GH7: =GH6+GF7-GG7 -> 1
A8: 45658 | C8: 500 | D8: =D7+B8-C8 -> 40150 | E8: U/AIRDINGIN | G8: 45661 | I8: 200 | J8: =J7+H8-I8 -> 2250 | K8: U/SEBPDG | M8: 45659 | O8: 200 | P8: =P7+N8-O8 -> 4100 | Q8: U/LUBAY | V8: =V7+T8-U8 -> 11750 | Y8: 45662 | AA8: 1 | AB8: =AB7+Z8-AA8 -> 13 | AC8: U/TABING | AE8: 45660 | AG8: 1 | AH8: =AH7+AF8-AG8 -> 13 | AI8: U/BALAIBARU | AK8: 45664 | AM8: 1 | AN8: =AN7+AL8-AM8 -> 16 | AO8: U/LUBAY | AQ8: 45662 | AR8: 20 | AT8: =AT7+AR8-AS8 -> 20 | AU8: MASUK GUDANG | AW8: 45662 | AY8: 32 | AZ8: =AZ7+AX8-AY8 -> 224 | BA8: U/CENDRAWASIH | BC8: 45659 | BE8: 10 | BF8: =BF7+BD8-BE8 -> 150 | BG8: U/LUBAY | BI8: 45665 | BK8: 2 | BL8: =BL7+BJ8-BK8 -> 34 | BM8: U/TC | BR8: =BR7+BP8-BQ8 -> 0 | BU8: 45659 | BW8: 825 | BX8: =BX7+BV8-BW8 -> 16500 | BY8: U/BANDARBUAT | CA8: 45662 | CB8: 2500 | CD8: =CD7+CB8-CC8 -> 2500 | CE8: MASUK GUDANG | CG8: 45661 | CI8: 10 | CJ8: =CJ7+CH8-CI8 -> 340 | CK8: U/LUBEG | CP8: =CP7+CN8-CO8 -> 0 | CS8: 45662 | CU8: 250 | CV8: =CV7+CT8-CU8 -> 4750 | CW8: U/ANDURING | CY8: 45660 | DA8: 500 | DB8: =DB7+CZ8-DA8 -> 14500 | DC8: U/LUBEG | DE8: 45658 | DG8: 1 | DH8: =DH7+DF8-DG8 -> 34 | DI8: U/PASBAR | DK8: 45658 | DM8: 500 | DN8: =DN7+DL8-DM8 -> 36000 | DO8: U/LUBUKLINTAH | DT8: =DT7+DR8-DS8 -> 0 | DZ8: =DZ7+DX8-DY8 -> 0 | EC8: 45677 | EE8: 1 | EF8: =EF7+ED8-EE8 -> 6 | EG8: U/ANDURING | EI8: 45662 | EK8: 1 | EL8: =EL7+EJ8-EK8 -> 21 | EM8: U/TABING | EO8: 45660 | EQ8: 1 | ER8: =ER7+EP8-EQ8 -> 3 | ES8: U/PASBAR | EX8: =EX7+EV8-EW8 -> 21 | FA8: 45672 | FC8: 100 | FD8: =FD7+FB8-FC8 -> 1600 | FE8: U/LUBUKALUNG | FG8: 45675 | FI8: 100 | FJ8: =FJ7+FH8-FI8 -> 900 | FK8: U/LUBAY | FM8: 45668 | FO8: 50 | FP8: =FP7+FN8-FO8 -> 350 | FQ8: U/PARAKLAWEH | FS8: 45674 | FU8: 4000 | FV8: =FV7+FT8-FU8 -> 12000 | FW8: U/BANDARBUAT | GB8: =GB7+FZ8-GA8 -> 0 | GH8: =GH7+GF8-GG8 -> 1
A9: 45658 | C9: 500 | D9: =D8+B9-C9 -> 39650 | E9: U/BALAIBARU | G9: 45662 | I9: 100 | J9: =J8+H9-I9 -> 2150 | K9: U/BALAIBARU | M9: 45659 | O9: 100 | P9: =P8+N9-O9 -> 4000 | Q9: U/TABING | V9: =V8+T9-U9 -> 11750 | Y9: 45662 | Z9: 10 | AB9: =AB8+Z9-AA9 -> 23 | AC9: MASUK GUDANG | AE9: 45662 | AF9: 10 | AH9: =AH8+AF9-AG9 -> 23 | AI9: MASUK GUDANG | AK9: 45665 | AM9: 1 | AN9: =AN8+AL9-AM9 -> 15 | AO9: U/RAWANG | AQ9: 45662 | AS9: 1 | AT9: =AT8+AR9-AS9 -> 19 | AU9: U/TAPLAU | AW9: 45663 | AY9: 32 | AZ9: =AZ8+AX9-AY9 -> 192 | BA9: U/TAPLAU | BC9: 45659 | BE9: 10 | BF9: =BF8+BD9-BE9 -> 140 | BG9: U/PASBAR | BI9: 45665 | BK9: 2 | BL9: =BL8+BJ9-BK9 -> 32 | BM9: U/AIRDINGIN | BR9: =BR8+BP9-BQ9 -> 0 | BU9: 45659 | BW9: 825 | BX9: =BX8+BV9-BW9 -> 15675 | BY9: U/SEBPDG | CA9: 45662 | CC9: 100 | CD9: =CD8+CB9-CC9 -> 2400 | CE9: U/PASBAR | CG9: 45661 | CI9: 10 | CJ9: =CJ8+CH9-CI9 -> 330 | CK9: U/BELIMBING | CP9: =CP8+CN9-CO9 -> 0 | CS9: 45662 | CU9: 250 | CV9: =CV8+CT9-CU9 -> 4500 | CW9: U/SEBPDG | CY9: 45661 | DA9: 500 | DB9: =DB8+CZ9-DA9 -> 14000 | DC9: U/TAPLAU | DE9: 45658 | DG9: 1 | DH9: =DH8+DF9-DG9 -> 33 | DI9: U/SITEBA | DK9: 45658 | DM9: 500 | DN9: =DN8+DL9-DM9 -> 35500 | DO9: U/PASBAR | DT9: =DT8+DR9-DS9 -> 0 | DZ9: =DZ8+DX9-DY9 -> 0 | EC9: 45677 | EE9: 2 | EF9: =EF8+ED9-EE9 -> 4 | EG9: U/KURAITAJI | EI9: 45665 | EK9: 1 | EL9: =EL8+EJ9-EK9 -> 20 | EM9: U/TAPLAU | EO9: 45662 | EP9: 12 | ER9: =ER8+EP9-EQ9 -> 15 | ES9: MASUK GUDANG | EX9: =EX8+EV9-EW9 -> 21 | FA9: 45671 | FC9: 100 | FD9: =FD8+FB9-FC9 -> 1500 | FE9: U/TAPLAU | FG9: 45676 | FI9: 100 | FJ9: =FJ8+FH9-FI9 -> 800 | FK9: U/PASBAR | FM9: 45670 | FO9: 50 | FP9: =FP8+FN9-FO9 -> 300 | FQ9: U/TAPLAU | FS9: 45675 | FU9: 4000 | FV9: =FV8+FT9-FU9 -> 8000 | FW9: U/LUBUKLINTAH | GB9: =GB8+FZ9-GA9 -> 0 | GH9: =GH8+GF9-GG9 -> 1
A10: 45659 | C10: 500 | D10: =D9+B10-C10 -> 39150 | E10: U/SITEBA | G10: 45663 | I10: 100 | J10: =J9+H10-I10 -> 2050 | K10: U/TABING | M10: 45659 | O10: 200 | P10: =P9+N10-O10 -> 3800 | Q10: U/BELIBIS | V10: =V9+T10-U10 -> 11750 | Y10: 45663 | AA10: 1 | AB10: =AB9+Z10-AA10 -> 22 | AC10: U/GP | AE10: 45667 | AG10: 1 | AH10: =AH9+AF10-AG10 -> 22 | AI10: U/RAWANG | AK10: 45668 | AM10: 1 | AN10: =AN9+AL10-AM10 -> 14 | AO10: U/TH | AQ10: 45664 | AS10: 1 | AT10: =AT9+AR10-AS10 -> 18 | AU10: U/ANDURING | AW10: 45665 | AY10: 32 | AZ10: =AZ9+AX10-AY10 -> 160 | BA10: U/PARAKLAWEH | BC10: 45659 | BE10: 10 | BF10: =BF9+BD10-BE10 -> 130 | BG10: U/ANDURING | BI10: 45666 | BK10: 2 | BL10: =BL9+BJ10-BK10 -> 30 | BM10: U/BUNGUS | BR10: =BR9+BP10-BQ10 -> 0 | BU10: 45659 | BW10: 825 | BX10: =BX9+BV10-BW10 -> 14850 | BY10: U/LUBUKLINTAH | CA10: 45663 | CC10: 100 | CD10: =CD9+CB10-CC10 -> 2300 | CE10: U/TABING | CG10: 45662 | CI10: 10 | CJ10: =CJ9+CH10-CI10 -> 320 | CK10: U/LUBUKLINTAH | CP10: =CP9+CN10-CO10 -> 0 | CS10: 45663 | CU10: 250 | CV10: =CV9+CT10-CU10 -> 4250 | CW10: U/BELIMBING | CY10: 45661 | DA10: 500 | DB10: =DB9+CZ10-DA10 -> 13500 | DC10: U/ANDURING | DE10: 45659 | DG10: 1 | DH10: =DH9+DF10-DG10 -> 32 | DI10: U/BELIMBING | DK10: 45658 | DM10: 500 | DN10: =DN9+DL10-DM10 -> 35000 | DO10: U/BELIMBING | DT10: =DT9+DR10-DS10 -> 0 | DZ10: =DZ9+DX10-DY10 -> 0 | EC10: 45668 | EE10: 2 | EF10: =EF9+ED10-EE10 -> 2 | EG10: U/KANTOR | EI10: 45672 | EK10: 2 | EL10: =EL9+EJ10-EK10 -> 18 | EM10: U/LUBUKALUNG | EO10: 45663 | EQ10: 1 | ER10: =ER9+EP10-EQ10 -> 14 | ES10: U/TABING | EX10: =EX9+EV10-EW10 -> 21 | FA10: 45675 | FC10: 100 | FD10: =FD9+FB10-FC10 -> 1400 | FE10: U/LUBAY | FG10: 45681 | FI10: 100 | FJ10: =FJ9+FH10-FI10 -> 700 | FK10: U/RAWANG | FM10: 45670 | FO10: 50 | FP10: =FP9+FN10-FO10 -> 250 | FQ10: U/GP | FS10: 45675 | FU10: 4000 | FV10: =FV9+FT10-FU10 -> 4000 | FW10: U/TABING | GB10: =GB9+FZ10-GA10 -> 0 | GH10: =GH9+GF10-GG10 -> 1
A11: 45659 | C11: 500 | D11: =D10+B11-C11 -> 38650 | E11: U/AIRPACAH | G11: 45663 | I11: 100 | J11: =J10+H11-I11 -> 1950 | K11: U/ANDURING | M11: 45660 | O11: 200 | P11: =P10+N11-O11 -> 3600 | Q11: U/AIRPACAH | V11: =V10+T11-U11 -> 11750 | Y11: 45664 | AA11: 1 | AB11: =AB10+Z11-AA11 -> 21 | AC11: U/SITEBA | AE11: 45669 | AG11: 1 | AH11: =AH10+AF11-AG11 -> 21 | AI11: U/ANDURING | AK11: 45671 | AM11: 1 | AN11: =AN10+AL11-AM11 -> 13 | AO11: U/LUBUKLINTAH | AQ11: 45666 | AS11: 1 | AT11: =AT10+AR11-AS11 -> 17 | AU11: U/PARAKLAWEH | AW11: 45665 | AY11: 32 | AZ11: =AZ10+AX11-AY11 -> 128 | BA11: U/BANDARBUAT | BC11: 45659 | BE11: 10 | BF11: =BF10+BD11-BE11 -> 120 | BG11: U/PARAKLAWEH | BI11: 45667 | BK11: 2 | BL11: =BL10+BJ11-BK11 -> 28 | BM11: U/GP | BR11: =BR10+BP11-BQ11 -> 0 | BU11: 45659 | BW11: 825 | BX11: =BX10+BV11-BW11 -> 14025 | BY11: U/ANDURING | CA11: 45663 | CC11: 100 | CD11: =CD10+CB11-CC11 -> 2200 | CE11: U/SEBPDG | CG11: 45662 | CI11: 10 | CJ11: =CJ10+CH11-CI11 -> 310 | CK11: U/TAPLAU | CP11: =CP10+CN11-CO11 -> 0 | CS11: 45665 | CU11: 250 | CV11: =CV10+CT11-CU11 -> 4000 | CW11: U/BANDARBUAT | CY11: 45662 | DA11: 500 | DB11: =DB10+CZ11-DA11 -> 13000 | DC11: U/SEBPDG | DE11: 45659 | DG11: 1 | DH11: =DH10+DF11-DG11 -> 31 | DI11: U/PASBAR | DK11: 45658 | DM11: 500 | DN11: =DN10+DL11-DM11 -> 34500 | DO11: U/AIRDINGIN | DT11: =DT10+DR11-DS11 -> 0 | DZ11: =DZ10+DX11-DY11 -> 0 | EF11: =EF10+ED11-EE11 -> 2 | EI11: 45674 | EK11: 1 | EL11: =EL10+EJ11-EK11 -> 17 | EM11: U/CENDRAWASIH | EO11: 45665 | EQ11: 1 | ER11: =ER10+EP11-EQ11 -> 13 | ES11: U/TC | EX11: =EX10+EV11-EW11 -> 21 | FA11: 45680 | FC11: 100 | FD11: =FD10+FB11-FC11 -> 1300 | FE11: U/ANDURING | FG11: 45682 | FI11: 100 | FJ11: =FJ10+FH11-FI11 -> 600 | FK11: U/AIRPACAH | FM11: 45671 | FO11: 50 | FP11: =FP10+FN11-FO11 -> 200 | FQ11: U/AIRTAWAR | FS11: 45681 | FU11: 4000 | FV11: =FV10+FT11-FU11 -> 0 | FW11: U/TAPLAU | GB11: =GB10+FZ11-GA11 -> 0
