Workbook

Sheet REKAP
A1: Kategori | B1: Nama Barang | C1: Berat Wadah | D1: Stock Awal | E1: Stok Masuk | F1: Stok Keluar | G1: Sisa Stock Rumus | H1: Stock Keluar | I1: Sisa Stock 31 | J1: Keterangan
A2: Bahan Baku Utama | B2: Susu UHT | C2: 54 | D2: ='01'!D2 -> 5373 | E2: ='01'!E2+'02'!E2+'03'!E2+'04'!E2+'05'!E2+'06'!E2+'07'!E2+'08'!E2+'09'!E2+'10'!E2+'11'!E2+'12'!E2+'13'!E2+'14'!E2+'15'!E2+'16'!E2+'17'!E2+'18'!E2+'19'!E2+'20'!E2+'21'!E2+'22'!E2+'23'!E2+'24'!E2+'25'!E2+'26'!E2+'27'!E2+'28'!E2+'29'!E2+'30'!E2+'31'!E2 -> 60000 | F2: ='01'!F2+'02'!F2+'03'!F2+'04'!F2+'05'!F2+'06'!F2+'07'!F2+'08'!F2+'09'!F2+'10'!F2+'11'!F2+'12'!F2+'13'!F2+'14'!F2+'15'!F2+'16'!F2+'17'!F2+'18'!F2+'19'!F2+'20'!F2+'21'!F2+'22'!F2+'23'!F2+'24'!F2+'25'!F2+'26'!F2+'27'!F2+'28'!F2+'29'!F2+'30'!F2+'31'!F2 -> 0 | G2: =D2+E2-F2 -> 65373 | H2: =D2+E2-I2 -> 60373 | I2: ='31'!G2 -> 5000 | J2: gdg utm
B3: Thai Tea Chatramue | C3: 0 | D3: ='01'!D3 -> 237 | E3: ='01'!E3+'02'!E3+'03'!E3+'04'!E3+'05'!E3+'06'!E3+'07'!E3+'08'!E3+'09'!E3+'10'!E3+'11'!E3+'12'!E3+'13'!E3+'14'!E3+'15'!E3+'16'!E3+'17'!E3+'18'!E3+'19'!E3+'20'!E3+'21'!E3+'22'!E3+'23'!E3+'24'!E3+'25'!E3+'26'!E3+'27'!E3+'28'!E3+'29'!E3+'30'!E3+'31'!E3 -> 1200 | F3: ='01'!F3+'02'!F3+'03'!F3+'04'!F3+'05'!F3+'06'!F3+'07'!F3+'08'!F3+'09'!F3+'10'!F3+'11'!F3+'12'!F3+'13'!F3+'14'!F3+'15'!F3+'16'!F3+'17'!F3+'18'!F3+'19'!F3+'20'!F3+'21'!F3+'22'!F3+'23'!F3+'24'!F3+'25'!F3+'26'!F3+'27'!F3+'28'!F3+'29'!F3+'30'!F3+'31'!F3 -> 976 | G3: =D3+E3-F3 -> 461 | H3: =D3+E3-I3 -> 976 | I3: ='31'!G3 -> 461
B4: Tapioca Pearl | C4: 0 | D4: ='01'!D4 -> 1092 | E4: ='01'!E4+'02'!E4+'03'!E4+'04'!E4+'05'!E4+'06'!E4+'07'!E4+'08'!E4+'09'!E4+'10'!E4+'11'!E4+'12'!E4+'13'!E4+'14'!E4+'15'!E4+'16'!E4+'17'!E4+'18'!E4+'19'!E4+'20'!E4+'21'!E4+'22'!E4+'23'!E4+'24'!E4+'25'!E4+'26'!E4+'27'!E4+'28'!E4+'29'!E4+'30'!E4+'31'!E4 -> 5000 | F4: ='01'!F4+'02'!F4+'03'!F4+'04'!F4+'05'!F4+'06'!F4+'07'!F4+'08'!F4+'09'!F4+'10'!F4+'11'!F4+'12'!F4+'13'!F4+'14'!F4+'15'!F4+'16'!F4+'17'!F4+'18'!F4+'19'!F4+'20'!F4+'21'!F4+'22'!F4+'23'!F4+'24'!F4+'25'!F4+'26'!F4+'27'!F4+'28'!F4+'29'!F4+'30'!F4+'31'!F4 -> 5029 | G4: =D4+E4-F4 -> 1063 | H4: =D4+E4-I4 -> 5092 | I4: ='31'!G4 -> 1000 | J4: bikin boba
B5: Kopi Robusta Kerinci | C5: 0 | D5: ='01'!D5 -> 1000 | E5: ='01'!E5+'02'!E5+'03'!E5+'04'!E5+'05'!E5+'06'!E5+'07'!E5+'08'!E5+'09'!E5+'10'!E5+'11'!E5+'12'!E5+'13'!E5+'14'!E5+'15'!E5+'16'!E5+'17'!E5+'18'!E5+'19'!E5+'20'!E5+'21'!E5+'22'!E5+'23'!E5+'24'!E5+'25'!E5+'26'!E5+'27'!E5+'28'!E5+'29'!E5+'30'!E5+'31'!E5 -> 1000 | F5: ='01'!F5+'02'!F5+'03'!F5+'04'!F5+'05'!F5+'06'!F5+'07'!F5+'08'!F5+'09'!F5+'10'!F5+'11'!F5+'12'!F5+'13'!F5+'14'!F5+'15'!F5+'16'!F5+'17'!F5+'18'!F5+'19'!F5+'20'!F5+'21'!F5+'22'!F5+'23'!F5+'24'!F5+'25'!F5+'26'!F5+'27'!F5+'28'!F5+'29'!F5+'30'!F5+'31'!F5 -> 1500 | G5: =D5+E5-F5 -> 500 | H5: =D5+E5-I5 -> 1500 | I5: ='31'!G5 -> 500
B6: Fructose Syrup | C6: 250 | D6: ='01'!D6 -> 4063 | E6: ='01'!E6+'02'!E6+'03'!E6+'04'!E6+'05'!E6+'06'!E6+'07'!E6+'08'!E6+'09'!E6+'10'!E6+'11'!E6+'12'!E6+'13'!E6+'14'!E6+'15'!E6+'16'!E6+'17'!E6+'18'!E6+'19'!E6+'20'!E6+'21'!E6+'22'!E6+'23'!E6+'24'!E6+'25'!E6+'26'!E6+'27'!E6+'28'!E6+'29'!E6+'30'!E6+'31'!E6 -> 35000 | F6: ='01'!F6+'02'!F6+'03'!F6+'04'!F6+'05'!F6+'06'!F6+'07'!F6+'08'!F6+'09'!F6+'10'!F6+'11'!F6+'12'!F6+'13'!F6+'14'!F6+'15'!F6+'16'!F6+'17'!F6+'18'!F6+'19'!F6+'20'!F6+'21'!F6+'22'!F6+'23'!F6+'24'!F6+'25'!F6+'26'!F6+'27'!F6+'28'!F6+'29'!F6+'30'!F6+'31'!F6 -> 0 | G6: =D6+E6-F6 -> 39063 | H6: =D6+E6-I6 -> 36636 | I6: ='31'!G6 -> 2427 | J6: gdg utm
B7: Gula Aren Bubuk | C7: 90 | D7: ='01'!D7 -> 720 | E7: ='01'!E7+'02'!E7+'03'!E7+'04'!E7+'05'!E7+'06'!E7+'07'!E7+'08'!E7+'09'!E7+'10'!E7+'11'!E7+'12'!E7+'13'!E7+'14'!E7+'15'!E7+'16'!E7+'17'!E7+'18'!E7+'19'!E7+'20'!E7+'21'!E7+'22'!E7+'23'!E7+'24'!E7+'25'!E7+'26'!E7+'27'!E7+'28'!E7+'29'!E7+'30'!E7+'31'!E7 -> 1000 | F7: ='01'!F7+'02'!F7+'03'!F7+'04'!F7+'05'!F7+'06'!F7+'07'!F7+'08'!F7+'09'!F7+'10'!F7+'11'!F7+'12'!F7+'13'!F7+'14'!F7+'15'!F7+'16'!F7+'17'!F7+'18'!F7+'19'!F7+'20'!F7+'21'!F7+'22'!F7+'23'!F7+'24'!F7+'25'!F7+'26'!F7+'27'!F7+'28'!F7+'29'!F7+'30'!F7+'31'!F7 -> 1662 | G7: =D7+E7-F7 -> 58 | H7: =D7+E7-I7 -> 1626 | I7: ='31'!G7 -> 94 | J7: utk boba
B8: Gula Aren Cair | C8: 58 | D8: ='01'!D8 -> 0 | E8: ='01'!E8+'02'!E8+'03'!E8+'04'!E8+'05'!E8+'06'!E8+'07'!E8+'08'!E8+'09'!E8+'10'!E8+'11'!E8+'12'!E8+'13'!E8+'14'!E8+'15'!E8+'16'!E8+'17'!E8+'18'!E8+'19'!E8+'20'!E8+'21'!E8+'22'!E8+'23'!E8+'24'!E8+'25'!E8+'26'!E8+'27'!E8+'28'!E8+'29'!E8+'30'!E8+'31'!E8 -> 3000 | F8: ='01'!F8+'02'!F8+'03'!F8+'04'!F8+'05'!F8+'06'!F8+'07'!F8+'08'!F8+'09'!F8+'10'!F8+'11'!F8+'12'!F8+'13'!F8+'14'!F8+'15'!F8+'16'!F8+'17'!F8+'18'!F8+'19'!F8+'20'!F8+'21'!F8+'22'!F8+'23'!F8+'24'!F8+'25'!F8+'26'!F8+'27'!F8+'28'!F8+'29'!F8+'30'!F8+'31'!F8 -> 0 | G8: =D8+E8-F8 -> 3000 | H8: =D8+E8-I8 -> 2048 | I8: ='31'!G8 -> 952
B9: Carnation | C9: 58 | D9: ='01'!D9 -> 2167 | E9: ='01'!E9+'02'!E9+'03'!E9+'04'!E9+'05'!E9+'06'!E9+'07'!E9+'08'!E9+'09'!E9+'10'!E9+'11'!E9+'12'!E9+'13'!E9+'14'!E9+'15'!E9+'16'!E9+'17'!E9+'18'!E9+'19'!E9+'20'!E9+'21'!E9+'22'!E9+'23'!E9+'24'!E9+'25'!E9+'26'!E9+'27'!E9+'28'!E9+'29'!E9+'30'!E9+'31'!E9 -> 17080 | F9: ='01'!F9+'02'!F9+'03'!F9+'04'!F9+'05'!F9+'06'!F9+'07'!F9+'08'!F9+'09'!F9+'10'!F9+'11'!F9+'12'!F9+'13'!F9+'14'!F9+'15'!F9+'16'!F9+'17'!F9+'18'!F9+'19'!F9+'20'!F9+'21'!F9+'22'!F9+'23'!F9+'24'!F9+'25'!F9+'26'!F9+'27'!F9+'28'!F9+'29'!F9+'30'!F9+'31'!F9 -> 0 | G9: =D9+E9-F9 -> 19247 | H9: =D9+E9-I9 -> 18350 | I9: ='31'!G9 -> 897
B10: Hazelnut Syrup | C10: 86 | D10: ='01'!D10 -> 447 | E10: ='01'!E10+'02'!E10+'03'!E10+'04'!E10+'05'!E10+'06'!E10+'07'!E10+'08'!E10+'09'!E10+'10'!E10+'11'!E10+'12'!E10+'13'!E10+'14'!E10+'15'!E10+'16'!E10+'17'!E10+'18'!E10+'19'!E10+'20'!E10+'21'!E10+'22'!E10+'23'!E10+'24'!E10+'25'!E10+'26'!E10+'27'!E10+'28'!E10+'29'!E10+'30'!E10+'31'!E10 -> 750 | F10: ='01'!F10+'02'!F10+'03'!F10+'04'!F10+'05'!F10+'06'!F10+'07'!F10+'08'!F10+'09'!F10+'10'!F10+'11'!F10+'12'!F10+'13'!F10+'14'!F10+'15'!F10+'16'!F10+'17'!F10+'18'!F10+'19'!F10+'20'!F10+'21'!F10+'22'!F10+'23'!F10+'24'!F10+'25'!F10+'26'!F10+'27'!F10+'28'!F10+'29'!F10+'30'!F10+'31'!F10 -> 0 | G10: =D10+E10-F10 -> 1197 | H10: =D10+E10-I10 -> 567 | I10: ='31'!G10 -> 630
B11: Small Cup - 14 Oz | D11: ='01'!D11 -> 120 | E11: ='01'!E11+'02'!E11+'03'!E11+'04'!E11+'05'!E11+'06'!E11+'07'!E11+'08'!E11+'09'!E11+'10'!E11+'11'!E11+'12'!E11+'13'!E11+'14'!E11+'15'!E11+'16'!E11+'17'!E11+'18'!E11+'19'!E11+'20'!E11+'21'!E11+'22'!E11+'23'!E11+'24'!E11+'25'!E11+'26'!E11+'27'!E11+'28'!E11+'29'!E11+'30'!E11+'31'!E11 -> 300 | F11: ='01'!F11+'02'!F11+'03'!F11+'04'!F11+'05'!F11+'06'!F11+'07'!F11+'08'!F11+'09'!F11+'10'!F11+'11'!F11+'12'!F11+'13'!F11+'14'!F11+'15'!F11+'16'!F11+'17'!F11+'18'!F11+'19'!F11+'20'!F11+'21'!F11+'22'!F11+'23'!F11+'24'!F11+'25'!F11+'26'!F11+'27'!F11+'28'!F11+'29'!F11+'30'!F11+'31'!F11 -> 0 | G11: =D11+E11-F11 -> 420 | H11: =D11+E11-I11 -> 127 | I11: ='31'!G11 -> 293
B12: Large Cup - 22 Oz | D12: ='01'!D12 -> 517 | E12: ='01'!E12+'02'!E12+'03'!E12+'04'!E12+'05'!E12+'06'!E12+'07'!E12+'08'!E12+'09'!E12+'10'!E12+'11'!E12+'12'!E12+'13'!E12+'14'!E12+'15'!E12+'16'!E12+'17'!E12+'18'!E12+'19'!E12+'20'!E12+'21'!E12+'22'!E12+'23'!E12+'24'!E12+'25'!E12+'26'!E12+'27'!E12+'28'!E12+'29'!E12+'30'!E12+'31'!E12 -> 600 | F12: ='01'!F12+'02'!F12+'03'!F12+'04'!F12+'05'!F12+'06'!F12+'07'!F12+'08'!F12+'09'!F12+'10'!F12+'11'!F12+'12'!F12+'13'!F12+'14'!F12+'15'!F12+'16'!F12+'17'!F12+'18'!F12+'19'!F12+'20'!F12+'21'!F12+'22'!F12+'23'!F12+'24'!F12+'25'!F12+'26'!F12+'27'!F12+'28'!F12+'29'!F12+'30'!F12+'31'!F12 -> 1 | G12: =D12+E12-F12 -> 1116 | H12: =D12+E12-I12 -> 856 | I12: ='31'!G12 -> 261
B13: Sedotan Besar | D13: ='01'!D13 -> 199 | E13: ='01'!E13+'02'!E13+'03'!E13+'04'!E13+'05'!E13+'06'!E13+'07'!E13+'08'!E13+'09'!E13+'10'!E13+'11'!E13+'12'!E13+'13'!E13+'14'!E13+'15'!E13+'16'!E13+'17'!E13+'18'!E13+'19'!E13+'20'!E13+'21'!E13+'22'!E13+'23'!E13+'24'!E13+'25'!E13+'26'!E13+'27'!E13+'28'!E13+'29'!E13+'30'!E13+'31'!E13 -> 0 | F13: ='01'!F13+'02'!F13+'03'!F13+'04'!F13+'05'!F13+'06'!F13+'07'!F13+'08'!F13+'09'!F13+'10'!F13+'11'!F13+'12'!F13+'13'!F13+'14'!F13+'15'!F13+'16'!F13+'17'!F13+'18'!F13+'19'!F13+'20'!F13+'21'!F13+'22'!F13+'23'!F13+'24'!F13+'25'!F13+'26'!F13+'27'!F13+'28'!F13+'29'!F13+'30'!F13+'31'!F13 -> 0 | G13: =D13+E13-F13 -> 199 | H13: =D13+E13-I13 -> 159 | I13: ='31'!G13 -> 40
B14: Sedotan Kecil | D14: ='01'!D14 -> 266 | E14: ='01'!E14+'02'!E14+'03'!E14+'04'!E14+'05'!E14+'06'!E14+'07'!E14+'08'!E14+'09'!E14+'10'!E14+'11'!E14+'12'!E14+'13'!E14+'14'!E14+'15'!E14+'16'!E14+'17'!E14+'18'!E14+'19'!E14+'20'!E14+'21'!E14+'22'!E14+'23'!E14+'24'!E14+'25'!E14+'26'!E14+'27'!E14+'28'!E14+'29'!E14+'30'!E14+'31'!E14 -> 1000 | F14: ='01'!F14+'02'!F14+'03'!F14+'04'!F14+'05'!F14+'06'!F14+'07'!F14+'08'!F14+'09'!F14+'10'!F14+'11'!F14+'12'!F14+'13'!F14+'14'!F14+'15'!F14+'16'!F14+'17'!F14+'18'!F14+'19'!F14+'20'!F14+'21'!F14+'22'!F14+'23'!F14+'24'!F14+'25'!F14+'26'!F14+'27'!F14+'28'!F14+'29'!F14+'30'!F14+'31'!F14 -> 0 | G14: =D14+E14-F14 -> 1266 | H14: =D14+E14-I14 -> 842 | I14: ='31'!G14 -> 424
B15: Cup Sealer | D15: ='01'!D15 -> 1 | E15: ='01'!E15+'02'!E15+'03'!E15+'04'!E15+'05'!E15+'06'!E15+'07'!E15+'08'!E15+'09'!E15+'10'!E15+'11'!E15+'12'!E15+'13'!E15+'14'!E15+'15'!E15+'16'!E15+'17'!E15+'18'!E15+'19'!E15+'20'!E15+'21'!E15+'22'!E15+'23'!E15+'24'!E15+'25'!E15+'26'!E15+'27'!E15+'28'!E15+'29'!E15+'30'!E15+'31'!E15 -> 4 | F15: ='01'!F15+'02'!F15+'03'!F15+'04'!F15+'05'!F15+'06'!F15+'07'!F15+'08'!F15+'09'!F15+'10'!F15+'11'!F15+'12'!F15+'13'!F15+'14'!F15+'15'!F15+'16'!F15+'17'!F15+'18'!F15+'19'!F15+'20'!F15+'21'!F15+'22'!F15+'23'!F15+'24'!F15+'25'!F15+'26'!F15+'27'!F15+'28'!F15+'29'!F15+'30'!F15+'31'!F15 -> 0 | G15: =D15+E15-F15 -> 5 | H15: =D15+E15-I15 -> 5 | I15: ='31'!G15 -> 0
B16: Air Mineral SMS | D16: ='01'!D16 -> 3 | E16: ='01'!E16+'02'!E16+'03'!E16+'04'!E16+'05'!E16+'06'!E16+'07'!E16+'08'!E16+'09'!E16+'10'!E16+'11'!E16+'12'!E16+'13'!E16+'14'!E16+'15'!E16+'16'!E16+'17'!E16+'18'!E16+'19'!E16+'20'!E16+'21'!E16+'22'!E16+'23'!E16+'24'!E16+'25'!E16+'26'!E16+'27'!E16+'28'!E16+'29'!E16+'30'!E16+'31'!E16 -> 0 | F16: ='01'!F16+'02'!F16+'03'!F16+'04'!F16+'05'!F16+'06'!F16+'07'!F16+'08'!F16+'09'!F16+'10'!F16+'11'!F16+'12'!F16+'13'!F16+'14'!F16+'15'!F16+'16'!F16+'17'!F16+'18'!F16+'19'!F16+'20'!F16+'21'!F16+'22'!F16+'23'!F16+'24'!F16+'25'!F16+'26'!F16+'27'!F16+'28'!F16+'29'!F16+'30'!F16+'31'!F16 -> 0 | G16: =D16+E16-F16 -> 3 | H16: =D16+E16-I16 -> 1 | I16: ='31'!G16 -> 2
D17: ='01'!D17 | F17: ='01'!F17+'02'!F17+'03'!F17+'04'!F17+'05'!F17+'06'!F17+'07'!F17+'08'!F17+'09'!F17+'10'!F17+'11'!F17+'12'!F17+'13'!F17+'14'!F17+'15'!F17+'16'!F17+'17'!F17+'18'!F17+'19'!F17+'20'!F17+'21'!F17+'22'!F17+'23'!F17+'24'!F17+'25'!F17+'26'!F17+'27'!F17+'28'!F17+'29'!F17+'30'!F17+'31'!F17 -> 0 | G17: =D17+E17-F17 -> 0 | H17: =D17+E17-I17 -> 0 | I17: ='31'!G17
D18: ='01'!D18 | F18: ='01'!F18+'02'!F18+'03'!F18+'04'!F18+'05'!F18+'06'!F18+'07'!F18+'08'!F18+'09'!F18+'10'!F18+'11'!F18+'12'!F18+'13'!F18+'14'!F18+'15'!F18+'16'!F18+'17'!F18+'18'!F18+'19'!F18+'20'!F18+'21'!F18+'22'!F18+'23'!F18+'24'!F18+'25'!F18+'26'!F18+'27'!F18+'28'!F18+'29'!F18+'30'!F18+'31'!F18 -> 0 | G18: =D18+E18-F18 -> 0 | H18: =D18+E18-I18 -> 0 | I18: ='31'!G18
D19: ='01'!D19 | F19: ='01'!F19+'02'!F19+'03'!F19+'04'!F19+'05'!F19+'06'!F19+'07'!F19+'08'!F19+'09'!F19+'10'!F19+'11'!F19+'12'!F19+'13'!F19+'14'!F19+'15'!F19+'16'!F19+'17'!F19+'18'!F19+'19'!F19+'20'!F19+'21'!F19+'22'!F19+'23'!F19+'24'!F19+'25'!F19+'26'!F19+'27'!F19+'28'!F19+'29'!F19+'30'!F19+'31'!F19 -> 0 | G19: =D19+E19-F19 -> 0 | H19: =D19+E19-I19 -> 0 | I19: ='31'!G19
D20: ='01'!D20 | F20: ='01'!F20+'02'!F20+'03'!F20+'04'!F20+'05'!F20+'06'!F20+'07'!F20+'08'!F20+'09'!F20+'10'!F20+'11'!F20+'12'!F20+'13'!F20+'14'!F20+'15'!F20+'16'!F20+'17'!F20+'18'!F20+'19'!F20+'20'!F20+'21'!F20+'22'!F20+'23'!F20+'24'!F20+'25'!F20+'26'!F20+'27'!F20+'28'!F20+'29'!F20+'30'!F20+'31'!F20 -> 0 | G20: =D20+E20-F20 -> 0 | H20: =D20+E20-I20 -> 0 | I20: ='31'!G20
D21: ='01'!D21 | F21: ='01'!F21+'02'!F21+'03'!F21+'04'!F21+'05'!F21+'06'!F21+'07'!F21+'08'!F21+'09'!F21+'10'!F21+'11'!F21+'12'!F21+'13'!F21+'14'!F21+'15'!F21+'16'!F21+'17'!F21+'18'!F21+'19'!F21+'20'!F21+'21'!F21+'22'!F21+'23'!F21+'24'!F21+'25'!F21+'26'!F21+'27'!F21+'28'!F21+'29'!F21+'30'!F21+'31'!F21 -> 0 | G21: =D21+E21-F21 -> 0 | H21: =D21+E21-I21 -> 0 | I21: ='31'!G21
D22: ='01'!D22 | F22: ='01'!F22+'02'!F22+'03'!F22+'04'!F22+'05'!F22+'06'!F22+'07'!F22+'08'!F22+'09'!F22+'10'!F22+'11'!F22+'12'!F22+'13'!F22+'14'!F22+'15'!F22+'16'!F22+'17'!F22+'18'!F22+'19'!F22+'20'!F22+'21'!F22+'22'!F22+'23'!F22+'24'!F22+'25'!F22+'26'!F22+'27'!F22+'28'!F22+'29'!F22+'30'!F22+'31'!F22 -> 0 | G22: =D22+E22-F22 -> 0 | H22: =D22+E22-I22 -> 0 | I22: ='31'!G22
A23: Powder | B23: Bubble Gum Powder | C23: 63 | D23: ='01'!D23 -> 844 | E23: ='01'!E23+'02'!E23+'03'!E23+'04'!E23+'05'!E23+'06'!E23+'07'!E23+'08'!E23+'09'!E23+'10'!E23+'11'!E23+'12'!E23+'13'!E23+'14'!E23+'15'!E23+'16'!E23+'17'!E23+'18'!E23+'19'!E23+'20'!E23+'21'!E23+'22'!E23+'23'!E23+'24'!E23+'25'!E23+'26'!E23+'27'!E23+'28'!E23+'29'!E23+'30'!E23+'31'!E23 -> 0 | F23: ='01'!F23+'02'!F23+'03'!F23+'04'!F23+'05'!F23+'06'!F23+'07'!F23+'08'!F23+'09'!F23+'10'!F23+'11'!F23+'12'!F23+'13'!F23+'14'!F23+'15'!F23+'16'!F23+'17'!F23+'18'!F23+'19'!F23+'20'!F23+'21'!F23+'22'!F23+'23'!F23+'24'!F23+'25'!F23+'26'!F23+'27'!F23+'28'!F23+'29'!F23+'30'!F23+'31'!F23 -> 0 | G23: =D23+E23-F23 -> 844 | H23: =D23+E23-I23 -> 378 | I23: ='31'!G23 -> 466
B24: Cotton Candy Powder | C24: 63 | D24: ='01'!D24 -> 117 | E24: ='01'!E24+'02'!E24+'03'!E24+'04'!E24+'05'!E24+'06'!E24+'07'!E24+'08'!E24+'09'!E24+'10'!E24+'11'!E24+'12'!E24+'13'!E24+'14'!E24+'15'!E24+'16'!E24+'17'!E24+'18'!E24+'19'!E24+'20'!E24+'21'!E24+'22'!E24+'23'!E24+'24'!E24+'25'!E24+'26'!E24+'27'!E24+'28'!E24+'29'!E24+'30'!E24+'31'!E24 -> 0 | F24: ='01'!F24+'02'!F24+'03'!F24+'04'!F24+'05'!F24+'06'!F24+'07'!F24+'08'!F24+'09'!F24+'10'!F24+'11'!F24+'12'!F24+'13'!F24+'14'!F24+'15'!F24+'16'!F24+'17'!F24+'18'!F24+'19'!F24+'20'!F24+'21'!F24+'22'!F24+'23'!F24+'24'!F24+'25'!F24+'26'!F24+'27'!F24+'28'!F24+'29'!F24+'30'!F24+'31'!F24 -> 0 | G24: =D24+E24-F24 -> 117 | H24: =D24+E24-I24 -> 7 | I24: ='31'!G24 -> 110
B25: Cream Cheese Powder | C25: 0 | D25: ='01'!D25 -> 0 | E25: ='01'!E25+'02'!E25+'03'!E25+'04'!E25+'05'!E25+'06'!E25+'07'!E25+'08'!E25+'09'!E25+'10'!E25+'11'!E25+'12'!E25+'13'!E25+'14'!E25+'15'!E25+'16'!E25+'17'!E25+'18'!E25+'19'!E25+'20'!E25+'21'!E25+'22'!E25+'23'!E25+'24'!E25+'25'!E25+'26'!E25+'27'!E25+'28'!E25+'29'!E25+'30'!E25+'31'!E25 -> 0 | F25: ='01'!F25+'02'!F25+'03'!F25+'04'!F25+'05'!F25+'06'!F25+'07'!F25+'08'!F25+'09'!F25+'10'!F25+'11'!F25+'12'!F25+'13'!F25+'14'!F25+'15'!F25+'16'!F25+'17'!F25+'18'!F25+'19'!F25+'20'!F25+'21'!F25+'22'!F25+'23'!F25+'24'!F25+'25'!F25+'26'!F25+'27'!F25+'28'!F25+'29'!F25+'30'!F25+'31'!F25 -> 0 | G25: =D25+E25-F25 -> 0 | H25: =D25+E25-I25 -> 0 | I25: ='31'!G25 -> 0
B26: Es Permen Karet Powder | C26: 63 | D26: ='01'!D26 -> 519 | E26: ='01'!E26+'02'!E26+'03'!E26+'04'!E26+'05'!E26+'06'!E26+'07'!E26+'08'!E26+'09'!E26+'10'!E26+'11'!E26+'12'!E26+'13'!E26+'14'!E26+'15'!E26+'16'!E26+'17'!E26+'18'!E26+'19'!E26+'20'!E26+'21'!E26+'22'!E26+'23'!E26+'24'!E26+'25'!E26+'26'!E26+'27'!E26+'28'!E26+'29'!E26+'30'!E26+'31'!E26 -> 1000 | F26: ='01'!F26+'02'!F26+'03'!F26+'04'!F26+'05'!F26+'06'!F26+'07'!F26+'08'!F26+'09'!F26+'10'!F26+'11'!F26+'12'!F26+'13'!F26+'14'!F26+'15'!F26+'16'!F26+'17'!F26+'18'!F26+'19'!F26+'20'!F26+'21'!F26+'22'!F26+'23'!F26+'24'!F26+'25'!F26+'26'!F26+'27'!F26+'28'!F26+'29'!F26+'30'!F26+'31'!F26 -> 0 | G26: =D26+E26-F26 -> 1519 | H26: =D26+E26-I26 -> 1040 | I26: ='31'!G26 -> 479
B27: Green Tea Powder | C27: 63 | D27: ='01'!D27 -> 999 | E27: ='01'!E27+'02'!E27+'03'!E27+'04'!E27+'05'!E27+'06'!E27+'07'!E27+'08'!E27+'09'!E27+'10'!E27+'11'!E27+'12'!E27+'13'!E27+'14'!E27+'15'!E27+'16'!E27+'17'!E27+'18'!E27+'19'!E27+'20'!E27+'21'!E27+'22'!E27+'23'!E27+'24'!E27+'25'!E27+'26'!E27+'27'!E27+'28'!E27+'29'!E27+'30'!E27+'31'!E27 -> 1000 | F27: ='01'!F27+'02'!F27+'03'!F27+'04'!F27+'05'!F27+'06'!F27+'07'!F27+'08'!F27+'09'!F27+'10'!F27+'11'!F27+'12'!F27+'13'!F27+'14'!F27+'15'!F27+'16'!F27+'17'!F27+'18'!F27+'19'!F27+'20'!F27+'21'!F27+'22'!F27+'23'!F27+'24'!F27+'25'!F27+'26'!F27+'27'!F27+'28'!F27+'29'!F27+'30'!F27+'31'!F27 -> 0 | G27: =D27+E27-F27 -> 1999 | H27: =D27+E27-I27 -> 1647 | I27: ='31'!G27 -> 352
B28: Lemon Tea Powder | C28: 63 | D28: ='01'!D28 -> 940 | E28: ='01'!E28+'02'!E28+'03'!E28+'04'!E28+'05'!E28+'06'!E28+'07'!E28+'08'!E28+'09'!E28+'10'!E28+'11'!E28+'12'!E28+'13'!E28+'14'!E28+'15'!E28+'16'!E28+'17'!E28+'18'!E28+'19'!E28+'20'!E28+'21'!E28+'22'!E28+'23'!E28+'24'!E28+'25'!E28+'26'!E28+'27'!E28+'28'!E28+'29'!E28+'30'!E28+'31'!E28 -> 5000 | F28: ='01'!F28+'02'!F28+'03'!F28+'04'!F28+'05'!F28+'06'!F28+'07'!F28+'08'!F28+'09'!F28+'10'!F28+'11'!F28+'12'!F28+'13'!F28+'14'!F28+'15'!F28+'16'!F28+'17'!F28+'18'!F28+'19'!F28+'20'!F28+'21'!F28+'22'!F28+'23'!F28+'24'!F28+'25'!F28+'26'!F28+'27'!F28+'28'!F28+'29'!F28+'30'!F28+'31'!F28 -> 0 | G28: =D28+E28-F28 -> 5940 | H28: =D28+E28-I28 -> 4820 | I28: ='31'!G28 -> 1120
B29: Lychee Powder | C29: 63 | D29: ='01'!D29 -> 1211 | E29: ='01'!E29+'02'!E29+'03'!E29+'04'!E29+'05'!E29+'06'!E29+'07'!E29+'08'!E29+'09'!E29+'10'!E29+'11'!E29+'12'!E29+'13'!E29+'14'!E29+'15'!E29+'16'!E29+'17'!E29+'18'!E29+'19'!E29+'20'!E29+'21'!E29+'22'!E29+'23'!E29+'24'!E29+'25'!E29+'26'!E29+'27'!E29+'28'!E29+'29'!E29+'30'!E29+'31'!E29 -> 0 | F29: ='01'!F29+'02'!F29+'03'!F29+'04'!F29+'05'!F29+'06'!F29+'07'!F29+'08'!F29+'09'!F29+'10'!F29+'11'!F29+'12'!F29+'13'!F29+'14'!F29+'15'!F29+'16'!F29+'17'!F29+'18'!F29+'19'!F29+'20'!F29+'21'!F29+'22'!F29+'23'!F29+'24'!F29+'25'!F29+'26'!F29+'27'!F29+'28'!F29+'29'!F29+'30'!F29+'31'!F29 -> 0 | G29: =D29+E29-F29 -> 1211 | H29: =D29+E29-I29 -> 384 | I29: ='31'!G29 -> 827
B30: Lychee Tea Powder | C30: 63 | D30: ='01'!D30 -> 708 | E30: ='01'!E30+'02'!E30+'03'!E30+'04'!E30+'05'!E30+'06'!E30+'07'!E30+'08'!E30+'09'!E30+'10'!E30+'11'!E30+'12'!E30+'13'!E30+'14'!E30+'15'!E30+'16'!E30+'17'!E30+'18'!E30+'19'!E30+'20'!E30+'21'!E30+'22'!E30+'23'!E30+'24'!E30+'25'!E30+'26'!E30+'27'!E30+'28'!E30+'29'!E30+'30'!E30+'31'!E30 -> 5000 | F30: ='01'!F30+'02'!F30+'03'!F30+'04'!F30+'05'!F30+'06'!F30+'07'!F30+'08'!F30+'09'!F30+'10'!F30+'11'!F30+'12'!F30+'13'!F30+'14'!F30+'15'!F30+'16'!F30+'17'!F30+'18'!F30+'19'!F30+'20'!F30+'21'!F30+'22'!F30+'23'!F30+'24'!F30+'25'!F30+'26'!F30+'27'!F30+'28'!F30+'29'!F30+'30'!F30+'31'!F30 -> 0 | G30: =D30+E30-F30 -> 5708 | H30: =D30+E30-I30 -> 3532 | I30: ='31'!G30 -> 2176 | J30: gdg utm
B31: Mango Powder | C31: 63 | D31: ='01'!D31 -> 824 | E31: ='01'!E31+'02'!E31+'03'!E31+'04'!E31+'05'!E31+'06'!E31+'07'!E31+'08'!E31+'09'!E31+'10'!E31+'11'!E31+'12'!E31+'13'!E31+'14'!E31+'15'!E31+'16'!E31+'17'!E31+'18'!E31+'19'!E31+'20'!E31+'21'!E31+'22'!E31+'23'!E31+'24'!E31+'25'!E31+'26'!E31+'27'!E31+'28'!E31+'29'!E31+'30'!E31+'31'!E31 -> 1000 | F31: ='01'!F31+'02'!F31+'03'!F31+'04'!F31+'05'!F31+'06'!F31+'07'!F31+'08'!F31+'09'!F31+'10'!F31+'11'!F31+'12'!F31+'13'!F31+'14'!F31+'15'!F31+'16'!F31+'17'!F31+'18'!F31+'19'!F31+'20'!F31+'21'!F31+'22'!F31+'23'!F31+'24'!F31+'25'!F31+'26'!F31+'27'!F31+'28'!F31+'29'!F31+'30'!F31+'31'!F31 -> 0 | G31: =D31+E31-F31 -> 1824 | H31: =D31+E31-I31 -> 851 | I31: ='31'!G31 -> 973
B32: Milo Powder | C32: 63 | D32: ='01'!D32 -> 505 | E32: ='01'!E32+'02'!E32+'03'!E32+'04'!E32+'05'!E32+'06'!E32+'07'!E32+'08'!E32+'09'!E32+'10'!E32+'11'!E32+'12'!E32+'13'!E32+'14'!E32+'15'!E32+'16'!E32+'17'!E32+'18'!E32+'19'!E32+'20'!E32+'21'!E32+'22'!E32+'23'!E32+'24'!E32+'25'!E32+'26'!E32+'27'!E32+'28'!E32+'29'!E32+'30'!E32+'31'!E32 -> 1920 | F32: ='01'!F32+'02'!F32+'03'!F32+'04'!F32+'05'!F32+'06'!F32+'07'!F32+'08'!F32+'09'!F32+'10'!F32+'11'!F32+'12'!F32+'13'!F32+'14'!F32+'15'!F32+'16'!F32+'17'!F32+'18'!F32+'19'!F32+'20'!F32+'21'!F32+'22'!F32+'23'!F32+'24'!F32+'25'!F32+'26'!F32+'27'!F32+'28'!F32+'29'!F32+'30'!F32+'31'!F32 -> 0 | G32: =D32+E32-F32 -> 2425 | H32: =D32+E32-I32 -> 2112 | I32: ='31'!G32 -> 313
B33: NDC Creamer Powder | C33: 0 | D33: ='01'!D33 -> 1118 | E33: ='01'!E33+'02'!E33+'03'!E33+'04'!E33+'05'!E33+'06'!E33+'07'!E33+'08'!E33+'09'!E33+'10'!E33+'11'!E33+'12'!E33+'13'!E33+'14'!E33+'15'!E33+'16'!E33+'17'!E33+'18'!E33+'19'!E33+'20'!E33+'21'!E33+'22'!E33+'23'!E33+'24'!E33+'25'!E33+'26'!E33+'27'!E33+'28'!E33+'29'!E33+'30'!E33+'31'!E33 -> 4000 | F33: ='01'!F33+'02'!F33+'03'!F33+'04'!F33+'05'!F33+'06'!F33+'07'!F33+'08'!F33+'09'!F33+'10'!F33+'11'!F33+'12'!F33+'13'!F33+'14'!F33+'15'!F33+'16'!F33+'17'!F33+'18'!F33+'19'!F33+'20'!F33+'21'!F33+'22'!F33+'23'!F33+'24'!F33+'25'!F33+'26'!F33+'27'!F33+'28'!F33+'29'!F33+'30'!F33+'31'!F33 -> 5118 | G33: =D33+E33-F33 -> 0 | H33: =D33+E33-I33 -> 5118 | I33: ='31'!G33 -> 0
B34: Ovaltine Powder | C34: 63 | D34: ='01'!D34 -> 897 | E34: ='01'!E34+'02'!E34+'03'!E34+'04'!E34+'05'!E34+'06'!E34+'07'!E34+'08'!E34+'09'!E34+'10'!E34+'11'!E34+'12'!E34+'13'!E34+'14'!E34+'15'!E34+'16'!E34+'17'!E34+'18'!E34+'19'!E34+'20'!E34+'21'!E34+'22'!E34+'23'!E34+'24'!E34+'25'!E34+'26'!E34+'27'!E34+'28'!E34+'29'!E34+'30'!E34+'31'!E34 -> 900 | F34: ='01'!F34+'02'!F34+'03'!F34+'04'!F34+'05'!F34+'06'!F34+'07'!F34+'08'!F34+'09'!F34+'10'!F34+'11'!F34+'12'!F34+'13'!F34+'14'!F34+'15'!F34+'16'!F34+'17'!F34+'18'!F34+'19'!F34+'20'!F34+'21'!F34+'22'!F34+'23'!F34+'24'!F34+'25'!F34+'26'!F34+'27'!F34+'28'!F34+'29'!F34+'30'!F34+'31'!F34 -> 0 | G34: =D34+E34-F34 -> 1797 | H34: =D34+E34-I34 -> 897 | I34: ='31'!G34 -> 900
B35: Red Velvet Powder | C35: 63 | D35: ='01'!D35 -> 287 | E35: ='01'!E35+'02'!E35+'03'!E35+'04'!E35+'05'!E35+'06'!E35+'07'!E35+'08'!E35+'09'!E35+'10'!E35+'11'!E35+'12'!E35+'13'!E35+'14'!E35+'15'!E35+'16'!E35+'17'!E35+'18'!E35+'19'!E35+'20'!E35+'21'!E35+'22'!E35+'23'!E35+'24'!E35+'25'!E35+'26'!E35+'27'!E35+'28'!E35+'29'!E35+'30'!E35+'31'!E35 -> 0 | F35: ='01'!F35+'02'!F35+'03'!F35+'04'!F35+'05'!F35+'06'!F35+'07'!F35+'08'!F35+'09'!F35+'10'!F35+'11'!F35+'12'!F35+'13'!F35+'14'!F35+'15'!F35+'16'!F35+'17'!F35+'18'!F35+'19'!F35+'20'!F35+'21'!F35+'22'!F35+'23'!F35+'24'!F35+'25'!F35+'26'!F35+'27'!F35+'28'!F35+'29'!F35+'30'!F35+'31'!F35 -> 0 | G35: =D35+E35-F35 -> 287 | H35: =D35+E35-I35 -> 52 | I35: ='31'!G35 -> 235
B36: Royal Chocolate Powder | C36: 63 | D36: ='01'!D36 -> 510 | E36: ='01'!E36+'02'!E36+'03'!E36+'04'!E36+'05'!E36+'06'!E36+'07'!E36+'08'!E36+'09'!E36+'10'!E36+'11'!E36+'12'!E36+'13'!E36+'14'!E36+'15'!E36+'16'!E36+'17'!E36+'18'!E36+'19'!E36+'20'!E36+'21'!E36+'22'!E36+'23'!E36+'24'!E36+'25'!E36+'26'!E36+'27'!E36+'28'!E36+'29'!E36+'30'!E36+'31'!E36 -> 4000 | F36: ='01'!F36+'02'!F36+'03'!F36+'04'!F36+'05'!F36+'06'!F36+'07'!F36+'08'!F36+'09'!F36+'10'!F36+'11'!F36+'12'!F36+'13'!F36+'14'!F36+'15'!F36+'16'!F36+'17'!F36+'18'!F36+'19'!F36+'20'!F36+'21'!F36+'22'!F36+'23'!F36+'24'!F36+'25'!F36+'26'!F36+'27'!F36+'28'!F36+'29'!F36+'30'!F36+'31'!F36 -> 0 | G36: =D36+E36-F36 -> 4510 | H36: =D36+E36-I36 -> 3510 | I36: ='31'!G36 -> 1000
B37: Teh Kayu Aro Powder | C37: 0 | D37: ='01'!D37 -> 405 | E37: ='01'!E37+'02'!E37+'03'!E37+'04'!E37+'05'!E37+'06'!E37+'07'!E37+'08'!E37+'09'!E37+'10'!E37+'11'!E37+'12'!E37+'13'!E37+'14'!E37+'15'!E37+'16'!E37+'17'!E37+'18'!E37+'19'!E37+'20'!E37+'21'!E37+'22'!E37+'23'!E37+'24'!E37+'25'!E37+'26'!E37+'27'!E37+'28'!E37+'29'!E37+'30'!E37+'31'!E37 -> 0 | F37: ='01'!F37+'02'!F37+'03'!F37+'04'!F37+'05'!F37+'06'!F37+'07'!F37+'08'!F37+'09'!F37+'10'!F37+'11'!F37+'12'!F37+'13'!F37+'14'!F37+'15'!F37+'16'!F37+'17'!F37+'18'!F37+'19'!F37+'20'!F37+'21'!F37+'22'!F37+'23'!F37+'24'!F37+'25'!F37+'26'!F37+'27'!F37+'28'!F37+'29'!F37+'30'!F37+'31'!F37 -> 250 | G37: =D37+E37-F37 -> 155 | H37: =D37+E37-I37 -> 280 | I37: ='31'!G37 -> 125
B38: Taro Powder | C38: 63 | D38: ='01'!D38 -> 1656 | E38: ='01'!E38+'02'!E38+'03'!E38+'04'!E38+'05'!E38+'06'!E38+'07'!E38+'08'!E38+'09'!E38+'10'!E38+'11'!E38+'12'!E38+'13'!E38+'14'!E38+'15'!E38+'16'!E38+'17'!E38+'18'!E38+'19'!E38+'20'!E38+'21'!E38+'22'!E38+'23'!E38+'24'!E38+'25'!E38+'26'!E38+'27'!E38+'28'!E38+'29'!E38+'30'!E38+'31'!E38 -> 0 | F38: ='01'!F38+'02'!F38+'03'!F38+'04'!F38+'05'!F38+'06'!F38+'07'!F38+'08'!F38+'09'!F38+'10'!F38+'11'!F38+'12'!F38+'13'!F38+'14'!F38+'15'!F38+'16'!F38+'17'!F38+'18'!F38+'19'!F38+'20'!F38+'21'!F38+'22'!F38+'23'!F38+'24'!F38+'25'!F38+'26'!F38+'27'!F38+'28'!F38+'29'!F38+'30'!F38+'31'!F38 -> 0 | G38: =D38+E38-F38 -> 1656 | H38: =D38+E38-I38 -> 1140 | I38: ='31'!G38 -> 516
B39: Vanilla Powder | C39: 63 | D39: ='01'!D39 -> 1014 | E39: ='01'!E39+'02'!E39+'03'!E39+'04'!E39+'05'!E39+'06'!E39+'07'!E39+'08'!E39+'09'!E39+'10'!E39+'11'!E39+'12'!E39+'13'!E39+'14'!E39+'15'!E39+'16'!E39+'17'!E39+'18'!E39+'19'!E39+'20'!E39+'21'!E39+'22'!E39+'23'!E39+'24'!E39+'25'!E39+'26'!E39+'27'!E39+'28'!E39+'29'!E39+'30'!E39+'31'!E39 -> 1000 | F39: ='01'!F39+'02'!F39+'03'!F39+'04'!F39+'05'!F39+'06'!F39+'07'!F39+'08'!F39+'09'!F39+'10'!F39+'11'!F39+'12'!F39+'13'!F39+'14'!F39+'15'!F39+'16'!F39+'17'!F39+'18'!F39+'19'!F39+'20'!F39+'21'!F39+'22'!F39+'23'!F39+'24'!F39+'25'!F39+'26'!F39+'27'!F39+'28'!F39+'29'!F39+'30'!F39+'31'!F39 -> 0 | G39: =D39+E39-F39 -> 2014 | H39: =D39+E39-I39 -> 724 | I39: ='31'!G39 -> 1290
D40: ='01'!D40 | F40: ='01'!F40+'02'!F40+'03'!F40+'04'!F40+'05'!F40+'06'!F40+'07'!F40+'08'!F40+'09'!F40+'10'!F40+'11'!F40+'12'!F40+'13'!F40+'14'!F40+'15'!F40+'16'!F40+'17'!F40+'18'!F40+'19'!F40+'20'!F40+'21'!F40+'22'!F40+'23'!F40+'24'!F40+'25'!F40+'26'!F40+'27'!F40+'28'!F40+'29'!F40+'30'!F40+'31'!F40 -> 0 | G40: =D40+E40-F40 -> 0 | H40: =D40+E40-I40 -> 0 | I40: ='31'!G40
D41: ='01'!D41 | F41: ='01'!F41+'02'!F41+'03'!F41+'04'!F41+'05'!F41+'06'!F41+'07'!F41+'08'!F41+'09'!F41+'10'!F41+'11'!F41+'12'!F41+'13'!F41+'14'!F41+'15'!F41+'16'!F41+'17'!F41+'18'!F41+'19'!F41+'20'!F41+'21'!F41+'22'!F41+'23'!F41+'24'!F41+'25'!F41+'26'!F41+'27'!F41+'28'!F41+'29'!F41+'30'!F41+'31'!F41 -> 0 | G41: =D41+E41-F41 -> 0 | H41: =D41+E41-I41 -> 0 | I41: ='31'!G41
D42: ='01'!D42 | F42: ='01'!F42+'02'!F42+'03'!F42+'04'!F42+'05'!F42+'06'!F42+'07'!F42+'08'!F42+'09'!F42+'10'!F42+'11'!F42+'12'!F42+'13'!F42+'14'!F42+'15'!F42+'16'!F42+'17'!F42+'18'!F42+'19'!F42+'20'!F42+'21'!F42+'22'!F42+'23'!F42+'24'!F42+'25'!F42+'26'!F42+'27'!F42+'28'!F42+'29'!F42+'30'!F42+'31'!F42 -> 0 | G42: =D42+E42-F42 -> 0 | H42: =D42+E42-I42 -> 0 | I42: ='31'!G42
A43: Bahan Setengah Jadi | B43: Cold Brew | C43: 162 | D43: ='01'!D43 -> 1201 | E43: ='01'!E43+'02'!E43+'03'!E43+'04'!E43+'05'!E43+'06'!E43+'07'!E43+'08'!E43+'09'!E43+'10'!E43+'11'!E43+'12'!E43+'13'!E43+'14'!E43+'15'!E43+'16'!E43+'17'!E43+'18'!E43+'19'!E43+'20'!E43+'21'!E43+'22'!E43+'23'!E43+'24'!E43+'25'!E43+'26'!E43+'27'!E43+'28'!E43+'29'!E43+'30'!E43+'31'!E43 -> 4462 | F43: ='01'!F43+'02'!F43+'03'!F43+'04'!F43+'05'!F43+'06'!F43+'07'!F43+'08'!F43+'09'!F43+'10'!F43+'11'!F43+'12'!F43+'13'!F43+'14'!F43+'15'!F43+'16'!F43+'17'!F43+'18'!F43+'19'!F43+'20'!F43+'21'!F43+'22'!F43+'23'!F43+'24'!F43+'25'!F43+'26'!F43+'27'!F43+'28'!F43+'29'!F43+'30'!F43+'31'!F43 -> 0 | G43: =D43+E43-F43 -> 5663 | H43: =D43+E43-I43 -> 4717 | I43: ='31'!G43 -> 946
B44: Biang Black Tea Kayu Aro | C44: 76 | D44: ='01'!D44 -> 235 | E44: ='01'!E44+'02'!E44+'03'!E44+'04'!E44+'05'!E44+'06'!E44+'07'!E44+'08'!E44+'09'!E44+'10'!E44+'11'!E44+'12'!E44+'13'!E44+'14'!E44+'15'!E44+'16'!E44+'17'!E44+'18'!E44+'19'!E44+'20'!E44+'21'!E44+'22'!E44+'23'!E44+'24'!E44+'25'!E44+'26'!E44+'27'!E44+'28'!E44+'29'!E44+'30'!E44+'31'!E44 -> 3822 | F44: ='01'!F44+'02'!F44+'03'!F44+'04'!F44+'05'!F44+'06'!F44+'07'!F44+'08'!F44+'09'!F44+'10'!F44+'11'!F44+'12'!F44+'13'!F44+'14'!F44+'15'!F44+'16'!F44+'17'!F44+'18'!F44+'19'!F44+'20'!F44+'21'!F44+'22'!F44+'23'!F44+'24'!F44+'25'!F44+'26'!F44+'27'!F44+'28'!F44+'29'!F44+'30'!F44+'31'!F44 -> 298 | G44: =D44+E44-F44 -> 3759 | H44: =D44+E44-I44 -> 3542 | I44: ='31'!G44 -> 515
B45: Biang Thai Tea | C45: 162 | D45: ='01'!D45 -> 1580 | E45: ='01'!E45+'02'!E45+'03'!E45+'04'!E45+'05'!E45+'06'!E45+'07'!E45+'08'!E45+'09'!E45+'10'!E45+'11'!E45+'12'!E45+'13'!E45+'14'!E45+'15'!E45+'16'!E45+'17'!E45+'18'!E45+'19'!E45+'20'!E45+'21'!E45+'22'!E45+'23'!E45+'24'!E45+'25'!E45+'26'!E45+'27'!E45+'28'!E45+'29'!E45+'30'!E45+'31'!E45 -> 40711 | F45: ='01'!F45+'02'!F45+'03'!F45+'04'!F45+'05'!F45+'06'!F45+'07'!F45+'08'!F45+'09'!F45+'10'!F45+'11'!F45+'12'!F45+'13'!F45+'14'!F45+'15'!F45+'16'!F45+'17'!F45+'18'!F45+'19'!F45+'20'!F45+'21'!F45+'22'!F45+'23'!F45+'24'!F45+'25'!F45+'26'!F45+'27'!F45+'28'!F45+'29'!F45+'30'!F45+'31'!F45 -> 0 | G45: =D45+E45-F45 -> 42291 | H45: =D45+E45-I45 -> 40501 | I45: ='31'!G45 -> 1790
B46: Cream Cheese | C46: 190 | D46: ='01'!D46 -> 0 | E46: ='01'!E46+'02'!E46+'03'!E46+'04'!E46+'05'!E46+'06'!E46+'07'!E46+'08'!E46+'09'!E46+'10'!E46+'11'!E46+'12'!E46+'13'!E46+'14'!E46+'15'!E46+'16'!E46+'17'!E46+'18'!E46+'19'!E46+'20'!E46+'21'!E46+'22'!E46+'23'!E46+'24'!E46+'25'!E46+'26'!E46+'27'!E46+'28'!E46+'29'!E46+'30'!E46+'31'!E46 -> 0 | F46: ='01'!F46+'02'!F46+'03'!F46+'04'!F46+'05'!F46+'06'!F46+'07'!F46+'08'!F46+'09'!F46+'10'!F46+'11'!F46+'12'!F46+'13'!F46+'14'!F46+'15'!F46+'16'!F46+'17'!F46+'18'!F46+'19'!F46+'20'!F46+'21'!F46+'22'!F46+'23'!F46+'24'!F46+'25'!F46+'26'!F46+'27'!F46+'28'!F46+'29'!F46+'30'!F46+'31'!F46 -> 0 | G46: =D46+E46-F46 -> 0 | H46: =D46+E46-I46 -> 0 | I46: ='31'!G46 -> 0
B47: Boba | C47: 190 | D47: ='01'!D47 -> 0 | E47: ='01'!E47+'02'!E47+'03'!E47+'04'!E47+'05'!E47+'06'!E47+'07'!E47+'08'!E47+'09'!E47+'10'!E47+'11'!E47+'12'!E47+'13'!E47+'14'!E47+'15'!E47+'16'!E47+'17'!E47+'18'!E47+'19'!E47+'20'!E47+'21'!E47+'22'!E47+'23'!E47+'24'!E47+'25'!E47+'26'!E47+'27'!E47+'28'!E47+'29'!E47+'30'!E47+'31'!E47 -> 12669 | F47: ='01'!F47+'02'!F47+'03'!F47+'04'!F47+'05'!F47+'06'!F47+'07'!F47+'08'!F47+'09'!F47+'10'!F47+'11'!F47+'12'!F47+'13'!F47+'14'!F47+'15'!F47+'16'!F47+'17'!F47+'18'!F47+'19'!F47+'20'!F47+'21'!F47+'22'!F47+'23'!F47+'24'!F47+'25'!F47+'26'!F47+'27'!F47+'28'!F47+'29'!F47+'30'!F47+'31'!F47 -> 848 | G47: =D47+E47-F47 -> 11821 | H47: =D47+E47-I47 -> 12563 | I47: ='31'!G47 -> 106 | J47: boba jdi
B48: Creamer Cair | C48: 58 | D48: ='01'!D48 -> 317 | E48: ='01'!E48+'02'!E48+'03'!E48+'04'!E48+'05'!E48+'06'!E48+'07'!E48+'08'!E48+'09'!E48+'10'!E48+'11'!E48+'12'!E48+'13'!E48+'14'!E48+'15'!E48+'16'!E48+'17'!E48+'18'!E48+'19'!E48+'20'!E48+'21'!E48+'22'!E48+'23'!E48+'24'!E48+'25'!E48+'26'!E48+'27'!E48+'28'!E48+'29'!E48+'30'!E48+'31'!E48 -> 10272 | F48: ='01'!F48+'02'!F48+'03'!F48+'04'!F48+'05'!F48+'06'!F48+'07'!F48+'08'!F48+'09'!F48+'10'!F48+'11'!F48+'12'!F48+'13'!F48+'14'!F48+'15'!F48+'16'!F48+'17'!F48+'18'!F48+'19'!F48+'20'!F48+'21'!F48+'22'!F48+'23'!F48+'24'!F48+'25'!F48+'26'!F48+'27'!F48+'28'!F48+'29'!F48+'30'!F48+'31'!F48 -> 0 | G48: =D48+E48-F48 -> 10589 | H48: =D48+E48-I48 -> 10459 | I48: ='31'!G48 -> 130
D49: ='01'!D49 | F49: ='01'!F49+'02'!F49+'03'!F49+'04'!F49+'05'!F49+'06'!F49+'07'!F49+'08'!F49+'09'!F49+'10'!F49+'11'!F49+'12'!F49+'13'!F49+'14'!F49+'15'!F49+'16'!F49+'17'!F49+'18'!F49+'19'!F49+'20'!F49+'21'!F49+'22'!F49+'23'!F49+'24'!F49+'25'!F49+'26'!F49+'27'!F49+'28'!F49+'29'!F49+'30'!F49+'31'!F49 -> 0 | G49: =D49+E49-F49 -> 0 | H49: =D49+E49-I49 -> 0 | I49: ='31'!G49
D50: ='01'!D50 | F50: ='01'!F50+'02'!F50+'03'!F50+'04'!F50+'05'!F50+'06'!F50+'07'!F50+'08'!F50+'09'!F50+'10'!F50+'11'!F50+'12'!F50+'13'!F50+'14'!F50+'15'!F50+'16'!F50+'17'!F50+'18'!F50+'19'!F50+'20'!F50+'21'!F50+'22'!F50+'23'!F50+'24'!F50+'25'!F50+'26'!F50+'27'!F50+'28'!F50+'29'!F50+'30'!F50+'31'!F50 -> 0 | G50: =D50+E50-F50 -> 0 | H50: =D50+E50-I50 -> 0 | I50: ='31'!G50
D51: ='01'!D51 | F51: ='01'!F51+'02'!F51+'03'!F51+'04'!F51+'05'!F51+'06'!F51+'07'!F51+'08'!F51+'09'!F51+'10'!F51+'11'!F51+'12'!F51+'13'!F51+'14'!F51+'15'!F51+'16'!F51+'17'!F51+'18'!F51+'19'!F51+'20'!F51+'21'!F51+'22'!F51+'23'!F51+'24'!F51+'25'!F51+'26'!F51+'27'!F51+'28'!F51+'29'!F51+'30'!F51+'31'!F51 -> 0 | G51: =D51+E51-F51 -> 0 | H51: =D51+E51-I51 -> 0 | I51: ='31'!G51
D52: ='01'!D52 | F52: ='01'!F52+'02'!F52+'03'!F52+'04'!F52+'05'!F52+'06'!F52+'07'!F52+'08'!F52+'09'!F52+'10'!F52+'11'!F52+'12'!F52+'13'!F52+'14'!F52+'15'!F52+'16'!F52+'17'!F52+'18'!F52+'19'!F52+'20'!F52+'21'!F52+'22'!F52+'23'!F52+'24'!F52+'25'!F52+'26'!F52+'27'!F52+'28'!F52+'29'!F52+'30'!F52+'31'!F52 -> 0 | G52: =D52+E52-F52 -> 0 | H52: =D52+E52-I52 -> 0 | I52: ='31'!G52
A53: Topping | B53: Coffee Jelly | C53: 144 | D53: ='01'!D53 -> 0 | E53: ='01'!E53+'02'!E53+'03'!E53+'04'!E53+'05'!E53+'06'!E53+'07'!E53+'08'!E53+'09'!E53+'10'!E53+'11'!E53+'12'!E53+'13'!E53+'14'!E53+'15'!E53+'16'!E53+'17'!E53+'18'!E53+'19'!E53+'20'!E53+'21'!E53+'22'!E53+'23'!E53+'24'!E53+'25'!E53+'26'!E53+'27'!E53+'28'!E53+'29'!E53+'30'!E53+'31'!E53 -> 0 | F53: ='01'!F53+'02'!F53+'03'!F53+'04'!F53+'05'!F53+'06'!F53+'07'!F53+'08'!F53+'09'!F53+'10'!F53+'11'!F53+'12'!F53+'13'!F53+'14'!F53+'15'!F53+'16'!F53+'17'!F53+'18'!F53+'19'!F53+'20'!F53+'21'!F53+'22'!F53+'23'!F53+'24'!F53+'25'!F53+'26'!F53+'27'!F53+'28'!F53+'29'!F53+'30'!F53+'31'!F53 -> 0 | G53: =D53+E53-F53 -> 0 | H53: =D53+E53-I53 -> 0 | I53: ='31'!G53 -> 0
B54: Lotus Crumb | C54: 90 | D54: ='01'!D54 -> 0 | E54: ='01'!E54+'02'!E54+'03'!E54+'04'!E54+'05'!E54+'06'!E54+'07'!E54+'08'!E54+'09'!E54+'10'!E54+'11'!E54+'12'!E54+'13'!E54+'14'!E54+'15'!E54+'16'!E54+'17'!E54+'18'!E54+'19'!E54+'20'!E54+'21'!E54+'22'!E54+'23'!E54+'24'!E54+'25'!E54+'26'!E54+'27'!E54+'28'!E54+'29'!E54+'30'!E54+'31'!E54 -> 0 | F54: ='01'!F54+'02'!F54+'03'!F54+'04'!F54+'05'!F54+'06'!F54+'07'!F54+'08'!F54+'09'!F54+'10'!F54+'11'!F54+'12'!F54+'13'!F54+'14'!F54+'15'!F54+'16'!F54+'17'!F54+'18'!F54+'19'!F54+'20'!F54+'21'!F54+'22'!F54+'23'!F54+'24'!F54+'25'!F54+'26'!F54+'27'!F54+'28'!F54+'29'!F54+'30'!F54+'31'!F54 -> 0 | G54: =D54+E54-F54 -> 0 | H54: =D54+E54-I54 -> 0 | I54: ='31'!G54 -> 0
B55: Oreo Crumbs | C55: 295 | D55: ='01'!D55 -> 4008 | E55: ='01'!E55+'02'!E55+'03'!E55+'04'!E55+'05'!E55+'06'!E55+'07'!E55+'08'!E55+'09'!E55+'10'!E55+'11'!E55+'12'!E55+'13'!E55+'14'!E55+'15'!E55+'16'!E55+'17'!E55+'18'!E55+'19'!E55+'20'!E55+'21'!E55+'22'!E55+'23'!E55+'24'!E55+'25'!E55+'26'!E55+'27'!E55+'28'!E55+'29'!E55+'30'!E55+'31'!E55 -> 24000 | F55: ='01'!F55+'02'!F55+'03'!F55+'04'!F55+'05'!F55+'06'!F55+'07'!F55+'08'!F55+'09'!F55+'10'!F55+'11'!F55+'12'!F55+'13'!F55+'14'!F55+'15'!F55+'16'!F55+'17'!F55+'18'!F55+'19'!F55+'20'!F55+'21'!F55+'22'!F55+'23'!F55+'24'!F55+'25'!F55+'26'!F55+'27'!F55+'28'!F55+'29'!F55+'30'!F55+'31'!F55 -> 0 | G55: =D55+E55-F55 -> 28008 | H55: =D55+E55-I55 -> 15173 | I55: ='31'!G55 -> 12835
B56: Rainbow Jelly | C56: 144 | D56: ='01'!D56 -> 0 | E56: ='01'!E56+'02'!E56+'03'!E56+'04'!E56+'05'!E56+'06'!E56+'07'!E56+'08'!E56+'09'!E56+'10'!E56+'11'!E56+'12'!E56+'13'!E56+'14'!E56+'15'!E56+'16'!E56+'17'!E56+'18'!E56+'19'!E56+'20'!E56+'21'!E56+'22'!E56+'23'!E56+'24'!E56+'25'!E56+'26'!E56+'27'!E56+'28'!E56+'29'!E56+'30'!E56+'31'!E56 -> 0 | F56: ='01'!F56+'02'!F56+'03'!F56+'04'!F56+'05'!F56+'06'!F56+'07'!F56+'08'!F56+'09'!F56+'10'!F56+'11'!F56+'12'!F56+'13'!F56+'14'!F56+'15'!F56+'16'!F56+'17'!F56+'18'!F56+'19'!F56+'20'!F56+'21'!F56+'22'!F56+'23'!F56+'24'!F56+'25'!F56+'26'!F56+'27'!F56+'28'!F56+'29'!F56+'30'!F56+'31'!F56 -> 0 | G56: =D56+E56-F56 -> 0 | H56: =D56+E56-I56 -> 0 | I56: ='31'!G56 -> 0
B57: Strawberry jam | C57: 190 | D57: ='01'!D57 -> 2633 | E57: ='01'!E57+'02'!E57+'03'!E57+'04'!E57+'05'!E57+'06'!E57+'07'!E57+'08'!E57+'09'!E57+'10'!E57+'11'!E57+'12'!E57+'13'!E57+'14'!E57+'15'!E57+'16'!E57+'17'!E57+'18'!E57+'19'!E57+'20'!E57+'21'!E57+'22'!E57+'23'!E57+'24'!E57+'25'!E57+'26'!E57+'27'!E57+'28'!E57+'29'!E57+'30'!E57+'31'!E57 -> 4600 | F57: ='01'!F57+'02'!F57+'03'!F57+'04'!F57+'05'!F57+'06'!F57+'07'!F57+'08'!F57+'09'!F57+'10'!F57+'11'!F57+'12'!F57+'13'!F57+'14'!F57+'15'!F57+'16'!F57+'17'!F57+'18'!F57+'19'!F57+'20'!F57+'21'!F57+'22'!F57+'23'!F57+'24'!F57+'25'!F57+'26'!F57+'27'!F57+'28'!F57+'29'!F57+'30'!F57+'31'!F57 -> 0 | G57: =D57+E57-F57 -> 7233 | H57: =D57+E57-I57 -> 4809 | I57: ='31'!G57 -> 2424
B58: Manggo Jam | C58: 190 | D58: ='01'!D58 -> 2241 | E58: ='01'!E58+'02'!E58+'03'!E58+'04'!E58+'05'!E58+'06'!E58+'07'!E58+'08'!E58+'09'!E58+'10'!E58+'11'!E58+'12'!E58+'13'!E58+'14'!E58+'15'!E58+'16'!E58+'17'!E58+'18'!E58+'19'!E58+'20'!E58+'21'!E58+'22'!E58+'23'!E58+'24'!E58+'25'!E58+'26'!E58+'27'!E58+'28'!E58+'29'!E58+'30'!E58+'31'!E58 -> 25300 | F58: ='01'!F58+'02'!F58+'03'!F58+'04'!F58+'05'!F58+'06'!F58+'07'!F58+'08'!F58+'09'!F58+'10'!F58+'11'!F58+'12'!F58+'13'!F58+'14'!F58+'15'!F58+'16'!F58+'17'!F58+'18'!F58+'19'!F58+'20'!F58+'21'!F58+'22'!F58+'23'!F58+'24'!F58+'25'!F58+'26'!F58+'27'!F58+'28'!F58+'29'!F58+'30'!F58+'31'!F58 -> 0 | G58: =D58+E58-F58 -> 27541 | H58: =D58+E58-I58 -> 25117 | I58: ='31'!G58 -> 2424
B59: Chocolate Topping | C59: 190 | D59: ='01'!D59 -> 7074 | E59: ='01'!E59+'02'!E59+'03'!E59+'04'!E59+'05'!E59+'06'!E59+'07'!E59+'08'!E59+'09'!E59+'10'!E59+'11'!E59+'12'!E59+'13'!E59+'14'!E59+'15'!E59+'16'!E59+'17'!E59+'18'!E59+'19'!E59+'20'!E59+'21'!E59+'22'!E59+'23'!E59+'24'!E59+'25'!E59+'26'!E59+'27'!E59+'28'!E59+'29'!E59+'30'!E59+'31'!E59 -> 10000 | F59: ='01'!F59+'02'!F59+'03'!F59+'04'!F59+'05'!F59+'06'!F59+'07'!F59+'08'!F59+'09'!F59+'10'!F59+'11'!F59+'12'!F59+'13'!F59+'14'!F59+'15'!F59+'16'!F59+'17'!F59+'18'!F59+'19'!F59+'20'!F59+'21'!F59+'22'!F59+'23'!F59+'24'!F59+'25'!F59+'26'!F59+'27'!F59+'28'!F59+'29'!F59+'30'!F59+'31'!F59 -> 0 | G59: =D59+E59-F59 -> 17074 | H59: =D59+E59-I59 -> 11262 | I59: ='31'!G59 -> 5812
B60: Chocolate Sauce | D60: ='01'!D60 | E60: ='01'!E60+'02'!E60+'03'!E60+'04'!E60+'05'!E60+'06'!E60+'07'!E60+'08'!E60+'09'!E60+'10'!E60+'11'!E60+'12'!E60+'13'!E60+'14'!E60+'15'!E60+'16'!E60+'17'!E60+'18'!E60+'19'!E60+'20'!E60+'21'!E60+'22'!E60+'23'!E60+'24'!E60+'25'!E60+'26'!E60+'27'!E60+'28'!E60+'29'!E60+'30'!E60+'31'!E60 -> 0 | F60: ='01'!F60+'02'!F60+'03'!F60+'04'!F60+'05'!F60+'06'!F60+'07'!F60+'08'!F60+'09'!F60+'10'!F60+'11'!F60+'12'!F60+'13'!F60+'14'!F60+'15'!F60+'16'!F60+'17'!F60+'18'!F60+'19'!F60+'20'!F60+'21'!F60+'22'!F60+'23'!F60+'24'!F60+'25'!F60+'26'!F60+'27'!F60+'28'!F60+'29'!F60+'30'!F60+'31'!F60 -> 0 | G60: =D60+E60-F60 -> 0 | H60: =D60+E60-I60 -> 0 | I60: ='31'!G60
B61: Yakult | C61: 0 | D61: ='01'!D61 -> 11 | E61: ='01'!E61+'02'!E61+'03'!E61+'04'!E61+'05'!E61+'06'!E61+'07'!E61+'08'!E61+'09'!E61+'10'!E61+'11'!E61+'12'!E61+'13'!E61+'14'!E61+'15'!E61+'16'!E61+'17'!E61+'18'!E61+'19'!E61+'20'!E61+'21'!E61+'22'!E61+'23'!E61+'24'!E61+'25'!E61+'26'!E61+'27'!E61+'28'!E61+'29'!E61+'30'!E61+'31'!E61 -> 30 | F61: ='01'!F61+'02'!F61+'03'!F61+'04'!F61+'05'!F61+'06'!F61+'07'!F61+'08'!F61+'09'!F61+'10'!F61+'11'!F61+'12'!F61+'13'!F61+'14'!F61+'15'!F61+'16'!F61+'17'!F61+'18'!F61+'19'!F61+'20'!F61+'21'!F61+'22'!F61+'23'!F61+'24'!F61+'25'!F61+'26'!F61+'27'!F61+'28'!F61+'29'!F61+'30'!F61+'31'!F61 -> 0 | G61: =D61+E61-F61 -> 41 | H61: =D61+E61-I61 -> 27 | I61: ='31'!G61 -> 14
B62: kacang morin | C62: 90 | D62: ='01'!D62 -> 246 | E62: ='01'!E62+'02'!E62+'03'!E62+'04'!E62+'05'!E62+'06'!E62+'07'!E62+'08'!E62+'09'!E62+'10'!E62+'11'!E62+'12'!E62+'13'!E62+'14'!E62+'15'!E62+'16'!E62+'17'!E62+'18'!E62+'19'!E62+'20'!E62+'21'!E62+'22'!E62+'23'!E62+'24'!E62+'25'!E62+'26'!E62+'27'!E62+'28'!E62+'29'!E62+'30'!E62+'31'!E62 -> 1000 | F62: ='01'!F62+'02'!F62+'03'!F62+'04'!F62+'05'!F62+'06'!F62+'07'!F62+'08'!F62+'09'!F62+'10'!F62+'11'!F62+'12'!F62+'13'!F62+'14'!F62+'15'!F62+'16'!F62+'17'!F62+'18'!F62+'19'!F62+'20'!F62+'21'!F62+'22'!F62+'23'!F62+'24'!F62+'25'!F62+'26'!F62+'27'!F62+'28'!F62+'29'!F62+'30'!F62+'31'!F62 -> 0 | G62: =D62+E62-F62 -> 1246 | H62: =D62+E62-I62 -> 686 | I62: ='31'!G62 -> 560
D63: ='01'!D63 | F63: ='01'!F63+'02'!F63+'03'!F63+'04'!F63+'05'!F63+'06'!F63+'07'!F63+'08'!F63+'09'!F63+'10'!F63+'11'!F63+'12'!F63+'13'!F63+'14'!F63+'15'!F63+'16'!F63+'17'!F63+'18'!F63+'19'!F63+'20'!F63+'21'!F63+'22'!F63+'23'!F63+'24'!F63+'25'!F63+'26'!F63+'27'!F63+'28'!F63+'29'!F63+'30'!F63+'31'!F63 -> 0 | G63: =D63+E63-F63 -> 0 | H63: =D63+E63-I63 -> 0 | I63: ='31'!G63
D64: ='01'!D64 | F64: ='01'!F64+'02'!F64+'03'!F64+'04'!F64+'05'!F64+'06'!F64+'07'!F64+'08'!F64+'09'!F64+'10'!F64+'11'!F64+'12'!F64+'13'!F64+'14'!F64+'15'!F64+'16'!F64+'17'!F64+'18'!F64+'19'!F64+'20'!F64+'21'!F64+'22'!F64+'23'!F64+'24'!F64+'25'!F64+'26'!F64+'27'!F64+'28'!F64+'29'!F64+'30'!F64+'31'!F64 -> 0 | G64: =D64+E64-F64 -> 0 | H64: =D64+E64-I64 -> 0 | I64: ='31'!G64
D65: ='01'!D65 | F65: ='01'!F65+'02'!F65+'03'!F65+'04'!F65+'05'!F65+'06'!F65+'07'!F65+'08'!F65+'09'!F65+'10'!F65+'11'!F65+'12'!F65+'13'!F65+'14'!F65+'15'!F65+'16'!F65+'17'!F65+'18'!F65+'19'!F65+'20'!F65+'21'!F65+'22'!F65+'23'!F65+'24'!F65+'25'!F65+'26'!F65+'27'!F65+'28'!F65+'29'!F65+'30'!F65+'31'!F65 -> 0 | G65: =D65+E65-F65 -> 0 | H65: =D65+E65-I65 -> 0 | I65: ='31'!G65
A66: Ice Cream | B66: Soft Mix Vanilla | C66: 295 | D66: ='01'!D66 -> 10000 | E66: ='01'!E66+'02'!E66+'03'!E66+'04'!E66+'05'!E66+'06'!E66+'07'!E66+'08'!E66+'09'!E66+'10'!E66+'11'!E66+'12'!E66+'13'!E66+'14'!E66+'15'!E66+'16'!E66+'17'!E66+'18'!E66+'19'!E66+'20'!E66+'21'!E66+'22'!E66+'23'!E66+'24'!E66+'25'!E66+'26'!E66+'27'!E66+'28'!E66+'29'!E66+'30'!E66+'31'!E66 -> 560000 | F66: ='01'!F66+'02'!F66+'03'!F66+'04'!F66+'05'!F66+'06'!F66+'07'!F66+'08'!F66+'09'!F66+'10'!F66+'11'!F66+'12'!F66+'13'!F66+'14'!F66+'15'!F66+'16'!F66+'17'!F66+'18'!F66+'19'!F66+'20'!F66+'21'!F66+'22'!F66+'23'!F66+'24'!F66+'25'!F66+'26'!F66+'27'!F66+'28'!F66+'29'!F66+'30'!F66+'31'!F66 -> 10000 | G66: =D66+E66-F66 -> 560000 | H66: =D66+E66-I66 -> 516000 | I66: ='31'!G66 -> 54000 | J66: gdg utm
B67: Soft Mix Mocca | D67: ='01'!D67 | E67: ='01'!E67+'02'!E67+'03'!E67+'04'!E67+'05'!E67+'06'!E67+'07'!E67+'08'!E67+'09'!E67+'10'!E67+'11'!E67+'12'!E67+'13'!E67+'14'!E67+'15'!E67+'16'!E67+'17'!E67+'18'!E67+'19'!E67+'20'!E67+'21'!E67+'22'!E67+'23'!E67+'24'!E67+'25'!E67+'26'!E67+'27'!E67+'28'!E67+'29'!E67+'30'!E67+'31'!E67 -> 0 | F67: ='01'!F67+'02'!F67+'03'!F67+'04'!F67+'05'!F67+'06'!F67+'07'!F67+'08'!F67+'09'!F67+'10'!F67+'11'!F67+'12'!F67+'13'!F67+'14'!F67+'15'!F67+'16'!F67+'17'!F67+'18'!F67+'19'!F67+'20'!F67+'21'!F67+'22'!F67+'23'!F67+'24'!F67+'25'!F67+'26'!F67+'27'!F67+'28'!F67+'29'!F67+'30'!F67+'31'!F67 -> 0 | G67: =D67+E67-F67 -> 0 | H67: =D67+E67-I67 -> 0 | I67: ='31'!G67
B68: Soft Mix Green Tea | D68: ='01'!D68 | E68: ='01'!E68+'02'!E68+'03'!E68+'04'!E68+'05'!E68+'06'!E68+'07'!E68+'08'!E68+'09'!E68+'10'!E68+'11'!E68+'12'!E68+'13'!E68+'14'!E68+'15'!E68+'16'!E68+'17'!E68+'18'!E68+'19'!E68+'20'!E68+'21'!E68+'22'!E68+'23'!E68+'24'!E68+'25'!E68+'26'!E68+'27'!E68+'28'!E68+'29'!E68+'30'!E68+'31'!E68 -> 50000 | F68: ='01'!F68+'02'!F68+'03'!F68+'04'!F68+'05'!F68+'06'!F68+'07'!F68+'08'!F68+'09'!F68+'10'!F68+'11'!F68+'12'!F68+'13'!F68+'14'!F68+'15'!F68+'16'!F68+'17'!F68+'18'!F68+'19'!F68+'20'!F68+'21'!F68+'22'!F68+'23'!F68+'24'!F68+'25'!F68+'26'!F68+'27'!F68+'28'!F68+'29'!F68+'30'!F68+'31'!F68 -> 0 | G68: =D68+E68-F68 -> 50000 | H68: =D68+E68-I68 -> 50000 | I68: ='31'!G68 -> 0
B69: Soft Mix Strawberry | D69: ='01'!D69 | E69: ='01'!E69+'02'!E69+'03'!E69+'04'!E69+'05'!E69+'06'!E69+'07'!E69+'08'!E69+'09'!E69+'10'!E69+'11'!E69+'12'!E69+'13'!E69+'14'!E69+'15'!E69+'16'!E69+'17'!E69+'18'!E69+'19'!E69+'20'!E69+'21'!E69+'22'!E69+'23'!E69+'24'!E69+'25'!E69+'26'!E69+'27'!E69+'28'!E69+'29'!E69+'30'!E69+'31'!E69 -> 0 | F69: ='01'!F69+'02'!F69+'03'!F69+'04'!F69+'05'!F69+'06'!F69+'07'!F69+'08'!F69+'09'!F69+'10'!F69+'11'!F69+'12'!F69+'13'!F69+'14'!F69+'15'!F69+'16'!F69+'17'!F69+'18'!F69+'19'!F69+'20'!F69+'21'!F69+'22'!F69+'23'!F69+'24'!F69+'25'!F69+'26'!F69+'27'!F69+'28'!F69+'29'!F69+'30'!F69+'31'!F69 -> 0 | G69: =D69+E69-F69 -> 0 | H69: =D69+E69-I69 -> 0 | I69: ='31'!G69
B70: Soft Mix Chocolate | D70: ='01'!D70 | E70: ='01'!E70+'02'!E70+'03'!E70+'04'!E70+'05'!E70+'06'!E70+'07'!E70+'08'!E70+'09'!E70+'10'!E70+'11'!E70+'12'!E70+'13'!E70+'14'!E70+'15'!E70+'16'!E70+'17'!E70+'18'!E70+'19'!E70+'20'!E70+'21'!E70+'22'!E70+'23'!E70+'24'!E70+'25'!E70+'26'!E70+'27'!E70+'28'!E70+'29'!E70+'30'!E70+'31'!E70 -> 0 | F70: ='01'!F70+'02'!F70+'03'!F70+'04'!F70+'05'!F70+'06'!F70+'07'!F70+'08'!F70+'09'!F70+'10'!F70+'11'!F70+'12'!F70+'13'!F70+'14'!F70+'15'!F70+'16'!F70+'17'!F70+'18'!F70+'19'!F70+'20'!F70+'21'!F70+'22'!F70+'23'!F70+'24'!F70+'25'!F70+'26'!F70+'27'!F70+'28'!F70+'29'!F70+'30'!F70+'31'!F70 -> 0 | G70: =D70+E70-F70 -> 0 | H70: =D70+E70-I70 -> 0 | I70: ='31'!G70
B71: Cup 12 Oz | D71: ='01'!D71 -> 268 | E71: ='01'!E71+'02'!E71+'03'!E71+'04'!E71+'05'!E71+'06'!E71+'07'!E71+'08'!E71+'09'!E71+'10'!E71+'11'!E71+'12'!E71+'13'!E71+'14'!E71+'15'!E71+'16'!E71+'17'!E71+'18'!E71+'19'!E71+'20'!E71+'21'!E71+'22'!E71+'23'!E71+'24'!E71+'25'!E71+'26'!E71+'27'!E71+'28'!E71+'29'!E71+'30'!E71+'31'!E71 -> 3500 | F71: ='01'!F71+'02'!F71+'03'!F71+'04'!F71+'05'!F71+'06'!F71+'07'!F71+'08'!F71+'09'!F71+'10'!F71+'11'!F71+'12'!F71+'13'!F71+'14'!F71+'15'!F71+'16'!F71+'17'!F71+'18'!F71+'19'!F71+'20'!F71+'21'!F71+'22'!F71+'23'!F71+'24'!F71+'25'!F71+'26'!F71+'27'!F71+'28'!F71+'29'!F71+'30'!F71+'31'!F71 -> 0 | G71: =D71+E71-F71 -> 3768 | H71: =D71+E71-I71 -> 3373 | I71: ='31'!G71 -> 395
B72: Cone | D72: ='01'!D72 -> 417 | E72: ='01'!E72+'02'!E72+'03'!E72+'04'!E72+'05'!E72+'06'!E72+'07'!E72+'08'!E72+'09'!E72+'10'!E72+'11'!E72+'12'!E72+'13'!E72+'14'!E72+'15'!E72+'16'!E72+'17'!E72+'18'!E72+'19'!E72+'20'!E72+'21'!E72+'22'!E72+'23'!E72+'24'!E72+'25'!E72+'26'!E72+'27'!E72+'28'!E72+'29'!E72+'30'!E72+'31'!E72 -> 3600 | F72: ='01'!F72+'02'!F72+'03'!F72+'04'!F72+'05'!F72+'06'!F72+'07'!F72+'08'!F72+'09'!F72+'10'!F72+'11'!F72+'12'!F72+'13'!F72+'14'!F72+'15'!F72+'16'!F72+'17'!F72+'18'!F72+'19'!F72+'20'!F72+'21'!F72+'22'!F72+'23'!F72+'24'!F72+'25'!F72+'26'!F72+'27'!F72+'28'!F72+'29'!F72+'30'!F72+'31'!F72 -> 76 | G72: =D72+E72-F72 -> 3941 | H72: =D72+E72-I72 -> 3479 | I72: ='31'!G72 -> 538 | J72: pecah
B73: Sendok Ice Cream | D73: ='01'!D73 -> 202 | E73: ='01'!E73+'02'!E73+'03'!E73+'04'!E73+'05'!E73+'06'!E73+'07'!E73+'08'!E73+'09'!E73+'10'!E73+'11'!E73+'12'!E73+'13'!E73+'14'!E73+'15'!E73+'16'!E73+'17'!E73+'18'!E73+'19'!E73+'20'!E73+'21'!E73+'22'!E73+'23'!E73+'24'!E73+'25'!E73+'26'!E73+'27'!E73+'28'!E73+'29'!E73+'30'!E73+'31'!E73 -> 4000 | F73: ='01'!F73+'02'!F73+'03'!F73+'04'!F73+'05'!F73+'06'!F73+'07'!F73+'08'!F73+'09'!F73+'10'!F73+'11'!F73+'12'!F73+'13'!F73+'14'!F73+'15'!F73+'16'!F73+'17'!F73+'18'!F73+'19'!F73+'20'!F73+'21'!F73+'22'!F73+'23'!F73+'24'!F73+'25'!F73+'26'!F73+'27'!F73+'28'!F73+'29'!F73+'30'!F73+'31'!F73 -> 0 | G73: =D73+E73-F73 -> 4202 | H73: =D73+E73-I73 -> 3433 | I73: ='31'!G73 -> 769
B74: Paper Cup 4 Oz | D74: ='01'!D74 -> 294 | E74: ='01'!E74+'02'!E74+'03'!E74+'04'!E74+'05'!E74+'06'!E74+'07'!E74+'08'!E74+'09'!E74+'10'!E74+'11'!E74+'12'!E74+'13'!E74+'14'!E74+'15'!E74+'16'!E74+'17'!E74+'18'!E74+'19'!E74+'20'!E74+'21'!E74+'22'!E74+'23'!E74+'24'!E74+'25'!E74+'26'!E74+'27'!E74+'28'!E74+'29'!E74+'30'!E74+'31'!E74 -> 0 | F74: ='01'!F74+'02'!F74+'03'!F74+'04'!F74+'05'!F74+'06'!F74+'07'!F74+'08'!F74+'09'!F74+'10'!F74+'11'!F74+'12'!F74+'13'!F74+'14'!F74+'15'!F74+'16'!F74+'17'!F74+'18'!F74+'19'!F74+'20'!F74+'21'!F74+'22'!F74+'23'!F74+'24'!F74+'25'!F74+'26'!F74+'27'!F74+'28'!F74+'29'!F74+'30'!F74+'31'!F74 -> 0 | G74: =D74+E74-F74 -> 294 | H74: =D74+E74-I74 -> 1 | I74: ='31'!G74 -> 293
B75: Donut | D75: ='01'!D75 | E75: ='01'!E75+'02'!E75+'03'!E75+'04'!E75+'05'!E75+'06'!E75+'07'!E75+'08'!E75+'09'!E75+'10'!E75+'11'!E75+'12'!E75+'13'!E75+'14'!E75+'15'!E75+'16'!E75+'17'!E75+'18'!E75+'19'!E75+'20'!E75+'21'!E75+'22'!E75+'23'!E75+'24'!E75+'25'!E75+'26'!E75+'27'!E75+'28'!E75+'29'!E75+'30'!E75+'31'!E75 -> 0 | F75: ='01'!F75+'02'!F75+'03'!F75+'04'!F75+'05'!F75+'06'!F75+'07'!F75+'08'!F75+'09'!F75+'10'!F75+'11'!F75+'12'!F75+'13'!F75+'14'!F75+'15'!F75+'16'!F75+'17'!F75+'18'!F75+'19'!F75+'20'!F75+'21'!F75+'22'!F75+'23'!F75+'24'!F75+'25'!F75+'26'!F75+'27'!F75+'28'!F75+'29'!F75+'30'!F75+'31'!F75 -> 0 | G75: =D75+E75-F75 -> 0 | H75: =D75+E75-I75 -> 0 | I75: ='31'!G75 | J75: gdg utm
B76: Garpu Gonuts | D76: ='01'!D76 | E76: ='01'!E76+'02'!E76+'03'!E76+'04'!E76+'05'!E76+'06'!E76+'07'!E76+'08'!E76+'09'!E76+'10'!E76+'11'!E76+'12'!E76+'13'!E76+'14'!E76+'15'!E76+'16'!E76+'17'!E76+'18'!E76+'19'!E76+'20'!E76+'21'!E76+'22'!E76+'23'!E76+'24'!E76+'25'!E76+'26'!E76+'27'!E76+'28'!E76+'29'!E76+'30'!E76+'31'!E76 -> 0 | F76: ='01'!F76+'02'!F76+'03'!F76+'04'!F76+'05'!F76+'06'!F76+'07'!F76+'08'!F76+'09'!F76+'10'!F76+'11'!F76+'12'!F76+'13'!F76+'14'!F76+'15'!F76+'16'!F76+'17'!F76+'18'!F76+'19'!F76+'20'!F76+'21'!F76+'22'!F76+'23'!F76+'24'!F76+'25'!F76+'26'!F76+'27'!F76+'28'!F76+'29'!F76+'30'!F76+'31'!F76 -> 0 | G76: =D76+E76-F76 -> 0 | H76: =D76+E76-I76 -> 0 | I76: ='31'!G76
B77: Kertas Tray Gonuts | D77: ='01'!D77 | E77: ='01'!E77+'02'!E77+'03'!E77+'04'!E77+'05'!E77+'06'!E77+'07'!E77+'08'!E77+'09'!E77+'10'!E77+'11'!E77+'12'!E77+'13'!E77+'14'!E77+'15'!E77+'16'!E77+'17'!E77+'18'!E77+'19'!E77+'20'!E77+'21'!E77+'22'!E77+'23'!E77+'24'!E77+'25'!E77+'26'!E77+'27'!E77+'28'!E77+'29'!E77+'30'!E77+'31'!E77 -> 0 | F77: ='01'!F77+'02'!F77+'03'!F77+'04'!F77+'05'!F77+'06'!F77+'07'!F77+'08'!F77+'09'!F77+'10'!F77+'11'!F77+'12'!F77+'13'!F77+'14'!F77+'15'!F77+'16'!F77+'17'!F77+'18'!F77+'19'!F77+'20'!F77+'21'!F77+'22'!F77+'23'!F77+'24'!F77+'25'!F77+'26'!F77+'27'!F77+'28'!F77+'29'!F77+'30'!F77+'31'!F77 -> 0 | G77: =D77+E77-F77 -> 0 | H77: =D77+E77-I77 -> 0 | I77: ='31'!G77
B78: Pisau Gonuts | D78: ='01'!D78 | E78: ='01'!E78+'02'!E78+'03'!E78+'04'!E78+'05'!E78+'06'!E78+'07'!E78+'08'!E78+'09'!E78+'10'!E78+'11'!E78+'12'!E78+'13'!E78+'14'!E78+'15'!E78+'16'!E78+'17'!E78+'18'!E78+'19'!E78+'20'!E78+'21'!E78+'22'!E78+'23'!E78+'24'!E78+'25'!E78+'26'!E78+'27'!E78+'28'!E78+'29'!E78+'30'!E78+'31'!E78 -> 0 | F78: ='01'!F78+'02'!F78+'03'!F78+'04'!F78+'05'!F78+'06'!F78+'07'!F78+'08'!F78+'09'!F78+'10'!F78+'11'!F78+'12'!F78+'13'!F78+'14'!F78+'15'!F78+'16'!F78+'17'!F78+'18'!F78+'19'!F78+'20'!F78+'21'!F78+'22'!F78+'23'!F78+'24'!F78+'25'!F78+'26'!F78+'27'!F78+'28'!F78+'29'!F78+'30'!F78+'31'!F78 -> 0 | G78: =D78+E78-F78 -> 0 | H78: =D78+E78-I78 -> 0 | I78: ='31'!G78
D79: ='01'!D79 | F79: ='01'!F79+'02'!F79+'03'!F79+'04'!F79+'05'!F79+'06'!F79+'07'!F79+'08'!F79+'09'!F79+'10'!F79+'11'!F79+'12'!F79+'13'!F79+'14'!F79+'15'!F79+'16'!F79+'17'!F79+'18'!F79+'19'!F79+'20'!F79+'21'!F79+'22'!F79+'23'!F79+'24'!F79+'25'!F79+'26'!F79+'27'!F79+'28'!F79+'29'!F79+'30'!F79+'31'!F79 -> 0 | G79: =D79+E79-F79 -> 0 | H79: =D79+E79-I79 -> 0 | I79: ='31'!G79
D80: ='01'!D80 | F80: ='01'!F80+'02'!F80+'03'!F80+'04'!F80+'05'!F80+'06'!F80+'07'!F80+'08'!F80+'09'!F80+'10'!F80+'11'!F80+'12'!F80+'13'!F80+'14'!F80+'15'!F80+'16'!F80+'17'!F80+'18'!F80+'19'!F80+'20'!F80+'21'!F80+'22'!F80+'23'!F80+'24'!F80+'25'!F80+'26'!F80+'27'!F80+'28'!F80+'29'!F80+'30'!F80+'31'!F80 -> 0 | G80: =D80+E80-F80 -> 0 | H80: =D80+E80-I80 -> 0 | I80: ='31'!G80
D81: ='01'!D81 | F81: ='01'!F81+'02'!F81+'03'!F81+'04'!F81+'05'!F81+'06'!F81+'07'!F81+'08'!F81+'09'!F81+'10'!F81+'11'!F81+'12'!F81+'13'!F81+'14'!F81+'15'!F81+'16'!F81+'17'!F81+'18'!F81+'19'!F81+'20'!F81+'21'!F81+'22'!F81+'23'!F81+'24'!F81+'25'!F81+'26'!F81+'27'!F81+'28'!F81+'29'!F81+'30'!F81+'31'!F81 -> 0 | G81: =D81+E81-F81 -> 0 | H81: =D81+E81-I81 -> 0 | I81: ='31'!G81
D82: ='01'!D82 | F82: ='01'!F82+'02'!F82+'03'!F82+'04'!F82+'05'!F82+'06'!F82+'07'!F82+'08'!F82+'09'!F82+'10'!F82+'11'!F82+'12'!F82+'13'!F82+'14'!F82+'15'!F82+'16'!F82+'17'!F82+'18'!F82+'19'!F82+'20'!F82+'21'!F82+'22'!F82+'23'!F82+'24'!F82+'25'!F82+'26'!F82+'27'!F82+'28'!F82+'29'!F82+'30'!F82+'31'!F82 -> 0 | G82: =D82+E82-F82 -> 0 | H82: =D82+E82-I82 -> 0 | I82: ='31'!G82
D83: ='01'!D83 | F83: ='01'!F83+'02'!F83+'03'!F83+'04'!F83+'05'!F83+'06'!F83+'07'!F83+'08'!F83+'09'!F83+'10'!F83+'11'!F83+'12'!F83+'13'!F83+'14'!F83+'15'!F83+'16'!F83+'17'!F83+'18'!F83+'19'!F83+'20'!F83+'21'!F83+'22'!F83+'23'!F83+'24'!F83+'25'!F83+'26'!F83+'27'!F83+'28'!F83+'29'!F83+'30'!F83+'31'!F83 -> 0 | G83: =D83+E83-F83 -> 0 | H83: =D83+E83-I83 -> 0 | I83: ='31'!G83
D84: ='01'!D84 | F84: ='01'!F84+'02'!F84+'03'!F84+'04'!F84+'05'!F84+'06'!F84+'07'!F84+'08'!F84+'09'!F84+'10'!F84+'11'!F84+'12'!F84+'13'!F84+'14'!F84+'15'!F84+'16'!F84+'17'!F84+'18'!F84+'19'!F84+'20'!F84+'21'!F84+'22'!F84+'23'!F84+'24'!F84+'25'!F84+'26'!F84+'27'!F84+'28'!F84+'29'!F84+'30'!F84+'31'!F84 -> 0 | G84: =D84+E84-F84 -> 0 | H84: =D84+E84-I84 -> 0 | I84: ='31'!G84
D85: ='01'!D85 | F85: ='01'!F85+'02'!F85+'03'!F85+'04'!F85+'05'!F85+'06'!F85+'07'!F85+'08'!F85+'09'!F85+'10'!F85+'11'!F85+'12'!F85+'13'!F85+'14'!F85+'15'!F85+'16'!F85+'17'!F85+'18'!F85+'19'!F85+'20'!F85+'21'!F85+'22'!F85+'23'!F85+'24'!F85+'25'!F85+'26'!F85+'27'!F85+'28'!F85+'29'!F85+'30'!F85+'31'!F85 -> 0 | G85: =D85+E85-F85 -> 0 | H85: =D85+E85-I85 -> 0 | I85: ='31'!G85
D86: ='01'!D86 | F86: ='01'!F86+'02'!F86+'03'!F86+'04'!F86+'05'!F86+'06'!F86+'07'!F86+'08'!F86+'09'!F86+'10'!F86+'11'!F86+'12'!F86+'13'!F86+'14'!F86+'15'!F86+'16'!F86+'17'!F86+'18'!F86+'19'!F86+'20'!F86+'21'!F86+'22'!F86+'23'!F86+'24'!F86+'25'!F86+'26'!F86+'27'!F86+'28'!F86+'29'!F86+'30'!F86+'31'!F86 -> 0 | G86: =D86+E86-F86 -> 0 | H86: =D86+E86-I86 -> 0 | I86: ='31'!G86
A87: Bahan Lainnya | B87: Kertas Thermal | D87: ='01'!D87 -> 5 | E87: ='01'!E87+'02'!E87+'03'!E87+'04'!E87+'05'!E87+'06'!E87+'07'!E87+'08'!E87+'09'!E87+'10'!E87+'11'!E87+'12'!E87+'13'!E87+'14'!E87+'15'!E87+'16'!E87+'17'!E87+'18'!E87+'19'!E87+'20'!E87+'21'!E87+'22'!E87+'23'!E87+'24'!E87+'25'!E87+'26'!E87+'27'!E87+'28'!E87+'29'!E87+'30'!E87+'31'!E87 -> 30 | F87: ='01'!F87+'02'!F87+'03'!F87+'04'!F87+'05'!F87+'06'!F87+'07'!F87+'08'!F87+'09'!F87+'10'!F87+'11'!F87+'12'!F87+'13'!F87+'14'!F87+'15'!F87+'16'!F87+'17'!F87+'18'!F87+'19'!F87+'20'!F87+'21'!F87+'22'!F87+'23'!F87+'24'!F87+'25'!F87+'26'!F87+'27'!F87+'28'!F87+'29'!F87+'30'!F87+'31'!F87 -> 0 | G87: =D87+E87-F87 -> 35 | H87: =D87+E87-I87 -> 30 | I87: ='31'!G87 -> 5
B88: Plastik Sampah Biru | D88: ='01'!D88 -> 13 | E88: ='01'!E88+'02'!E88+'03'!E88+'04'!E88+'05'!E88+'06'!E88+'07'!E88+'08'!E88+'09'!E88+'10'!E88+'11'!E88+'12'!E88+'13'!E88+'14'!E88+'15'!E88+'16'!E88+'17'!E88+'18'!E88+'19'!E88+'20'!E88+'21'!E88+'22'!E88+'23'!E88+'24'!E88+'25'!E88+'26'!E88+'27'!E88+'28'!E88+'29'!E88+'30'!E88+'31'!E88 -> 30 | F88: ='01'!F88+'02'!F88+'03'!F88+'04'!F88+'05'!F88+'06'!F88+'07'!F88+'08'!F88+'09'!F88+'10'!F88+'11'!F88+'12'!F88+'13'!F88+'14'!F88+'15'!F88+'16'!F88+'17'!F88+'18'!F88+'19'!F88+'20'!F88+'21'!F88+'22'!F88+'23'!F88+'24'!F88+'25'!F88+'26'!F88+'27'!F88+'28'!F88+'29'!F88+'30'!F88+'31'!F88 -> 0 | G88: =D88+E88-F88 -> 43 | H88: =D88+E88-I88 -> 19 | I88: ='31'!G88 -> 24
B89: Plastik Cup 1 Panjang | D89: ='01'!D89 -> 2 | E89: ='01'!E89+'02'!E89+'03'!E89+'04'!E89+'05'!E89+'06'!E89+'07'!E89+'08'!E89+'09'!E89+'10'!E89+'11'!E89+'12'!E89+'13'!E89+'14'!E89+'15'!E89+'16'!E89+'17'!E89+'18'!E89+'19'!E89+'20'!E89+'21'!E89+'22'!E89+'23'!E89+'24'!E89+'25'!E89+'26'!E89+'27'!E89+'28'!E89+'29'!E89+'30'!E89+'31'!E89 -> 10 | F89: ='01'!F89+'02'!F89+'03'!F89+'04'!F89+'05'!F89+'06'!F89+'07'!F89+'08'!F89+'09'!F89+'10'!F89+'11'!F89+'12'!F89+'13'!F89+'14'!F89+'15'!F89+'16'!F89+'17'!F89+'18'!F89+'19'!F89+'20'!F89+'21'!F89+'22'!F89+'23'!F89+'24'!F89+'25'!F89+'26'!F89+'27'!F89+'28'!F89+'29'!F89+'30'!F89+'31'!F89 -> 0 | G89: =D89+E89-F89 -> 12 | H89: =D89+E89-I89 -> 10 | I89: ='31'!G89 -> 2
B90: Plastik Cup 2 Panjang | D90: ='01'!D90 -> 0 | E90: ='01'!E90+'02'!E90+'03'!E90+'04'!E90+'05'!E90+'06'!E90+'07'!E90+'08'!E90+'09'!E90+'10'!E90+'11'!E90+'12'!E90+'13'!E90+'14'!E90+'15'!E90+'16'!E90+'17'!E90+'18'!E90+'19'!E90+'20'!E90+'21'!E90+'22'!E90+'23'!E90+'24'!E90+'25'!E90+'26'!E90+'27'!E90+'28'!E90+'29'!E90+'30'!E90+'31'!E90 -> 20 | F90: ='01'!F90+'02'!F90+'03'!F90+'04'!F90+'05'!F90+'06'!F90+'07'!F90+'08'!F90+'09'!F90+'10'!F90+'11'!F90+'12'!F90+'13'!F90+'14'!F90+'15'!F90+'16'!F90+'17'!F90+'18'!F90+'19'!F90+'20'!F90+'21'!F90+'22'!F90+'23'!F90+'24'!F90+'25'!F90+'26'!F90+'27'!F90+'28'!F90+'29'!F90+'30'!F90+'31'!F90 -> 0 | G90: =D90+E90-F90 -> 20 | H90: =D90+E90-I90 -> 13 | I90: ='31'!G90 -> 7
B91: Plastik Cup 4 takeaway | D91: ='01'!D91 -> 3 | E91: ='01'!E91+'02'!E91+'03'!E91+'04'!E91+'05'!E91+'06'!E91+'07'!E91+'08'!E91+'09'!E91+'10'!E91+'11'!E91+'12'!E91+'13'!E91+'14'!E91+'15'!E91+'16'!E91+'17'!E91+'18'!E91+'19'!E91+'20'!E91+'21'!E91+'22'!E91+'23'!E91+'24'!E91+'25'!E91+'26'!E91+'27'!E91+'28'!E91+'29'!E91+'30'!E91+'31'!E91 -> 15 | F91: ='01'!F91+'02'!F91+'03'!F91+'04'!F91+'05'!F91+'06'!F91+'07'!F91+'08'!F91+'09'!F91+'10'!F91+'11'!F91+'12'!F91+'13'!F91+'14'!F91+'15'!F91+'16'!F91+'17'!F91+'18'!F91+'19'!F91+'20'!F91+'21'!F91+'22'!F91+'23'!F91+'24'!F91+'25'!F91+'26'!F91+'27'!F91+'28'!F91+'29'!F91+'30'!F91+'31'!F91 -> 0 | G91: =D91+E91-F91 -> 18 | H91: =D91+E91-I91 -> 13 | I91: ='31'!G91 -> 5
B92: Plastik Cup 2 takeaway | D92: ='01'!D92 -> 0 | E92: ='01'!E92+'02'!E92+'03'!E92+'04'!E92+'05'!E92+'06'!E92+'07'!E92+'08'!E92+'09'!E92+'10'!E92+'11'!E92+'12'!E92+'13'!E92+'14'!E92+'15'!E92+'16'!E92+'17'!E92+'18'!E92+'19'!E92+'20'!E92+'21'!E92+'22'!E92+'23'!E92+'24'!E92+'25'!E92+'26'!E92+'27'!E92+'28'!E92+'29'!E92+'30'!E92+'31'!E92 -> 2 | F92: ='01'!F92+'02'!F92+'03'!F92+'04'!F92+'05'!F92+'06'!F92+'07'!F92+'08'!F92+'09'!F92+'10'!F92+'11'!F92+'12'!F92+'13'!F92+'14'!F92+'15'!F92+'16'!F92+'17'!F92+'18'!F92+'19'!F92+'20'!F92+'21'!F92+'22'!F92+'23'!F92+'24'!F92+'25'!F92+'26'!F92+'27'!F92+'28'!F92+'29'!F92+'30'!F92+'31'!F92 -> 0 | G92: =D92+E92-F92 -> 2 | H92: =D92+E92-I92 -> 1 | I92: ='31'!G92 -> 1
B93: Batrai kecil AAA | D93: ='01'!D93 | E93: ='01'!E93+'02'!E93+'03'!E93+'04'!E93+'05'!E93+'06'!E93+'07'!E93+'08'!E93+'09'!E93+'10'!E93+'11'!E93+'12'!E93+'13'!E93+'14'!E93+'15'!E93+'16'!E93+'17'!E93+'18'!E93+'19'!E93+'20'!E93+'21'!E93+'22'!E93+'23'!E93+'24'!E93+'25'!E93+'26'!E93+'27'!E93+'28'!E93+'29'!E93+'30'!E93+'31'!E93 -> 0 | F93: ='01'!F93+'02'!F93+'03'!F93+'04'!F93+'05'!F93+'06'!F93+'07'!F93+'08'!F93+'09'!F93+'10'!F93+'11'!F93+'12'!F93+'13'!F93+'14'!F93+'15'!F93+'16'!F93+'17'!F93+'18'!F93+'19'!F93+'20'!F93+'21'!F93+'22'!F93+'23'!F93+'24'!F93+'25'!F93+'26'!F93+'27'!F93+'28'!F93+'29'!F93+'30'!F93+'31'!F93 -> 0 | G93: =D93+E93-F93 -> 0 | H93: =D93+E93-I93 -> -1 | I93: ='31'!G93 -> 1
B94: Baterai Besar ABC | D94: ='01'!D94 -> 1 | E94: ='01'!E94+'02'!E94+'03'!E94+'04'!E94+'05'!E94+'06'!E94+'07'!E94+'08'!E94+'09'!E94+'10'!E94+'11'!E94+'12'!E94+'13'!E94+'14'!E94+'15'!E94+'16'!E94+'17'!E94+'18'!E94+'19'!E94+'20'!E94+'21'!E94+'22'!E94+'23'!E94+'24'!E94+'25'!E94+'26'!E94+'27'!E94+'28'!E94+'29'!E94+'30'!E94+'31'!E94 -> 10 | F94: ='01'!F94+'02'!F94+'03'!F94+'04'!F94+'05'!F94+'06'!F94+'07'!F94+'08'!F94+'09'!F94+'10'!F94+'11'!F94+'12'!F94+'13'!F94+'14'!F94+'15'!F94+'16'!F94+'17'!F94+'18'!F94+'19'!F94+'20'!F94+'21'!F94+'22'!F94+'23'!F94+'24'!F94+'25'!F94+'26'!F94+'27'!F94+'28'!F94+'29'!F94+'30'!F94+'31'!F94 -> 0 | G94: =D94+E94-F94 -> 11 | H94: =D94+E94-I94 -> 3 | I94: ='31'!G94 -> 8
B95: Cling pembersih kaca | D95: ='01'!D95 | E95: ='01'!E95+'02'!E95+'03'!E95+'04'!E95+'05'!E95+'06'!E95+'07'!E95+'08'!E95+'09'!E95+'10'!E95+'11'!E95+'12'!E95+'13'!E95+'14'!E95+'15'!E95+'16'!E95+'17'!E95+'18'!E95+'19'!E95+'20'!E95+'21'!E95+'22'!E95+'23'!E95+'24'!E95+'25'!E95+'26'!E95+'27'!E95+'28'!E95+'29'!E95+'30'!E95+'31'!E95 -> 0 | F95: ='01'!F95+'02'!F95+'03'!F95+'04'!F95+'05'!F95+'06'!F95+'07'!F95+'08'!F95+'09'!F95+'10'!F95+'11'!F95+'12'!F95+'13'!F95+'14'!F95+'15'!F95+'16'!F95+'17'!F95+'18'!F95+'19'!F95+'20'!F95+'21'!F95+'22'!F95+'23'!F95+'24'!F95+'25'!F95+'26'!F95+'27'!F95+'28'!F95+'29'!F95+'30'!F95+'31'!F95 -> 0 | G95: =D95+E95-F95 -> 0 | H95: =D95+E95-I95 -> -52 | I95: ='31'!G95 -> 52
B96: Ultra pencuci piring | D96: ='01'!D96 | E96: ='01'!E96+'02'!E96+'03'!E96+'04'!E96+'05'!E96+'06'!E96+'07'!E96+'08'!E96+'09'!E96+'10'!E96+'11'!E96+'12'!E96+'13'!E96+'14'!E96+'15'!E96+'16'!E96+'17'!E96+'18'!E96+'19'!E96+'20'!E96+'21'!E96+'22'!E96+'23'!E96+'24'!E96+'25'!E96+'26'!E96+'27'!E96+'28'!E96+'29'!E96+'30'!E96+'31'!E96 -> 0 | F96: ='01'!F96+'02'!F96+'03'!F96+'04'!F96+'05'!F96+'06'!F96+'07'!F96+'08'!F96+'09'!F96+'10'!F96+'11'!F96+'12'!F96+'13'!F96+'14'!F96+'15'!F96+'16'!F96+'17'!F96+'18'!F96+'19'!F96+'20'!F96+'21'!F96+'22'!F96+'23'!F96+'24'!F96+'25'!F96+'26'!F96+'27'!F96+'28'!F96+'29'!F96+'30'!F96+'31'!F96 -> 0 | G96: =D96+E96-F96 -> 0 | H96: =D96+E96-I96 -> -56 | I96: ='31'!G96 -> 56
B97: Soklin Lantai | D97: ='01'!D97 -> 2 | E97: ='01'!E97+'02'!E97+'03'!E97+'04'!E97+'05'!E97+'06'!E97+'07'!E97+'08'!E97+'09'!E97+'10'!E97+'11'!E97+'12'!E97+'13'!E97+'14'!E97+'15'!E97+'16'!E97+'17'!E97+'18'!E97+'19'!E97+'20'!E97+'21'!E97+'22'!E97+'23'!E97+'24'!E97+'25'!E97+'26'!E97+'27'!E97+'28'!E97+'29'!E97+'30'!E97+'31'!E97 -> 50 | F97: ='01'!F97+'02'!F97+'03'!F97+'04'!F97+'05'!F97+'06'!F97+'07'!F97+'08'!F97+'09'!F97+'10'!F97+'11'!F97+'12'!F97+'13'!F97+'14'!F97+'15'!F97+'16'!F97+'17'!F97+'18'!F97+'19'!F97+'20'!F97+'21'!F97+'22'!F97+'23'!F97+'24'!F97+'25'!F97+'26'!F97+'27'!F97+'28'!F97+'29'!F97+'30'!F97+'31'!F97 -> 0 | G97: =D97+E97-F97 -> 52 | H97: =D97+E97-I97 -> 39 | I97: ='31'!G97 -> 13
B98: Sponge cuci piring | D98: ='01'!D98 | E98: ='01'!E98+'02'!E98+'03'!E98+'04'!E98+'05'!E98+'06'!E98+'07'!E98+'08'!E98+'09'!E98+'10'!E98+'11'!E98+'12'!E98+'13'!E98+'14'!E98+'15'!E98+'16'!E98+'17'!E98+'18'!E98+'19'!E98+'20'!E98+'21'!E98+'22'!E98+'23'!E98+'24'!E98+'25'!E98+'26'!E98+'27'!E98+'28'!E98+'29'!E98+'30'!E98+'31'!E98 -> 58 | F98: ='01'!F98+'02'!F98+'03'!F98+'04'!F98+'05'!F98+'06'!F98+'07'!F98+'08'!F98+'09'!F98+'10'!F98+'11'!F98+'12'!F98+'13'!F98+'14'!F98+'15'!F98+'16'!F98+'17'!F98+'18'!F98+'19'!F98+'20'!F98+'21'!F98+'22'!F98+'23'!F98+'24'!F98+'25'!F98+'26'!F98+'27'!F98+'28'!F98+'29'!F98+'30'!F98+'31'!F98 -> 12 | G98: =D98+E98-F98 -> 46 | H98: =D98+E98-I98 -> 54 | I98: ='31'!G98 -> 4
B99: Handgloves | D99: ='01'!D99 | E99: ='01'!E99+'02'!E99+'03'!E99+'04'!E99+'05'!E99+'06'!E99+'07'!E99+'08'!E99+'09'!E99+'10'!E99+'11'!E99+'12'!E99+'13'!E99+'14'!E99+'15'!E99+'16'!E99+'17'!E99+'18'!E99+'19'!E99+'20'!E99+'21'!E99+'22'!E99+'23'!E99+'24'!E99+'25'!E99+'26'!E99+'27'!E99+'28'!E99+'29'!E99+'30'!E99+'31'!E99 -> 3 | F99: ='01'!F99+'02'!F99+'03'!F99+'04'!F99+'05'!F99+'06'!F99+'07'!F99+'08'!F99+'09'!F99+'10'!F99+'11'!F99+'12'!F99+'13'!F99+'14'!F99+'15'!F99+'16'!F99+'17'!F99+'18'!F99+'19'!F99+'20'!F99+'21'!F99+'22'!F99+'23'!F99+'24'!F99+'25'!F99+'26'!F99+'27'!F99+'28'!F99+'29'!F99+'30'!F99+'31'!F99 -> 0 | G99: =D99+E99-F99 -> 3 | H99: =D99+E99-I99 -> 1 | I99: ='31'!G99 -> 2
... B102: Cairan Pembersih Kaca | D102: ='01'!D102 -> 97 | E102: ='01'!E102+'02'!E102+'03'!E102+'04'!E102+'05'!E102+'06'!E102+'07'!E102+'08'!E102+'09'!E102+'10'!E102+'11'!E102+'12'!E102+'13'!E102+'14'!E102+'15'!E102+'16'!E102+'17'!E102+'18'!E102+'19'!E102+'20'!E102+'21'!E102+'22'!E102+'23'!E102+'24'!E102+'25'!E102+'26'!E102+'27'!E102+'28'!E102+'29'!E102+'30'!E102+'31'!E102 -> 4000 | F102: ='01'!F102+'02'!F102+'03'!F102+'04'!F102+'05'!F102+'06'!F102+'07'!F102+'08'!F102+'09'!F102+'10'!F102+'11'!F102+'12'!F102+'13'!F102+'14'!F102+'15'!F102+'16'!F102+'17'!F102+'18'!F102+'19'!F102+'20'!F102+'21'!F102+'22'!F102+'23'!F102+'24'!F102+'25'!F102+'26'!F102+'27'!F102+'28'!F102+'29'!F102+'30'!F102+'31'!F102 -> 0 | G102: =D102+E102-F102 -> 4097 | H102: =D102+E102-I102 -> 97 | I102: ='31'!G102 -> 4000
...

Sheet 01
A1: Kategori | B1: Nama Barang | C1: Berat Wadah | D1: Stock Awal | E1: Stok Masuk | F1: Stok Keluar | G1: Sisa Stok | H1: Keterangan | I1: Minimum Stok
A2: Bahan Baku Utama | B2: Susu UHT | C2: 50 | D2: 5373 | E2: 12000 | G2: 15216 | H2: gudang utama | I2: 6000
B3: Thai Tea Chatramue | D3: 237 | E3: 400 | F3: 40 | G3: 597 | H3: bikin thaitea & gudang utama | I3: 50
B4: Tapioca Pearl | D4: 1092 | F4: 300 | G4: 792 | H4: bikin boba | I4: 500
B5: Kopi Robusta Kerinci | D5: 1000 | G5: 1000 | I5: 250
B6: Fructose Syrup | D6: 4063 | E6: 5000 | G6: 7826 | H6: gudang utama | I6: 2500
B7: Gula Aren Bubuk | D7: 720 | F7: 100 | G7: 620 | H7: pemanis boba | I7: 200
B8: Gula Aren Cair | D8: 0 | E8: 1000 | G8: 844 | H8: gudang utama | I8: 200
B9: Carnation | D9: 2167 | G9: 1596 | I9: =488*2 -> 976
B10: Hazelnut Syrup | D10: 447 | G10: 413 | I10: 200
B11: Small Cup - 14 Oz | D11: 120 | G11: 118 | I11: 150
B12: Large Cup - 22 Oz | D12: 517 | G12: 485 | I12: 150
B13: Sedotan Besar | D13: 199 | G13: 193 | I13: 100
B14: Sedotan Kecil | D14: 266 | G14: 238 | I14: 250
B15: Cup Sealer | D15: 1 | G15: 1 | I15: 1
B16: Air Mineral SMS | D16: 3 | G16: 2
A23: Powder | B23: Bubble Gum Powder | D23: 844 | G23: 844 | I23: 200
B24: Cotton Candy Powder | D24: 117 | G24: 117 | I24: 200
B25: Cream Cheese Powder | D25: 0 | G25: 0 | I25: 250
B26: Es Permen Karet Powder | D26: 519 | G26: 519 | I26: 500
B27: Green Tea Powder | D27: 999 | G27: 999 | I27: 500
B28: Lemon Tea Powder | D28: 940 | G28: 617 | I28: 500
B29: Lychee Powder | D29: 1211 | G29: 1211 | I29: 200
B30: Lychee Tea Powder | D30: 708 | G30: 677 | I30: 500
B31: Mango Powder | D31: 824 | G31: 824 | I31: 200
B32: Milo Powder | D32: 505 | G32: 446 | I32: 200
B33: NDC Creamer Powder | D33: 1118 | F33: 300 | G33: 818 | H33: bikin cremer | I33: 250
B34: Ovaltine Powder | D34: 897 | G34: 825 | I34: 200
B35: Red Velvet Powder | D35: 287 | G35: 287 | I35: 200
B36: Royal Chocolate Powder | D36: 510 | G36: 450 | I36: 500
B37: Teh Kayu Aro Powder | D37: 405 | G37: 405 | I37: 50
B38: Taro Powder | D38: 1656 | G38: 1545 | I38: 200
B39: Vanilla Powder | D39: 1014 | G39: 986 | I39: 200
A43: Bahan Setengah Jadi | B43: Cold Brew | D43: 1201 | G43: 0 | I43: -
B44: Biang Black Tea Kayu Aro | D44: 235 | G44: 195 | I44: -
B45: Biang Thai Tea | D45: 1580 | E45: 1680 | G45: 1904 | H45: thai tea jadi | I45: -
B46: Cream Cheese | D46: 0 | G46: 0 | I46: -
B47: Boba | D47: 0 | E47: 566 | G47: 445 | H47: boba jadi | I47: -
B48: Creamer Cair | D48: 317 | E48: 587 | G48: 539 | H48: cremer jadi
A53: Topping | B53: Coffee Jelly | D53: 0 | G53: 0
B54: Lotus Crumb | D54: 0 | G54: 0
B55: Oreo Crumbs | D55: 4008 | G55: 3373 | I55: 2000
B56: Rainbow Jelly | D56: 0 | G56: 0 | I56: -
B57: Strawberry jam | D57: 2633 | G57: 2290 | I57: 500
B58: Manggo Jam | D58: 2241 | G58: 3088 | I58: 500
B59: Chocolate Topping | D59: 7074 | I59: 2000
B60: Chocolate Sauce | I60: -
B61: Yakult | D61: 11 | I61: -
B62: kacang morin | D62: 246 | I62: 300
A66: Ice Cream | B66: Soft Mix Vanilla | D66: 10000 | E66: 30000 | G66: 50000 | H66: gudang utama
B67: Soft Mix Mocca
B68: Soft Mix Green Tea
B69: Soft Mix Strawberry
B70: Soft Mix Chocolate | I70: 200
B71: Cup 12 Oz | D71: 268 | E71: 500 | G71: 606 | H71: gudang utama | I71: 150
B72: Cone | D72: 417 | E72: 300 | G72: 588 | H72: gudang utama | I72: 300
B73: Sendok Ice Cream | D73: 202 | E73: 500 | G73: 535 | H73: gudang utama | I73: -
B74: Paper Cup 4 Oz | D74: 294 | G74: 294 | I74: -
I75: -
I76: -
I77: -
A87: Bahan Lainnya | D87: 5 | G87: 3
D88: 13 | G88: 13
D89: 2 | G89: 2
D90: 0 | G90: 0
D91: 3 | G91: 1
D92: 0 | G92: 0
D94: 1 | G94: 1
D97: 2 | G97: 2
D101: 93 | G101: 93
D102: 97 | G102: 97
D103: 0 | G103: 0
D104: 4 | G104: 4
D107: 1 | G107: 1

Sheet 02
A1: Kategori | B1: Nama Barang | C1: Berat Wadah | D1: Stock Awal | E1: Stok Masuk | F1: Stok Keluar | G1: Sisa Stok | H1: Keterangan | I1: Minimum Stok
A2: Bahan Baku Utama | B2: ='01'!B2 -> Susu UHT | C2: ='01'!C2 -> 50 | D2: ='01'!G2 -> 15216 | G2: 11538 | I2: 6000
B3: ='01'!B3 -> Thai Tea Chatramue | C3: ='01'!C3 | D3: ='01'!G3 -> 597 | F3: 41 | G3: 556 | H3: bikin thai tea | I3: 50
B4: ='01'!B4 -> Tapioca Pearl | C4: ='01'!C4 | D4: ='01'!G4 -> 792 | F4: 209 | G4: 520 | H4: bikin boba | I4: 500
B5: ='01'!B5 -> Kopi Robusta Kerinci | C5: ='01'!C5 | D5: ='01'!G5 -> 1000 | G5: 1000 | I5: 250
B6: ='01'!B6 -> Fructose Syrup | C6: ='01'!C6 | D6: ='01'!G6 -> 7826 | G6: 6079 | I6: 2500
B7: ='01'!B7 -> Gula Aren Bubuk | C7: ='01'!C7 | D7: ='01'!G7 -> 620 | F7: 45 | G7: 575 | H7: pemanis boba | I7: 200
B8: ='01'!B8 -> Gula Aren Cair | C8: ='01'!C8 | D8: ='01'!G8 -> 844 | G8: 613 | I8: 200
B9: ='01'!B9 -> Carnation | C9: ='01'!C9 | D9: ='01'!G9 -> 1596 | E9: 2440 | G9: 3161 | H9: gudang utama | I9: =488*2 -> 976
B10: ='01'!B10 -> Hazelnut Syrup | C10: ='01'!C10 | D10: ='01'!G10 -> 413 | G10: 398 | I10: 200
B11: ='01'!B11 -> Small Cup - 14 Oz | C11: ='01'!C11 | D11: ='01'!G11 -> 118 | G11: 111 | I11: 150
B12: ='01'!B12 -> Large Cup - 22 Oz | C12: ='01'!C12 | D12: ='01'!G12 -> 485 | G12: 445 | I12: 150
B13: ='01'!B13 -> Sedotan Besar | C13: ='01'!C13 | D13: ='01'!G13 -> 193 | G13: 184 | I13: 100
B14: ='01'!B14 -> Sedotan Kecil | C14: ='01'!C14 | D14: ='01'!G14 -> 238 | G14: 200 | I14: 250
B15: ='01'!B15 -> Cup Sealer | C15: ='01'!C15 | D15: ='01'!G15 -> 1 | G15: 0 | I15: 1
B16: ='01'!B16 -> Air Mineral SMS | C16: ='01'!C16 | D16: ='01'!G16 -> 2 | G16: 1
B17: ='01'!B17 | C17: ='01'!C17 | D17: ='01'!G17
B18: ='01'!B18 | C18: ='01'!C18 | D18: ='01'!G18
B19: ='01'!B19 | C19: ='01'!C19 | D19: ='01'!G19
B20: ='01'!B20 | C20: ='01'!C20 | D20: ='01'!G20
B21: ='01'!B21 | C21: ='01'!C21 | D21: ='01'!G21
B22: ='01'!B22 | C22: ='01'!C22 | D22: ='01'!G22
A23: Powder | B23: ='01'!B23 -> Bubble Gum Powder | C23: ='01'!C23 | D23: ='01'!G23 -> 844 | G23: 844 | I23: 200
B24: ='01'!B24 -> Cotton Candy Powder | C24: ='01'!C24 | D24: ='01'!G24 -> 117 | G24: 117 | I24: 200
B25: ='01'!B25 -> Cream Cheese Powder | C25: ='01'!C25 | D25: ='01'!G25 -> 0 | G25: 0 | I25: 250
B26: ='01'!B26 -> Es Permen Karet Powder | C26: ='01'!C26 | D26: ='01'!G26 -> 519 | G26: 519 | I26: 500
B27: ='01'!B27 -> Green Tea Powder | C27: ='01'!C27 | D27: ='01'!G27 -> 999 | G27: 843 | I27: 500
B28: ='01'!B28 -> Lemon Tea Powder | C28: ='01'!C28 | D28: ='01'!G28 -> 617 | G28: 392 | I28: 500
B29: ='01'!B29 -> Lychee Powder | C29: ='01'!C29 | D29: ='01'!G29 -> 1211 | G29: 1211 | I29: 200
B30: ='01'!B30 -> Lychee Tea Powder | C30: ='01'!C30 | D30: ='01'!G30 -> 677 | E30: 1000 | G30: 1585 | H30: gudang utama | I30: 500
B31: ='01'!B31 -> Mango Powder | C31: ='01'!C31 | D31: ='01'!G31 -> 824 | G31: 824 | I31: 200
B32: ='01'!B32 -> Milo Powder | C32: ='01'!C32 | D32: ='01'!G32 -> 446 | E32: 960 | G32: 1228 | H32: gudang utama | I32: 200
B33: ='01'!B33 -> NDC Creamer Powder | C33: ='01'!C33 | D33: ='01'!G33 -> 818 | F33: 317 | G33: 501 | H33: bikin cremer | I33: 250
B34: ='01'!B34 -> Ovaltine Powder | C34: ='01'!C34 | D34: ='01'!G34 -> 825 | G34: 722 | I34: 200
B35: ='01'!B35 -> Red Velvet Powder | C35: ='01'!C35 | D35: ='01'!G35 -> 287 | G35: 287 | I35: 200
B36: ='01'!B36 -> Royal Chocolate Powder | C36: ='01'!C36 | D36: ='01'!G36 -> 450 | G36: 251 | I36: 500
B37: ='01'!B37 -> Teh Kayu Aro Powder | C37: ='01'!C37 | D37: ='01'!G37 -> 405 | F37: 50 | G37: 355 | H37: bikin black tea | I37: 50
B38: ='01'!B38 -> Taro Powder | C38: ='01'!C38 | D38: ='01'!G38 -> 1545 | G38: 1518 | I38: 200
B39: ='01'!B39 -> Vanilla Powder | C39: ='01'!C39 | D39: ='01'!G39 -> 986 | G39: 959 | I39: 200
B40: ='01'!B40 | C40: ='01'!C40 | D40: ='01'!G40
B41: ='01'!B41 | C41: ='01'!C41 | D41: ='01'!G41
B42: ='01'!B42 | C42: ='01'!C42 | D42: ='01'!G42
A43: Bahan Setengah Jadi | B43: ='01'!B43 -> Cold Brew | C43: ='01'!C43 | D43: ='01'!G43 -> 0 | G43: 674 | I43: -
B44: ='01'!B44 -> Biang Black Tea Kayu Aro | C44: ='01'!C44 | D44: ='01'!G44 -> 195 | E44: 723 | G44: 723 | H44: black tea jadi | I44: -
B45: ='01'!B45 -> Biang Thai Tea | C45: ='01'!C45 | D45: ='01'!G45 -> 1904 | E45: 1627 | G45: 2074 | H45: thai tea jadi | I45: -
B46: ='01'!B46 -> Cream Cheese | C46: ='01'!C46 | D46: ='01'!G46 -> 0 | G46: 0. | I46: -
B47: ='01'!B47 -> Boba | C47: ='01'!C47 | D47: ='01'!G47 -> 445 | E47: 533 | G47: 0 | H47: boba jadi | I47: -
B48: ='01'!B48 -> Creamer Cair | C48: ='01'!C48 | D48: ='01'!G48 -> 539 | E48: 647 | G48: 647 | H48: cremervjadi
B49: ='01'!B49 | C49: ='01'!C49 | D49: ='01'!G49
B50: ='01'!B50 | C50: ='01'!C50 | D50: ='01'!G50
B51: ='01'!B51 | C51: ='01'!C51 | D51: ='01'!G51
B52: ='01'!B52 | C52: ='01'!C52 | D52: ='01'!G52
A53: Topping | B53: ='01'!B53 -> Coffee Jelly | C53: ='01'!C53 | D53: ='01'!G53 -> 0 | G53: 0
B54: ='01'!B54 -> Lotus Crumb | C54: ='01'!C54 | D54: ='01'!G54 -> 0 | G54: 0
B55: ='01'!B55 -> Oreo Crumbs | C55: ='01'!C55 | D55: ='01'!G55 -> 3373 | G55: 3006 | I55: 2000
B56: ='01'!B56 -> Rainbow Jelly | C56: ='01'!C56 | D56: ='01'!G56 -> 0 | G56: 0 | I56: -
B57: ='01'!B57 -> Strawberry jam | C57: ='01'!C57 | D57: ='01'!G57 -> 2290 | G57: 1997 | I57: 500
B58: ='01'!B58 -> Manggo Jam | C58: ='01'!C58 | D58: ='01'!G58 -> 3088 | G58: 1833 | I58: 500
B59: ='01'!B59 -> Chocolate Topping | C59: ='01'!C59 | D59: ='01'!G59 | G59: 5909 | I59: 2000
B60: ='01'!B60 -> Chocolate Sauce | C60: ='01'!C60 | D60: ='01'!G60 | I60: -
B61: ='01'!B61 -> Yakult | C61: ='01'!C61 | D61: ='01'!G61 | G61: 11 | I61: -
B62: ='01'!B62 -> kacang morin | C62: ='01'!C62 | D62: ='01'!G62 | G62: 162 | I62: 300
B63: ='01'!B63 | C63: ='01'!C63 | D63: ='01'!G63
B64: ='01'!B64 | C64: ='01'!C64 | D64: ='01'!G64
B65: ='01'!B65 | C65: ='01'!C65 | D65: ='01'!G65
A66: Ice Cream | B66: ='01'!B66 -> Soft Mix Vanilla | C66: ='01'!C66 | D66: ='01'!G66 -> 50000 | E66: 20000 | G66: 42000 | H66: gudang utama
B67: ='01'!B67 -> Soft Mix Mocca | C67: ='01'!C67 | D67: ='01'!G67
B68: ='01'!B68 -> Soft Mix Green Tea | C68: ='01'!C68 | D68: ='01'!G68
B69: ='01'!B69 -> Soft Mix Strawberry | C69: ='01'!C69 | D69: ='01'!G69
B70: ='01'!B70 -> Soft Mix Chocolate | C70: ='01'!C70 | D70: ='01'!G70 | I70: 200
B71: ='01'!B71 -> Cup 12 Oz | C71: ='01'!C71 | D71: ='01'!G71 -> 606 | G71: 450 | I71: 150
B72: ='01'!B72 -> Cone | C72: ='01'!C72 | D72: ='01'!G72 -> 588 | F72: 1 | G72: 425 | H72: dimakan crew | I72: 300
B73: ='01'!B73 -> Sendok Ice Cream | C73: ='01'!C73 | D73: ='01'!G73 -> 535 | G73: 376 | I73: -
B74: ='01'!B74 -> Paper Cup 4 Oz | C74: ='01'!C74 | D74: ='01'!G74 -> 294 | G74: 294 | I74: -
B75: ='01'!B75 | C75: ='01'!C75 | D75: ='01'!G75 | I75: -
B76: ='01'!B76 | C76: ='01'!C76 | D76: ='01'!G76 | I76: -
B77: ='01'!B77 | C77: ='01'!C77 | D77: ='01'!G77 | I77: -
B78: ='01'!B78 | C78: ='01'!C78 | D78: ='01'!G78
B79: ='01'!B79 | C79: ='01'!C79 | D79: ='01'!G79
B80: ='01'!B80 | C80: ='01'!C80 | D80: ='01'!G80
B81: ='01'!B81 | C81: ='01'!C81 | D81: ='01'!G81
B82: ='01'!B82 | C82: ='01'!C82 | D82: ='01'!G82
B83: ='01'!B83 | C83: ='01'!C83 | D83: ='01'!G83
B84: ='01'!B84 | C84: ='01'!C84 | D84: ='01'!G84
B85: ='01'!B85 | C85: ='01'!C85 | D85: ='01'!G85
B86: ='01'!B86 | C86: ='01'!C86 | D86: ='01'!G86
A87: Bahan Lainnya | B87: kertas termal | C87: ='01'!C87 | D87: ='01'!G87 -> 3 | E87: 10 | G87: 12 | H87: gudang utama
B88: plastik sampah | C88: ='01'!C88 | D88: ='01'!G88 -> 13 | G88: 11
B89: plastik cup 1 panjang | C89: ='01'!C89 | D89: ='01'!G89 -> 2 | E89: 10 | G89: 12 | H89: gudang utama
B90: plastik cup 2 panjang | C90: ='01'!C90 | D90: ='01'!G90 -> 0 | E90: 10 | G90: 10 | H90: gudang utama
B91: plastik cup 4 takeaway | C91: ='01'!C91 | D91: 1 | E91: 10 | G91: 11 | H91: gudang utama
B92: sabun ultra | C92: ='01'!C92 | D92: 1 | G92: 1
B93: handgloves | C93: ='01'!C93 | D93: 2 | G93: 2
B94: tissu jolly | C94: ='01'!C94 | D94: 11 | G94: 11
B95: pisau donat | C95: ='01'!C95 | D95: 93 | G95: 93
B96: garpu donat | C96: ='01'!C96 | D96: 97 | G96: 97
B97: kertas tray donat | C97: ='01'!C97 | D97: 4 | G97: 4
B98: donat | C98: ='01'!C98 | D98: 0 | G98: 0
B99: batrai timbangan | C99: ='01'!C99 | D99: 1 | G99: 1
B100: stella gantung | C100: ='01'!C100 | D100: 1 | G100: 1
...

Sheet 03
A1: Kategori | B1: Nama Barang | C1: Berat Wadah | D1: Stock Awal | E1: Stok Masuk | F1: Stok Keluar | G1: Sisa Stok | H1: Keterangan | I1: Minimum Stok
A2: Bahan Baku Utama | B2: ='02'!B2 -> Susu UHT | C2: ='02'!C2 -> 50 | D2: ='02'!G2 -> 11538 | G2: 8756 | I2: 6000
B3: ='02'!B3 -> Thai Tea Chatramue | C3: ='02'!C3 | D3: ='02'!G3 -> 556 | G3: 556 | I3: 50
B4: ='02'!B4 -> Tapioca Pearl | C4: ='02'!C4 | D4: ='02'!G4 -> 520 | E4: 1000 | F4: 520 | G4: 1000 | H4: bikin boba & gudang utama | I4: 500
B5: ='02'!B5 -> Kopi Robusta Kerinci | C5: ='02'!C5 | D5: ='02'!G5 -> 1000 | G5: 1000 | I5: 250
B6: ='02'!B6 -> Fructose Syrup | C6: ='02'!C6 | D6: ='02'!G6 -> 6079 | G6: 4413 | I6: 2500
B7: ='02'!B7 -> Gula Aren Bubuk | C7: ='02'!C7 | D7: ='02'!G7 -> 575 | F7: 215 | G7: 360 | H7: pemanis boba | I7: 200
B8: ='02'!B8 -> Gula Aren Cair | C8: ='02'!C8 | D8: ='02'!G8 -> 613 | G8: 717 | I8: 200
B9: ='02'!B9 -> Carnation | C9: ='02'!C9 | D9: ='02'!G9 -> 3161 | G9: 2792 | I9: =488*2 -> 976
B10: ='02'!B10 -> Hazelnut Syrup | C10: 102 | D10: ='02'!G10 -> 398 | G10: 380 | I10: 200
B11: ='02'!B11 -> Small Cup - 14 Oz | C11: ='02'!C11 | D11: ='02'!G11 -> 111 | G11: 106 | I11: 150
B12: ='02'!B12 -> Large Cup - 22 Oz | C12: ='02'!C12 | D12: ='02'!G12 -> 445 | F12: 1 | G12: 408 | H12: di pakai minum pak poyo | I12: 150
B13: ='02'!B13 -> Sedotan Besar | C13: ='02'!C13 | D13: ='02'!G13 -> 184 | G13: 171 | I13: 100
B14: ='02'!B14 -> Sedotan Kecil | C14: ='02'!C14 | D14: ='02'!G14 -> 200 | G14: 171 | I14: 250
B15: ='02'!B15 -> Cup Sealer | C15: ='02'!C15 | D15: ='02'!G15 -> 0 | E15: 1 | G15: 1 | H15: gudang utama | I15: 1
B16: ='02'!B16 -> Air Mineral SMS | C16: ='02'!C16 | D16: ='02'!G16 -> 1 | G16: 1
B17: ='02'!B17 | C17: ='02'!C17 | D17: ='02'!G17
B18: ='02'!B18 | C18: ='02'!C18 | D18: ='02'!G18
B19: ='02'!B19 | C19: ='02'!C19 | D19: ='02'!G19
B20: ='02'!B20 | C20: ='02'!C20 | D20: ='02'!G20
B21: ='02'!B21 | C21: ='02'!C21 | D21: ='02'!G21
B22: ='02'!B22 | C22: ='02'!C22 | D22: ='02'!G22
A23: Powder | B23: ='02'!B23 -> Bubble Gum Powder | C23: ='02'!C23 | D23: ='02'!G23 -> 844 | G23: 844 | I23: 200
B24: ='02'!B24 -> Cotton Candy Powder | C24: ='02'!C24 | D24: ='02'!G24 -> 117 | G24: 117 | I24: 200
B25: ='02'!B25 -> Cream Cheese Powder | C25: ='02'!C25 | D25: ='02'!G25 -> 0 | G25: 0 | I25: 250
B26: ='02'!B26 -> Es Permen Karet Powder | C26: ='02'!C26 | D26: ='02'!G26 -> 519 | G26: 519 | I26: 500
B27: ='02'!B27 -> Green Tea Powder | C27: ='02'!C27 | D27: ='02'!G27 -> 843 | G27: 843 | I27: 500
B28: ='02'!B28 -> Lemon Tea Powder | C28: ='02'!C28 | D28: ='02'!G28 -> 392 | E28: 1000 | G28: 1214 | H28: gudang utama | I28: 500
B29: ='02'!B29 -> Lychee Powder | C29: ='02'!C29 | D29: ='02'!G29 -> 1211 | G29: 1211 | I29: 200
B30: ='02'!B30 -> Lychee Tea Powder | C30: ='02'!C30 | D30: ='02'!G30 -> 1585 | G30: 1283 | I30: 500
B31: ='02'!B31 -> Mango Powder | C31: ='02'!C31 | D31: ='02'!G31 -> 824 | G31: 791 | I31: 200
B32: ='02'!B32 -> Milo Powder | C32: ='02'!C32 | D32: ='02'!G32 -> 1228 | G32: 1166 | I32: 200
B33: ='02'!B33 -> NDC Creamer Powder | C33: ='02'!C33 | D33: ='02'!G33 -> 501 | G33: 501 | I33: 250
B34: ='02'!B34 -> Ovaltine Powder | C34: ='02'!C34 | D34: ='02'!G34 -> 722 | G34: 695 | I34: 200
B35: ='02'!B35 -> Red Velvet Powder | C35: ='02'!C35 | D35: ='02'!G35 -> 287 | G35: 287 | I35: 200
B36: ='02'!B36 -> Royal Chocolate Powder | C36: ='02'!C36 | D36: ='02'!G36 -> 251 | E36: 1000 | G36: 1089 | H36: gudang utama | I36: 500
B37: ='02'!B37 -> Teh Kayu Aro Powder | C37: ='02'!C37 | D37: ='02'!G37 -> 355 | G37: 355 | I37: 50
B38: ='02'!B38 -> Taro Powder | C38: ='02'!C38 | D38: ='02'!G38 -> 1518 | G38: 1496 | I38: 200
B39: ='02'!B39 -> Vanilla Powder | C39: ='02'!C39 | D39: ='02'!G39 -> 959 | G39: 959 | I39: 200
B40: ='02'!B40 | C40: ='02'!C40 | D40: ='02'!G40
B41: ='02'!B41 | C41: ='02'!C41 | D41: ='02'!G41
B42: ='02'!B42 | C42: ='02'!C42 | D42: ='02'!G42
A43: Bahan Setengah Jadi | B43: ='02'!B43 -> Cold Brew | C43: ='02'!C43 | D43: ='02'!G43 -> 674 | G43: 468 | I43: -
B44: ='02'!B44 -> Biang Black Tea Kayu Aro | C44: ='02'!C44 | D44: ='02'!G44 -> 723 | G44: 400 | I44: -
B45: ='02'!B45 -> Biang Thai Tea | C45: ='02'!C45 | D45: ='02'!G45 -> 2074 | G45: 1281 | I45: -
B46: ='02'!B46 -> Cream Cheese | C46: ='02'!C46 | D46: ='02'!G46 -> 0. | G46: 0 | I46: -
B47: ='02'!B47 -> Boba | C47: ='02'!C47 | D47: ='02'!G47 -> 0 | E47: 1319 | G47: 902 | H47: boba jadi | I47: -
B48: ='02'!B48 -> Creamer Cair | C48: ='02'!C48 | D48: ='02'!G48 -> 647 | G48: 174
B49: ='02'!B49 | C49: ='02'!C49 | D49: ='02'!G49
B50: ='02'!B50 | C50: ='02'!C50 | D50: ='02'!G50
B51: ='02'!B51 | C51: ='02'!C51 | D51: ='02'!G51
B52: ='02'!B52 | C52: ='02'!C52 | D52: ='02'!G52
A53: Topping | B53: ='02'!B53 -> Coffee Jelly | C53: ='02'!C53 | D53: ='02'!G53 -> 0 | G53: 0
B54: ='02'!B54 -> Lotus Crumb | C54: ='02'!C54 | D54: ='02'!G54 -> 0 | G54: 0
B55: ='02'!B55 -> Oreo Crumbs | C55: ='02'!C55 | D55: ='02'!G55 -> 3006 | E55: 12000 | G55: 14126 | H55: gudang utama | I55: 2000
B56: ='02'!B56 -> Rainbow Jelly | C56: ='02'!C56 | D56: ='02'!G56 -> 0 | G56: 0 | I56: -
B57: ='02'!B57 -> Strawberry jam | C57: ='02'!C57 | D57: ='02'!G57 -> 1997 | G57: 1844 | I57: 500
B58: ='02'!B58 -> Manggo Jam | C58: ='02'!C58 | D58: ='02'!G58 -> 1833 | G58: 1433 | I58: 500
B59: ='02'!B59 -> Chocolate Topping | C59: ='02'!C59 | D59: ='02'!G59 -> 5909 | G59: 5449 | I59: 2000
B60: ='02'!B60 -> Chocolate Sauce | C60: ='02'!C60 | D60: ='02'!G60 | I60: -
B61: ='02'!B61 -> Yakult | C61: ='02'!C61 | D61: ='02'!G61 -> 11 | E61: 10 | G61: 19 | H61: beli yakult | I61: -
B62: ='02'!B62 -> kacang morin | C62: ='02'!C62 | D62: ='02'!G62 -> 162 | G62: 140 | I62: 300
B63: ='02'!B63 | C63: ='02'!C63 | D63: ='02'!G63
B64: ='02'!B64 | C64: ='02'!C64 | D64: ='02'!G64
B65: ='02'!B65 | C65: ='02'!C65 | D65: ='02'!G65
A66: Ice Cream | B66: ='02'!B66 -> Soft Mix Vanilla | C66: ='02'!C66 | D66: ='02'!G66 -> 42000 | E66: 20000 | G66: 39000 | H66: gudang utama
B67: ='02'!B67 -> Soft Mix Mocca | C67: ='02'!C67 | D67: ='02'!G67
B68: ='02'!B68 -> Soft Mix Green Tea | C68: ='02'!C68 | D68: ='02'!G68
B69: ='02'!B69 -> Soft Mix Strawberry | C69: ='02'!C69 | D69: ='02'!G69
B70: ='02'!B70 -> Soft Mix Chocolate | C70: ='02'!C70 | D70: ='02'!G70 | I70: 200
B71: ='02'!B71 -> Cup 12 Oz | C71: ='02'!C71 | D71: ='02'!G71 -> 450 | G71: 303 | I71: 150
B72: ='02'!B72 -> Cone | C72: ='02'!C72 | D72: ='02'!G72 -> 425 | E72: 300 | F72: 10 | G72: 573 | H72: gudang utama & pecah | I72: 300
B73: ='02'!B73 -> Sendok Ice Cream | C73: ='02'!C73 | D73: ='02'!G73 -> 376 | E73: 500 | G73: 728 | H73: gudang utama | I73: -
B74: ='02'!B74 -> Paper Cup 4 Oz | C74: ='02'!C74 | D74: ='02'!G74 -> 294 | G74: 294 | I74: -
B75: ='02'!B75 | C75: ='02'!C75 | D75: ='02'!G75 | I75: -
B76: ='02'!B76 | C76: ='02'!C76 | D76: ='02'!G76 | I76: -
B77: ='02'!B77 | C77: ='02'!C77 | D77: ='02'!G77 | I77: -
B78: ='02'!B78 | C78: ='02'!C78 | D78: ='02'!G78
B79: ='02'!B79 | C79: ='02'!C79 | D79: ='02'!G79
B80: ='02'!B80 | C80: ='02'!C80 | D80: ='02'!G80
B81: ='02'!B81 | C81: ='02'!C81 | D81: ='02'!G81
B82: ='02'!B82 | C82: ='02'!C82 | D82: ='02'!G82
B83: ='02'!B83 | C83: ='02'!C83 | D83: ='02'!G83
B84: ='02'!B84 | C84: ='02'!C84 | D84: ='02'!G84
B85: ='02'!B85 | C85: ='02'!C85 | D85: ='02'!G85
B86: ='02'!B86 | C86: ='02'!C86 | D86: ='02'!G86
A87: Bahan Lainnya | B87: ='02'!B87 -> kertas termal | C87: ='02'!C87 | D87: ='02'!G87 -> 12 | G87: 11
B88: ='02'!B88 -> plastik sampah | C88: ='02'!C88 | D88: ='02'!G88 -> 11 | G88: 11
B89: ='02'!B89 -> plastik cup 1 panjang | C89: ='02'!C89 | D89: ='02'!G89 -> 12 | G89: 12
B90: ='02'!B90 -> plastik cup 2 panjang | C90: ='02'!C90 | D90: ='02'!G90 -> 10 | G90: 10
B91: ='02'!B91 -> plastik cup 4 takeaway | C91: ='02'!C91 | D91: ='02'!G91 -> 11 | G91: 6
B92: ='02'!B92 -> sabun ultra | C92: ='02'!C92 | D92: ='02'!G92 -> 1 | G92: 1
B93: ='02'!B93 -> handgloves | C93: ='02'!C93 | D93: ='02'!G93 -> 2 | G93: 2
B94: ='02'!B94 -> tissu jolly | C94: ='02'!C94 | D94: ='02'!G94 -> 11 | G94: 9
B95: ='02'!B95 -> pisau donat | C95: ='02'!C95 | D95: ='02'!G95 -> 93 | G95: 90
B96: ='02'!B96 -> garpu donat | C96: ='02'!C96 | D96: ='02'!G96 -> 97 | G96: 94
B97: ='02'!B97 -> kertas tray donat | C97: ='02'!C97 | D97: ='02'!G97 -> 4 | E97: 50 | G97: 51 | H97: gudang utama
B98: ='02'!B98 -> donat | C98: ='02'!C98 | D98: ='02'!G98 -> 0 | E98: 10 | G98: 7 | H98: gudang utama
B99: ='02'!B99 -> batrai timbangan | C99: ='02'!C99 | D99: ='02'!G99 -> 1 | G99: 1
B100: ='02'!B100 -> stella gantung | C100: ='02'!C100 | D100: ='02'!G100 -> 1 | G100: 1
...

Sheet 04
A1: Kategori | B1: Nama Barang | C1: Berat Wadah | D1: Stock Awal | E1: Stok Masuk | F1: Stok Keluar | G1: Sisa Stok | H1: Keterangan | I1: Minimum Stok
A2: Bahan Baku Utama | B2: ='03'!B2 -> Susu UHT | C2: ='03'!C2 -> 50 | D2: ='03'!G2 -> 8756 | E2: 12000 | G2: 18450 | H2: gudang utama | I2: 6000
B3: ='03'!B3 -> Thai Tea Chatramue | C3: ='03'!C3 | D3: ='03'!G3 -> 556 | F3: 80 | G3: 476 | H3: bikin thai tea | I3: 50
B4: ='03'!B4 -> Tapioca Pearl | C4: ='03'!C4 | D4: ='03'!G4 -> 1000 | G4: 1000 | I4: 500
B5: ='03'!B5 -> Kopi Robusta Kerinci | C5: ='03'!C5 | D5: ='03'!G5 -> 1000 | F5: 500 | G5: 500 | H5: bikin cold brew | I5: 250
B6: ='03'!B6 -> Fructose Syrup | C6: ='03'!C6 | D6: ='03'!G6 -> 4413 | G6: 2959 | I6: 2500
B7: ='03'!B7 -> Gula Aren Bubuk | C7: ='03'!C7 | D7: ='03'!G7 -> 360 | F7: 60 | G7: 300 | H7: pemanis boba | I7: 200
B8: ='03'!B8 -> Gula Aren Cair | C8: ='03'!C8 | D8: ='03'!G8 -> 717 | G8: 526 | I8: 200
B9: ='03'!B9 -> Carnation | C9: ='03'!C9 | D9: ='03'!G9 -> 2792 | G9: 2148 | I9: =488*2 -> 976
B10: ='03'!B10 -> Hazelnut Syrup | C10: ='03'!C10 -> 102 | D10: ='03'!G10 -> 380 | G10: 357 | I10: 200
B11: ='03'!B11 -> Small Cup - 14 Oz | C11: ='03'!C11 | D11: ='03'!G11 -> 106 | G11: 102 | I11: 150
B12: ='03'!B12 -> Large Cup - 22 Oz | C12: ='03'!C12 | D12: ='03'!G12 -> 408 | G12: 373 | I12: 150
B13: ='03'!B13 -> Sedotan Besar | C13: ='03'!C13 | D13: ='03'!G13 -> 171 | G13: 166 | I13: 100
B14: ='03'!B14 -> Sedotan Kecil | C14: ='03'!C14 | D14: ='03'!G14 -> 171 | G14: 146 | I14: 250
B15: ='03'!B15 -> Cup Sealer | C15: ='03'!C15 | D15: ='03'!G15 -> 1 | G15: 1 | I15: 1
B16: ='03'!B16 -> Air Mineral SMS | C16: ='03'!C16 | D16: ='03'!G16 -> 1 | G16: 0
B17: ='03'!B17 | C17: ='03'!C17 | D17: ='03'!G17
B18: ='03'!B18 | C18: ='03'!C18 | D18: ='03'!G18
B19: ='03'!B19 | C19: ='03'!C19 | D19: ='03'!G19
B20: ='03'!B20 | C20: ='03'!C20 | D20: ='03'!G20
B21: ='03'!B21 | C21: ='03'!C21 | D21: ='03'!G21
B22: ='03'!B22 | C22: ='03'!C22 | D22: ='03'!G22
A23: Powder | B23: ='03'!B23 -> Bubble Gum Powder | C23: ='03'!C23 | D23: ='03'!G23 -> 844 | G23: 844 | I23: 200
B24: ='03'!B24 -> Cotton Candy Powder | C24: ='03'!C24 | D24: ='03'!G24 -> 117 | G24: 117 | I24: 200
B25: ='03'!B25 -> Cream Cheese Powder | C25: ='03'!C25 | D25: ='03'!G25 -> 0 | G25: 0 | I25: 250
B26: ='03'!B26 -> Es Permen Karet Powder | C26: ='03'!C26 | D26: ='03'!G26 -> 519 | G26: 437 | I26: 500
B27: ='03'!B27 -> Green Tea Powder | C27: ='03'!C27 | D27: ='03'!G27 -> 843 | G27: 754 | I27: 500
B28: ='03'!B28 -> Lemon Tea Powder | C28: ='03'!C28 | D28: ='03'!G28 -> 1214 | G28: 983 | I28: 500
B29: ='03'!B29 -> Lychee Powder | C29: ='03'!C29 | D29: ='03'!G29 -> 1211 | G29: 1166 | I29: 200
B30: ='03'!B30 -> Lychee Tea Powder | C30: ='03'!C30 | D30: ='03'!G30 -> 1283 | G30: 1119 | I30: 500
B31: ='03'!B31 -> Mango Powder | C31: ='03'!C31 | D31: ='03'!G31 -> 791 | G31: 764 | I31: 200
B32: ='03'!B32 -> Milo Powder | C32: ='03'!C32 | D32: ='03'!G32 -> 1166 | G32: 1166 | I32: 200
B33: ='03'!B33 -> NDC Creamer Powder | C33: ='03'!C33 | D33: ='03'!G33 -> 501 | E33: 1000 | F33: 300 | G33: 1201 | H33: gudang utama&bikin creamer | I33: 250
B34: ='03'!B34 -> Ovaltine Powder | C34: ='03'!C34 | D34: ='03'!G34 -> 695 | G34: 667 | I34: 200
B35: ='03'!B35 -> Red Velvet Powder | C35: ='03'!C35 | D35: ='03'!G35 -> 287 | G35: 253 | I35: 200
B36: ='03'!B36 -> Royal Chocolate Powder | C36: ='03'!C36 | D36: ='03'!G36 -> 1089 | G36: 931 | I36: 500
B37: ='03'!B37 -> Teh Kayu Aro Powder | C37: ='03'!C37 | D37: ='03'!G37 -> 355 | G37: 355 | I37: 50
B38: ='03'!B38 -> Taro Powder | C38: ='03'!C38 | D38: ='03'!G38 -> 1496 | G38: 1445 | I38: 200
B39: ='03'!B39 -> Vanilla Powder | C39: ='03'!C39 | D39: ='03'!G39 -> 959 | G39: 959 | I39: 200
B40: ='03'!B40 | C40: ='03'!C40 | D40: ='03'!G40
B41: ='03'!B41 | C41: ='03'!C41 | D41: ='03'!G41
B42: ='03'!B42 | C42: ='03'!C42 | D42: ='03'!G42
A43: Bahan Setengah Jadi | B43: ='03'!B43 -> Cold Brew | C43: ='03'!C43 | D43: ='03'!G43 -> 468 | G43: 187 | I43: -
B44: ='03'!B44 -> Biang Black Tea Kayu Aro | C44: ='03'!C44 | D44: ='03'!G44 -> 400 | G44: 389 | I44: -
B45: ='03'!B45 -> Biang Thai Tea | C45: ='03'!C45 | D45: ='03'!G45 -> 1281 | E45: 3373 | G45: 2977 | H45: thai tea jadi | I45: -
B46: ='03'!B46 -> Cream Cheese | C46: ='03'!C46 | D46: ='03'!G46 -> 0 | G46: 0 | I46: -
B47: ='03'!B47 -> Boba | C47: ='03'!C47 | D47: ='03'!G47 -> 902 | G47: 532 | I47: -
B48: ='03'!B48 -> Creamer Cair | C48: ='03'!C48 | D48: ='03'!G48 -> 174 | E48: 586 | G48: 286 | H48: creamer jadi
B49: ='03'!B49 | C49: ='03'!C49 | D49: ='03'!G49
B50: ='03'!B50 | C50: ='03'!C50 | D50: ='03'!G50
B51: ='03'!B51 | C51: ='03'!C51 | D51: ='03'!G51
B52: ='03'!B52 | C52: ='03'!C52 | D52: ='03'!G52
A53: Topping | B53: ='03'!B53 -> Coffee Jelly | C53: ='03'!C53 | D53: ='03'!G53 -> 0 | G53: 0
B54: ='03'!B54 -> Lotus Crumb | C54: ='03'!C54 | D54: ='03'!G54 -> 0 | G54: 0
B55: ='03'!B55 -> Oreo Crumbs | C55: ='03'!C55 | D55: ='03'!G55 -> 14126 | G55: 13633 | I55: 2000
B56: ='03'!B56 -> Rainbow Jelly | C56: ='03'!C56 | D56: ='03'!G56 -> 0 | G56: 0 | I56: -
B57: ='03'!B57 -> Strawberry jam | C57: ='03'!C57 | D57: ='03'!G57 -> 1844 | G57: 1763 | I57: 500
B58: ='03'!B58 -> Manggo Jam | C58: ='03'!C58 | D58: ='03'!G58 -> 1433 | G58: 1339 | I58: 500
B59: ='03'!B59 -> Chocolate Topping | C59: ='03'!C59 | D59: ='03'!G59 -> 5449 | G59: 5148 | I59: 2000
B60: ='03'!B60 -> Chocolate Sauce | C60: ='03'!C60 | D60: ='03'!G60 | I60: -
B61: ='03'!B61 -> Yakult | C61: ='03'!C61 | D61: ='03'!G61 -> 19 | G61: 17 | I61: -
B62: ='03'!B62 -> kacang morin | C62: ='03'!C62 | D62: ='03'!G62 -> 140 | G62: 127 | I62: 300
B63: ='03'!B63 | C63: ='03'!C63 | D63: ='03'!G63
B64: ='03'!B64 | C64: ='03'!C64 | D64: ='03'!G64
B65: ='03'!B65 | C65: ='03'!C65 | D65: ='03'!G65
A66: Ice Cream | B66: ='03'!B66 -> Soft Mix Vanilla | C66: ='03'!C66 | D66: ='03'!G66 -> 39000 | E66: 50000 | G66: 65000 | H66: gudang utama
B67: ='03'!B67 -> Soft Mix Mocca | C67: ='03'!C67 | D67: ='03'!G67
B68: ='03'!B68 -> Soft Mix Green Tea | C68: ='03'!C68 | D68: ='03'!G68
B69: ='03'!B69 -> Soft Mix Strawberry | C69: ='03'!C69 | D69: ='03'!G69
B70: ='03'!B70 -> Soft Mix Chocolate | C70: ='03'!C70 | D70: ='03'!G70 | I70: 200
B71: ='03'!B71 -> Cup 12 Oz | C71: ='03'!C71 | D71: ='03'!G71 -> 303 | E71: 500 | G71: 651 | H71: gudang utama | I71: 150
B72: ='03'!B72 -> Cone | C72: ='03'!C72 | D72: ='03'!G72 -> 573 | G72: 399 | I72: 300
B73: ='03'!B73 -> Sendok Ice Cream | C73: ='03'!C73 | D73: ='03'!G73 -> 728 | G73: 575 | I73: -
B74: ='03'!B74 -> Paper Cup 4 Oz | C74: ='03'!C74 | D74: ='03'!G74 -> 294 | G74: 294 | I74: -
B75: ='03'!B75 | C75: ='03'!C75 | D75: ='03'!G75 | I75: -
B76: ='03'!B76 | C76: ='03'!C76 | D76: ='03'!G76 | I76: -
B77: ='03'!B77 | C77: ='03'!C77 | D77: ='03'!G77 | I77: -
B78: ='03'!B78 | C78: ='03'!C78 | D78: ='03'!G78
B79: ='03'!B79 | C79: ='03'!C79 | D79: ='03'!G79
B80: ='03'!B80 | C80: ='03'!C80 | D80: ='03'!G80
B81: ='03'!B81 | C81: ='03'!C81 | D81: ='03'!G81
B82: ='03'!B82 | C82: ='03'!C82 | D82: ='03'!G82
B83: ='03'!B83 | C83: ='03'!C83 | D83: ='03'!G83
B84: ='03'!B84 | C84: ='03'!C84 | D84: ='03'!G84
B85: ='03'!B85 | C85: ='03'!C85 | D85: ='03'!G85
B86: ='03'!B86 | C86: ='03'!C86 | D86: ='03'!G86
A87: Bahan Lainnya | B87: ='03'!B87 -> kertas termal | C87: ='03'!C87 | D87: ='03'!G87 -> 11 | G87: 9
B88: ='03'!B88 -> plastik sampah | C88: ='03'!C88 | D88: ='03'!G88 -> 11 | G88: 10
B89: ='03'!B89 -> plastik cup 1 panjang | C89: ='03'!C89 | D89: ='03'!G89 -> 12 | G89: 9
B90: ='03'!B90 -> plastik cup 2 panjang | C90: ='03'!C90 | D90: ='03'!G90 -> 10 | G90: 8
B91: ='03'!B91 -> plastik cup 4 takeaway | C91: ='03'!C91 | D91: ='03'!G91 -> 6 | G91: 6
B92: ='03'!B92 -> sabun ultra | C92: ='03'!C92 | D92: ='03'!G92 -> 1 | G92: 1
B93: ='03'!B93 -> handgloves | C93: ='03'!C93 | D93: ='03'!G93 -> 2 | G93: 2
B94: ='03'!B94 -> tissu jolly | C94: ='03'!C94 | D94: ='03'!G94 -> 9 | G94: 9
B95: ='03'!B95 -> pisau donat | C95: ='03'!C95 | D95: ='03'!G95 -> 90 | G95: 90
B96: ='03'!B96 -> garpu donat | C96: ='03'!C96 | D96: ='03'!G96 -> 94 | G96: 94
B97: ='03'!B97 -> kertas tray donat | C97: ='03'!C97 | D97: ='03'!G97 -> 51 | G97: 51
B98: ='03'!B98 -> donat | C98: ='03'!C98 | D98: ='03'!G98 -> 7 | G98: 7
B99: ='03'!B99 -> batrai timbangan | C99: ='03'!C99 | D99: ='03'!G99 -> 1 | G99: 1
B100: ='03'!B100 -> stella gantung | C100: ='03'!C100 | D100: ='03'!G100 -> 1 | G100: 1
...

Sheet 05
A1: Kategori | B1: Nama Barang | C1: Berat Wadah | D1: Stock Awal | E1: Stok Masuk | F1: Stok Keluar | G1: Sisa Stok | H1: Keterangan | I1: Minimum Stok
A2: Bahan Baku Utama | B2: ='04'!B2 -> Susu UHT | C2: ='04'!C2 -> 50 | D2: ='04'!G2 -> 18450 | G2: 14554 | I2: 6000
B3: ='04'!B3 -> Thai Tea Chatramue | C3: ='04'!C3 | D3: ='04'!G3 -> 476 | G3: 476 | I3: 50
B4: ='04'!B4 -> Tapioca Pearl | C4: ='04'!C4 | D4: ='04'!G4 -> 1000 | F4: 300 | G4: 700 | H4: bikin boba | I4: 500
B5: ='04'!B5 -> Kopi Robusta Kerinci | C5: ='04'!C5 | D5: ='04'!G5 -> 500 | G5: 500 | I5: 250
B6: ='04'!B6 -> Fructose Syrup | C6: ='04'!C6 | D6: ='04'!G6 -> 2959 | G6: 1098 | I6: 2500
B7: ='04'!B7 -> Gula Aren Bubuk | C7: ='04'!C7 | D7: ='04'!G7 -> 300 | F7: 100 | G7: 200 | H7: pemanis boba | I7: 200
B8: ='04'!B8 -> Gula Aren Cair | C8: ='04'!C8 | D8: ='04'!G8 -> 526 | G8: 229 | I8: 200
B9: ='04'!B9 -> Carnation | C9: ='04'!C9 | D9: ='04'!G9 -> 2148 | G9: 1199 | I9: =488*2 -> 976
B10: ='04'!B10 -> Hazelnut Syrup | C10: ='04'!C10 -> 102 | D10: ='04'!G10 -> 357 | E10: 750 | G10: 1063 | H10: gudang utama | I10: 200
B11: ='04'!B11 -> Small Cup - 14 Oz | C11: ='04'!C11 | D11: ='04'!G11 -> 102 | G11: 92 | I11: 150
B12: ='04'!B12 -> Large Cup - 22 Oz | C12: ='04'!C12 | D12: ='04'!G12 -> 373 | G12: 325 | I12: 150
B13: ='04'!B13 -> Sedotan Besar | C13: ='04'!C13 | D13: ='04'!G13 -> 166 | G13: 156 | I13: 100
B14: ='04'!B14 -> Sedotan Kecil | C14: ='04'!C14 | D14: ='04'!G14 -> 146 | G14: 89 | I14: 250
B15: ='04'!B15 -> Cup Sealer | C15: ='04'!C15 | D15: ='04'!G15 -> 1 | G15: 1 | I15: 1
B16: ='04'!B16 -> Air Mineral SMS | C16: ='04'!C16 | D16: ='04'!G16 -> 0 | G16: 0
B17: ='04'!B17 | C17: ='04'!C17 | D17: ='04'!G17
B18: ='04'!B18 | C18: ='04'!C18 | D18: ='04'!G18
B19: ='04'!B19 | C19: ='04'!C19 | D19: ='04'!G19
B20: ='04'!B20 | C20: ='04'!C20 | D20: ='04'!G20
B21: ='04'!B21 | C21: ='04'!C21 | D21: ='04'!G21
B22: ='04'!B22 | C22: ='04'!C22 | D22: ='04'!G22
A23: Powder | B23: ='04'!B23 -> Bubble Gum Powder | C23: ='04'!C23 | D23: ='04'!G23 -> 844 | G23: 776 | I23: 200
B24: ='04'!B24 -> Cotton Candy Powder | C24: ='04'!C24 | D24: ='04'!G24 -> 117 | G24: 117 | I24: 200
B25: ='04'!B25 -> Cream Cheese Powder | C25: ='04'!C25 | D25: ='04'!G25 -> 0 | G25: 0 | I25: 250
B26: ='04'!B26 -> Es Permen Karet Powder | C26: ='04'!C26 | D26: ='04'!G26 -> 437 | G26: 397 | I26: 500
B27: ='04'!B27 -> Green Tea Powder | C27: ='04'!C27 | D27: ='04'!G27 -> 754 | G27: 675 | I27: 500
B28: ='04'!B28 -> Lemon Tea Powder | C28: ='04'!C28 | D28: ='04'!G28 -> 983 | E28: 1000 | G28: 1683 | H28: gudang utama | I28: 500
B29: ='04'!B29 -> Lychee Powder | C29: ='04'!C29 | D29: ='04'!G29 -> 1166 | G29: 1114 | I29: 200
B30: ='04'!B30 -> Lychee Tea Powder | C30: ='04'!C30 | D30: ='04'!G30 -> 1119 | G30: 957 | I30: 500
B31: ='04'!B31 -> Mango Powder | C31: ='04'!C31 | D31: ='04'!G31 -> 764 | G31: 732 | I31: 200
B32: ='04'!B32 -> Milo Powder | C32: ='04'!C32 | D32: ='04'!G32 -> 1166 | G32: 945 | I32: 200
B33: ='04'!B33 -> NDC Creamer Powder | C33: ='04'!C33 | D33: ='04'!G33 -> 1201 | F33: 301 | G33: 900 | H33: bikin creamer | I33: 250
B34: ='04'!B34 -> Ovaltine Powder | C34: ='04'!C34 | D34: ='04'!G34 -> 667 | G34: 667 | I34: 200
B35: ='04'!B35 -> Red Velvet Powder | C35: ='04'!C35 | D35: ='04'!G35 -> 253 | G35: 253 | I35: 200
B36: ='04'!B36 -> Royal Chocolate Powder | C36: ='04'!C36 | D36: ='04'!G36 -> 931 | G36: 788 | I36: 500
B37: ='04'!B37 -> Teh Kayu Aro Powder | C37: ='04'!C37 | D37: ='04'!G37 -> 355 | G37: 355 | I37: 50
B38: ='04'!B38 -> Taro Powder | C38: ='04'!C38 | D38: ='04'!G38 -> 1445 | G38: 1365 | I38: 200
B39: ='04'!B39 -> Vanilla Powder | C39: ='04'!C39 | D39: ='04'!G39 -> 959 | G39: 931 | I39: 200
B40: ='04'!B40 | C40: ='04'!C40 | D40: ='04'!G40
B41: ='04'!B41 | C41: ='04'!C41 | D41: ='04'!G41
B42: ='04'!B42 | C42: ='04'!C42 | D42: ='04'!G42
A43: Bahan Setengah Jadi | B43: ='04'!B43 -> Cold Brew | C43: ='04'!C43 | D43: ='04'!G43 -> 187 | E43: 1423 | G43: 1037 | H43: cold brew jadi | I43: -
B44: ='04'!B44 -> Biang Black Tea Kayu Aro | C44: ='04'!C44 | D44: ='04'!G44 -> 389 | G44: 79 | I44: -
B45: ='04'!B45 -> Biang Thai Tea | C45: ='04'!C45 | D45: ='04'!G45 -> 2977 | G45: 1303 | I45: -
B46: ='04'!B46 -> Cream Cheese | C46: ='04'!C46 | D46: ='04'!G46 -> 0 | G46: 0 | I46: -
B47: ='04'!B47 -> Boba | C47: ='04'!C47 | D47: ='04'!G47 -> 532 | E47: 639 | G47: 509 | H47: boba jadi | I47: -
B48: ='04'!B48 -> Creamer Cair | C48: ='04'!C48 | D48: ='04'!G48 -> 286 | E48: 589 | G48: 272 | H48: cremer jadi
B49: ='04'!B49 | C49: ='04'!C49 | D49: ='04'!G49
B50: ='04'!B50 | C50: ='04'!C50 | D50: ='04'!G50
B51: ='04'!B51 | C51: ='04'!C51 | D51: ='04'!G51
B52: ='04'!B52 | C52: ='04'!C52 | D52: ='04'!G52
A53: Topping | B53: ='04'!B53 -> Coffee Jelly | C53: ='04'!C53 | D53: ='04'!G53 -> 0 | G53: 0
B54: ='04'!B54 -> Lotus Crumb | C54: ='04'!C54 | D54: ='04'!G54 -> 0 | G54: 0
B55: ='04'!B55 -> Oreo Crumbs | C55: ='04'!C55 | D55: ='04'!G55 -> 13633 | G55: 12592 | I55: 2000
B56: ='04'!B56 -> Rainbow Jelly | C56: ='04'!C56 | D56: ='04'!G56 -> 0 | G56: 0 | I56: -
B57: ='04'!B57 -> Strawberry jam | C57: ='04'!C57 | D57: ='04'!G57 -> 1763 | G57: 1564 | I57: 500
B58: ='04'!B58 -> Manggo Jam | C58: ='04'!C58 | D58: ='04'!G58 -> 1339 | G58: 1064 | I58: 500
B59: ='04'!B59 -> Chocolate Topping | C59: ='04'!C59 | D59: ='04'!G59 -> 5148 | G59: 4303 | I59: 2000
B60: ='04'!B60 -> Chocolate Sauce | C60: ='04'!C60 | D60: ='04'!G60 | I60: -
B61: ='04'!B61 -> Yakult | C61: ='04'!C61 | D61: ='04'!G61 -> 17 | G61: 14 | I61: -
B62: ='04'!B62 -> kacang morin | C62: ='04'!C62 | D62: ='04'!G62 -> 127 | I62: 300
B63: ='04'!B63 | C63: ='04'!C63 | D63: ='04'!G63
B64: ='04'!B64 | C64: ='04'!C64 | D64: ='04'!G64
B65: ='04'!B65 | C65: ='04'!C65 | D65: ='04'!G65
A66: Ice Cream | B66: ='04'!B66 -> Soft Mix Vanilla | C66: ='04'!C66 | D66: ='04'!G66 -> 65000 | E66: 30000 | G66: 63000 | H66: gudang utama
B67: ='04'!B67 -> Soft Mix Mocca | C67: ='04'!C67 | D67: ='04'!G67
B68: ='04'!B68 -> Soft Mix Green Tea | C68: ='04'!C68 | D68: ='04'!G68
B69: ='04'!B69 -> Soft Mix Strawberry | C69: ='04'!C69 | D69: ='04'!G69
B70: ='04'!B70 -> Soft Mix Chocolate | C70: ='04'!C70 | D70: ='04'!G70 | I70: 200
B71: ='04'!B71 -> Cup 12 Oz | C71: ='04'!C71 | D71: ='04'!G71 -> 651 | G71: 478 | I71: 150
B72: ='04'!B72 -> Cone | C72: ='04'!C72 | D72: ='04'!G72 -> 399 | E72: 300 | G72: 540 | H72: gudang utama | I72: 300
B73: ='04'!B73 -> Sendok Ice Cream | C73: ='04'!C73 | D73: ='04'!G73 -> 575 | G73: 400 | I73: -
B74: ='04'!B74 -> Paper Cup 4 Oz | C74: ='04'!C74 | D74: ='04'!G74 -> 294 | G74: 294 | I74: -
B75: ='04'!B75 | C75: ='04'!C75 | D75: ='04'!G75 | I75: -
B76: ='04'!B76 | C76: ='04'!C76 | D76: ='04'!G76 | I76: -
B77: ='04'!B77 | C77: ='04'!C77 | D77: ='04'!G77 | I77: -
B78: ='04'!B78 | C78: ='04'!C78 | D78: ='04'!G78
B79: ='04'!B79 | C79: ='04'!C79 | D79: ='04'!G79
B80: ='04'!B80 | C80: ='04'!C80 | D80: ='04'!G80
B81: ='04'!B81 | C81: ='04'!C81 | D81: ='04'!G81
B82: ='04'!B82 | C82: ='04'!C82 | D82: ='04'!G82
B83: ='04'!B83 | C83: ='04'!C83 | D83: ='04'!G83
B84: ='04'!B84 | C84: ='04'!C84 | D84: ='04'!G84
B85: ='04'!B85 | C85: ='04'!C85 | D85: ='04'!G85
B86: ='04'!B86 | C86: ='04'!C86 | D86: ='04'!G86
A87: Bahan Lainnya | B87: ='04'!B87 -> kertas termal | C87: ='04'!C87 | D87: ='04'!G87 -> 9 | G87: 8
B88: ='04'!B88 -> plastik sampah | C88: ='04'!C88 | D88: ='04'!G88 -> 10 | G88: 10
B89: ='04'!B89 -> plastik cup 1 panjang | C89: ='04'!C89 | D89: ='04'!G89 -> 9 | G89: 9
B90: ='04'!B90 -> plastik cup 2 panjang | C90: ='04'!C90 | D90: ='04'!G90 -> 8 | G90: 8
B91: ='04'!B91 -> plastik cup 4 takeaway | C91: ='04'!C91 | D91: ='04'!G91 -> 6 | G91: 6
B92: ='04'!B92 -> sabun ultra | C92: ='04'!C92 | D92: ='04'!G92 -> 1 | G92: 1
B93: ='04'!B93 -> handgloves | C93: ='04'!C93 | D93: ='04'!G93 -> 2 | G93: 2
B94: ='04'!B94 -> tissu jolly | C94: ='04'!C94 | D94: ='04'!G94 -> 9 | G94: 9
B95: ='04'!B95 -> pisau donat | C95: ='04'!C95 | D95: ='04'!G95 -> 90 | G95: 84
B96: ='04'!B96 -> garpu donat | C96: ='04'!C96 | D96: ='04'!G96 -> 94 | G96: 93
B97: ='04'!B97 -> kertas tray donat | C97: ='04'!C97 | D97: ='04'!G97 -> 51 | G97: 45
B98: ='04'!B98 -> donat | C98: ='04'!C98 | D98: ='04'!G98 -> 7 | G98: 3
B99: ='04'!B99 -> batrai timbangan | C99: ='04'!C99 | D99: ='04'!G99 -> 1 | G99: 1
B100: ='04'!B100 -> stella gantung | C100: ='04'!C100 | D100: ='04'!G100 -> 1 | G100: 1
...

Sheet 06
A1: Kategori | B1: Nama Barang | C1: Berat Wadah | D1: Stock Awal | E1: Stok Masuk | F1: Stok Keluar | G1: Sisa Stok | H1: Keterangan | I1: Minimum Stok
A2: Bahan Baku Utama | B2: ='05'!B2 -> Susu UHT | C2: ='05'!C2 -> 50 | D2: ='05'!G2 -> 14554 | G2: 14527 | I2: 6000
B3: ='05'!B3 -> Thai Tea Chatramue | C3: ='05'!C3 | D3: ='05'!G3 -> 476 | F3: 40 | G3: 436 | H3: bikin thaitea | I3: 50
B4: ='05'!B4 -> Tapioca Pearl | C4: ='05'!C4 | D4: ='05'!G4 -> 700 | G4: 700 | I4: 500
B5: ='05'!B5 -> Kopi Robusta Kerinci | C5: ='05'!C5 | D5: ='05'!G5 -> 500 | G5: 500 | I5: 250
B6: ='05'!B6 -> Fructose Syrup | C6: ='05'!C6 | D6: ='05'!G6 -> 1098 | E6: 5000 | G6: 5629 | H6: gudang utama | I6: 2500
B7: ='05'!B7 -> Gula Aren Bubuk | C7: ='05'!C7 | D7: ='05'!G7 -> 200 | G7: 200 | I7: 200
B8: ='05'!B8 -> Gula Aren Cair | C8: ='05'!C8 | D8: ='05'!G8 -> 229 | G8: 191 | I8: 200
B9: ='05'!B9 -> Carnation | C9: ='05'!C9 | D9: ='05'!G9 -> 1199 | E9: 2440 | G9: 3463 | H9: gudang utama | I9: =488*2 -> 976
B10: ='05'!B10 -> Hazelnut Syrup | C10: ='05'!C10 -> 102 | D10: ='05'!G10 -> 1063 | G10: 1029 | I10: 200
B11: ='05'!B11 -> Small Cup - 14 Oz | C11: ='05'!C11 | D11: ='05'!G11 -> 92 | G11: 92 | I11: 150
B12: ='05'!B12 -> Large Cup - 22 Oz | C12: ='05'!C12 | D12: ='05'!G12 -> 325 | G12: 314 | I12: 150
B13: ='05'!B13 -> Sedotan Besar | C13: ='05'!C13 | D13: ='05'!G13 -> 156 | G13: 150 | I13: 100
B14: ='05'!B14 -> Sedotan Kecil | C14: ='05'!C14 | D14: ='05'!G14 -> 89 | E14: 500 | G14: 584 | H14: gudang utama | I14: 250
B15: ='05'!B15 -> Cup Sealer | C15: ='05'!C15 | D15: ='05'!G15 -> 1 | G15: 1 | I15: 1
B16: ='05'!B16 -> Air Mineral SMS | C16: ='05'!C16 | D16: ='05'!G16 -> 0 | G16: 0
B17: ='05'!B17 | C17: ='05'!C17 | D17: ='05'!G17
B18: ='05'!B18 | C18: ='05'!C18 | D18: ='05'!G18
B19: ='05'!B19 | C19: ='05'!C19 | D19: ='05'!G19
B20: ='05'!B20 | C20: ='05'!C20 | D20: ='05'!G20
B21: ='05'!B21 | C21: ='05'!C21 | D21: ='05'!G21
B22: ='05'!B22 | C22: ='05'!C22 | D22: ='05'!G22
A23: Powder | B23: ='05'!B23 -> Bubble Gum Powder | C23: ='05'!C23 | D23: ='05'!G23 -> 776 | G23: 776 | I23: 200
B24: ='05'!B24 -> Cotton Candy Powder | C24: ='05'!C24 | D24: ='05'!G24 -> 117 | G24: 117 | I24: 200
B25: ='05'!B25 -> Cream Cheese Powder | C25: ='05'!C25 | D25: ='05'!G25 -> 0 | G25: 0 | I25: 250
B26: ='05'!B26 -> Es Permen Karet Powder | C26: ='05'!C26 | D26: ='05'!G26 -> 397 | G26: 365 | I26: 500
B27: ='05'!B27 -> Green Tea Powder | C27: ='05'!C27 | D27: ='05'!G27 -> 675 | G27: 620 | I27: 500
B28: ='05'!B28 -> Lemon Tea Powder | C28: ='05'!C28 | D28: ='05'!G28 -> 1683 | G28: 1683 | I28: 500
B29: ='05'!B29 -> Lychee Powder | C29: ='05'!C29 | D29: ='05'!G29 -> 1114 | G29: 1114 | I29: 200
B30: ='05'!B30 -> Lychee Tea Powder | C30: ='05'!C30 | D30: ='05'!G30 -> 957 | E30: 1000 | G30: 1957 | H30: gudang utama | I30: 500
B31: ='05'!B31 -> Mango Powder | C31: ='05'!C31 | D31: ='05'!G31 -> 732 | G31: 732 | I31: 200
B32: ='05'!B32 -> Milo Powder | C32: ='05'!C32 | D32: ='05'!G32 -> 945 | G32: 945 | I32: 200
B33: ='05'!B33 -> NDC Creamer Powder | C33: ='05'!C33 | D33: ='05'!G33 -> 900 | G33: 900 | I33: 250
B34: ='05'!B34 -> Ovaltine Powder | C34: ='05'!C34 | D34: ='05'!G34 -> 667 | G34: 667 | I34: 200
B35: ='05'!B35 -> Red Velvet Powder | C35: ='05'!C35 | D35: ='05'!G35 -> 253 | G35: 235 | I35: 200
B36: ='05'!B36 -> Royal Chocolate Powder | C36: ='05'!C36 | D36: ='05'!G36 -> 788 | G36: 724 | I36: 500
B37: ='05'!B37 -> Teh Kayu Aro Powder | C37: ='05'!C37 | D37: ='05'!G37 -> 355 | F37: 50 | G37: 305 | H37: bikin black tea | I37: 50
B38: ='05'!B38 -> Taro Powder | C38: ='05'!C38 | D38: ='05'!G38 -> 1365 | G38: 1365 | I38: 200
B39: ='05'!B39 -> Vanilla Powder | C39: ='05'!C39 | D39: ='05'!G39 -> 931 | G39: 931 | I39: 200
B40: ='05'!B40 | C40: ='05'!C40 | D40: ='05'!G40
B41: ='05'!B41 | C41: ='05'!C41 | D41: ='05'!G41
B42: ='05'!B42 | C42: ='05'!C42 | D42: ='05'!G42
A43: Bahan Setengah Jadi | B43: ='05'!B43 -> Cold Brew | C43: ='05'!C43 | D43: ='05'!G43 -> 1037 | G43: 1037 | I43: -
B44: ='05'!B44 -> Biang Black Tea Kayu Aro | C44: ='05'!C44 | D44: ='05'!G44 -> 79 | E44: 773 | G44: 718 | H44: black tea jadi | I44: -
B45: ='05'!B45 -> Biang Thai Tea | C45: ='05'!C45 | D45: ='05'!G45 -> 1303 | E45: 1774 | G45: 2740 | H45: thaitea jadi | I45: -
B46: ='05'!B46 -> Cream Cheese | C46: ='05'!C46 | D46: ='05'!G46 -> 0 | G46: 0 | I46: -
B47: ='05'!B47 -> Boba | C47: ='05'!C47 | D47: ='05'!G47 -> 509 | F47: 351 | G47: 0 | H47: basi | I47: -
B48: ='05'!B48 -> Creamer Cair | C48: ='05'!C48 | D48: ='05'!G48 -> 272 | G48: 136
B49: ='05'!B49 | C49: ='05'!C49 | D49: ='05'!G49
B50: ='05'!B50 | C50: ='05'!C50 | D50: ='05'!G50
B51: ='05'!B51 | C51: ='05'!C51 | D51: ='05'!G51
B52: ='05'!B52 | C52: ='05'!C52 | D52: ='05'!G52
A53: Topping | B53: ='05'!B53 -> Coffee Jelly | C53: ='05'!C53 | D53: ='05'!G53 -> 0 | G53: 0
B54: ='05'!B54 -> Lotus Crumb | C54: ='05'!C54 | D54: ='05'!G54 -> 0 | G54: 0
B55: ='05'!B55 -> Oreo Crumbs | C55: ='05'!C55 | D55: ='05'!G55 -> 12592 | G55: 12388 | I55: 2000
B56: ='05'!B56 -> Rainbow Jelly | C56: ='05'!C56 | D56: ='05'!G56 -> 0 | G56: 0 | I56: -
B57: ='05'!B57 -> Strawberry jam | C57: ='05'!C57 | D57: ='05'!G57 -> 1564 | G57: 1564 | I57: 500
B58: ='05'!B58 -> Manggo Jam | C58: ='05'!C58 | D58: ='05'!G58 -> 1064 | E58: 23000 | G58: 3214 | H58: gudang utama | I58: 500
B59: ='05'!B59 -> Chocolate Topping | C59: ='05'!C59 | D59: ='05'!G59 -> 4303 | G59: 4197 | I59: 2000
B60: ='05'!B60 -> Chocolate Sauce | C60: ='05'!C60 | D60: ='05'!G60 | I60: -
B61: ='05'!B61 -> Yakult | C61: ='05'!C61 | D61: ='05'!G61 -> 14 | G61: 14 | I61: -
B62: ='05'!B62 -> kacang morin | C62: ='05'!C62 | D62: ='05'!G62 | G62: 68 | I62: 300
B63: ='05'!B63 | C63: ='05'!C63 | D63: ='05'!G63
B64: ='05'!B64 | C64: ='05'!C64 | D64: ='05'!G64
B65: ='05'!B65 | C65: ='05'!C65 | D65: ='05'!G65
A66: Ice Cream | B66: ='05'!B66 -> Soft Mix Vanilla | C66: ='05'!C66 | D66: ='05'!G66 -> 63000 | E66: 20000 | G66: 77000 | H66: gudang utama
B67: ='05'!B67 -> Soft Mix Mocca | C67: ='05'!C67 | D67: ='05'!G67
B68: ='05'!B68 -> Soft Mix Green Tea | C68: ='05'!C68 | D68: ='05'!G68
B69: ='05'!B69 -> Soft Mix Strawberry | C69: ='05'!C69 | D69: ='05'!G69
B70: ='05'!B70 -> Soft Mix Chocolate | C70: ='05'!C70 | D70: ='05'!G70 | I70: 200
B71: ='05'!B71 -> Cup 12 Oz | C71: ='05'!C71 | D71: ='05'!G71 -> 478 | G71: 441 | I71: 150
B72: ='05'!B72 -> Cone | C72: ='05'!C72 | D72: ='05'!G72 -> 540 | E72: 300 | G72: 805 | H72: gudang utama | I72: 300
B73: ='05'!B73 -> Sendok Ice Cream | C73: ='05'!C73 | D73: ='05'!G73 -> 400 | G73: 363 | I73: -
B74: ='05'!B74 -> Paper Cup 4 Oz | C74: ='05'!C74 | D74: ='05'!G74 -> 294 | G74: 294 | I74: -
B75: ='05'!B75 | C75: ='05'!C75 | D75: ='05'!G75 | I75: -
B76: ='05'!B76 | C76: ='05'!C76 | D76: ='05'!G76 | I76: -
B77: ='05'!B77 | C77: ='05'!C77 | D77: ='05'!G77 | I77: -
B78: ='05'!B78 | C78: ='05'!C78 | D78: ='05'!G78
B79: ='05'!B79 | C79: ='05'!C79 | D79: ='05'!G79
B80: ='05'!B80 | C80: ='05'!C80 | D80: ='05'!G80
B81: ='05'!B81 | C81: ='05'!C81 | D81: ='05'!G81
B82: ='05'!B82 | C82: ='05'!C82 | D82: ='05'!G82
B83: ='05'!B83 | C83: ='05'!C83 | D83: ='05'!G83
B84: ='05'!B84 | C84: ='05'!C84 | D84: ='05'!G84
B85: ='05'!B85 | C85: ='05'!C85 | D85: ='05'!G85
B86: ='05'!B86 | C86: ='05'!C86 | D86: ='05'!G86
A87: Bahan Lainnya | B87: ='05'!B87 -> kertas termal | C87: ='05'!C87 | D87: ='05'!G87 -> 8 | G87: 8
B88: ='05'!B88 -> plastik sampah | C88: ='05'!C88 | D88: ='05'!G88 -> 10 | G88: 8
B89: ='05'!B89 -> plastik cup 1 panjang | C89: ='05'!C89 | D89: ='05'!G89 -> 9 | G89: 9
B90: ='05'!B90 -> plastik cup 2 panjang | C90: ='05'!C90 | D90: ='05'!G90 -> 8 | G90: 8
B91: ='05'!B91 -> plastik cup 4 takeaway | C91: ='05'!C91 | D91: ='05'!G91 -> 6 | G91: 6
B92: ='05'!B92 -> sabun ultra | C92: ='05'!C92 | D92: ='05'!G92 -> 1 | G92: 1
B93: ='05'!B93 -> handgloves | C93: ='05'!C93 | D93: ='05'!G93 -> 2 | G93: 2
B94: ='05'!B94 -> tissu jolly | C94: ='05'!C94 | D94: ='05'!G94 -> 9 | G94: 9
B95: ='05'!B95 -> pisau donat | C95: ='05'!C95 | D95: ='05'!G95 -> 84 | G95: 84
B96: ='05'!B96 -> garpu donat | C96: ='05'!C96 | D96: ='05'!G96 -> 93 | G96: 93
B97: ='05'!B97 -> kertas tray donat | C97: ='05'!C97 | D97: ='05'!G97 -> 45 | G97: 45
B98: ='05'!B98 -> donat | C98: ='05'!C98 | D98: ='05'!G98 -> 3 | G98: 3
B99: ='05'!B99 -> batrai timbangan | C99: ='05'!C99 | D99: ='05'!G99 -> 1 | G99: 1
B100: ='05'!B100 -> stella gantung | C100: ='05'!C100 | D100: ='05'!G100 -> 1 | G100: 1
...

Sheet 07
A1: Kategori | B1: Nama Barang | C1: Berat Wadah | D1: Stock Awal | E1: Stok Masuk | F1: Stok Keluar | G1: Sisa Stok | H1: Keterangan | I1: Minimum Stok
A2: Bahan Baku Utama | B2: ='06'!B2 -> Susu UHT | C2: ='06'!C2 -> 50 | D2: ='06'!G2 -> 14527 | G2: 11750 | I2: 6000
B3: ='06'!B3 -> Thai Tea Chatramue | C3: ='06'!C3 | D3: ='06'!G3 -> 436 | G3: 436 | I3: 50
B4: ='06'!B4 -> Tapioca Pearl | C4: ='06'!C4 | D4: ='06'!G4 -> 700 | F4: 200 | G4: 500 | H4: bikin boba | I4: 500
B5: ='06'!B5 -> Kopi Robusta Kerinci | C5: ='06'!C5 | D5: ='06'!G5 -> 500 | G5: 500 | I5: 250
B6: ='06'!B6 -> Fructose Syrup | C6: ='06'!C6 | D6: ='06'!G6 -> 5629 | G6: 4878 | I6: 2500
B7: ='06'!B7 -> Gula Aren Bubuk | C7: ='06'!C7 | D7: ='06'!G7 -> 200 | F7: 42 | G7: 158 | H7: pemanis boba | I7: 200
B8: ='06'!B8 -> Gula Aren Cair | C8: ='06'!C8 | D8: ='06'!G8 -> 191 | G8: 186 | I8: 200
B9: ='06'!B9 -> Carnation | C9: ='06'!C9 | D9: ='06'!G9 -> 3463 | G9: 2797 | I9: =488*2 -> 976
B10: ='06'!B10 -> Hazelnut Syrup | C10: ='06'!C10 -> 102 | D10: ='06'!G10 -> 1029 | G10: 1015 | I10: 200
B11: ='06'!B11 -> Small Cup - 14 Oz | C11: ='06'!C11 | D11: ='06'!G11 -> 92 | G11: 90 | I11: 150
B12: ='06'!B12 -> Large Cup - 22 Oz | C12: ='06'!C12 | D12: ='06'!G12 -> 314 | G12: 293 | I12: 150
B13: ='06'!B13 -> Sedotan Besar | C13: ='06'!C13 | D13: ='06'!G13 -> 150 | G13: 146 | I13: 100
B14: ='06'!B14 -> Sedotan Kecil | C14: ='06'!C14 | D14: ='06'!G14 -> 584 | G14: 565 | I14: 250
B15: ='06'!B15 -> Cup Sealer | C15: ='06'!C15 | D15: ='06'!G15 -> 1 | G15: 1 | I15: 1
B16: ='06'!B16 -> Air Mineral SMS | C16: ='06'!C16 | D16: ='06'!G16 -> 0 | G16: 3
B17: ='06'!B17 | C17: ='06'!C17 | D17: ='06'!G17
B18: ='06'!B18 | C18: ='06'!C18 | D18: ='06'!G18
B19: ='06'!B19 | C19: ='06'!C19 | D19: ='06'!G19
B20: ='06'!B20 | C20: ='06'!C20 | D20: ='06'!G20
B21: ='06'!B21 | C21: ='06'!C21 | D21: ='06'!G21
B22: ='06'!B22 | C22: ='06'!C22 | D22: ='06'!G22
A23: Powder | B23: ='06'!B23 -> Bubble Gum Powder | C23: ='06'!C23 | D23: ='06'!G23 -> 776 | G23: 776 | I23: 200
B24: ='06'!B24 -> Cotton Candy Powder | C24: ='06'!C24 | D24: ='06'!G24 -> 117 | G24: 117 | I24: 200
B25: ='06'!B25 -> Cream Cheese Powder | C25: ='06'!C25 | D25: ='06'!G25 -> 0 | G25: 0 | I25: 250
B26: ='06'!B26 -> Es Permen Karet Powder | C26: ='06'!C26 | D26: ='06'!G26 -> 365 | G26: 286 | I26: 500
B27: ='06'!B27 -> Green Tea Powder | C27: ='06'!C27 | D27: ='06'!G27 -> 620 | G27: 539 | I27: 500
B28: ='06'!B28 -> Lemon Tea Powder | C28: ='06'!C28 | D28: ='06'!G28 -> 1683 | G28: 1587 | I28: 500
B29: ='06'!B29 -> Lychee Powder | C29: ='06'!C29 | D29: ='06'!G29 -> 1114 | G29: 1089 | I29: 200
B30: ='06'!B30 -> Lychee Tea Powder | C30: ='06'!C30 | D30: ='06'!G30 -> 1957 | G30: 1859 | I30: 500
B31: ='06'!B31 -> Mango Powder | C31: ='06'!C31 | D31: ='06'!G31 -> 732 | G31: 714 | I31: 200
B32: ='06'!B32 -> Milo Powder | C32: ='06'!C32 | D32: ='06'!G32 -> 945 | G32: 814 | I32: 200
B33: ='06'!B33 -> NDC Creamer Powder | C33: ='06'!C33 | D33: ='06'!G33 -> 900 | F33: 300 | G33: 600 | H33: bikin creamer | I33: 250
B34: ='06'!B34 -> Ovaltine Powder | C34: ='06'!C34 | D34: ='06'!G34 -> 667 | G34: 584 | I34: 200
B35: ='06'!B35 -> Red Velvet Powder | C35: ='06'!C35 | D35: ='06'!G35 -> 235 | G35: 235 | I35: 200
B36: ='06'!B36 -> Royal Chocolate Powder | C36: ='06'!C36 | D36: ='06'!G36 -> 724 | G36: 610 | I36: 500
B37: ='06'!B37 -> Teh Kayu Aro Powder | C37: ='06'!C37 | D37: ='06'!G37 -> 305 | G37: 305 | I37: 50
B38: ='06'!B38 -> Taro Powder | C38: ='06'!C38 | D38: ='06'!G38 -> 1365 | G38: 1365 | I38: 200
B39: ='06'!B39 -> Vanilla Powder | C39: ='06'!C39 | D39: ='06'!G39 -> 931 | G39: 931 | I39: 200
B40: ='06'!B40 | C40: ='06'!C40 | D40: ='06'!G40
B41: ='06'!B41 | C41: ='06'!C41 | D41: ='06'!G41
B42: ='06'!B42 | C42: ='06'!C42 | D42: ='06'!G42
A43: Bahan Setengah Jadi | B43: ='06'!B43 -> Cold Brew | C43: ='06'!C43 | D43: ='06'!G43 -> 1037 | G43: 1037 | I43: -
B44: ='06'!B44 -> Biang Black Tea Kayu Aro | C44: ='06'!C44 | D44: ='06'!G44 -> 718 | G44: 718 | I44: -
B45: ='06'!B45 -> Biang Thai Tea | C45: ='06'!C45 | D45: ='06'!G45 -> 2740 | G45: 2317 | I45: -
B46: ='06'!B46 -> Cream Cheese | C46: ='06'!C46 | D46: ='06'!G46 -> 0 | G46: 0 | I46: -
B47: ='06'!B47 -> Boba | C47: ='06'!C47 | D47: ='06'!G47 -> 0 | E47: 554 | G47: 201 | H47: boba jadi | I47: -
B48: ='06'!B48 -> Creamer Cair | C48: ='06'!C48 | D48: ='06'!G48 -> 136 | E48: 606 | G48: 595 | H48: creamer jadi
B49: ='06'!B49 | C49: ='06'!C49 | D49: ='06'!G49
B50: ='06'!B50 | C50: ='06'!C50 | D50: ='06'!G50
B51: ='06'!B51 | C51: ='06'!C51 | D51: ='06'!G51
B52: ='06'!B52 | C52: ='06'!C52 | D52: ='06'!G52
A53: Topping | B53: ='06'!B53 -> Coffee Jelly | C53: ='06'!C53 | D53: ='06'!G53 -> 0 | G53: 0
B54: ='06'!B54 -> Lotus Crumb | C54: ='06'!C54 | D54: ='06'!G54 -> 0 | G54: 0
B55: ='06'!B55 -> Oreo Crumbs | C55: ='06'!C55 | D55: ='06'!G55 -> 12388 | G55: 12089 | I55: 2000
B56: ='06'!B56 -> Rainbow Jelly | C56: ='06'!C56 | D56: ='06'!G56 -> 0 | G56: 0 | I56: -
B57: ='06'!B57 -> Strawberry jam | C57: ='06'!C57 | D57: ='06'!G57 -> 1564 | G57: 1554 | I57: 500
B58: ='06'!B58 -> Manggo Jam | C58: ='06'!C58 | D58: ='06'!G58 -> 3214 | G58: 3132 | I58: 500
B59: ='06'!B59 -> Chocolate Topping | C59: ='06'!C59 | D59: ='06'!G59 -> 4197 | G59: 3951 | I59: 2000
B60: ='06'!B60 -> Chocolate Sauce | C60: ='06'!C60 | D60: ='06'!G60 | I60: -
B61: ='06'!B61 -> Yakult | C61: ='06'!C61 | D61: ='06'!G61 -> 14 | G61: 12 | I61: -
B62: ='06'!B62 -> kacang morin | C62: ='06'!C62 | D62: ='06'!G62 -> 68 | G62: 61 | I62: 300
B63: ='06'!B63 | C63: ='06'!C63 | D63: ='06'!G63
B64: ='06'!B64 | C64: ='06'!C64 | D64: ='06'!G64
B65: ='06'!B65 | C65: ='06'!C65 | D65: ='06'!G65
A66: Ice Cream | B66: ='06'!B66 -> Soft Mix Vanilla | C66: ='06'!C66 | D66: ='06'!G66 -> 77000 | G66: 65000
B67: ='06'!B67 -> Soft Mix Mocca | C67: ='06'!C67 | D67: ='06'!G67
B68: ='06'!B68 -> Soft Mix Green Tea | C68: ='06'!C68 | D68: ='06'!G68
B69: ='06'!B69 -> Soft Mix Strawberry | C69: ='06'!C69 | D69: ='06'!G69
B70: ='06'!B70 -> Soft Mix Chocolate | C70: ='06'!C70 | D70: ='06'!G70 | I70: 200
B71: ='06'!B71 -> Cup 12 Oz | C71: ='06'!C71 | D71: ='06'!G71 -> 441 | G71: 377 | I71: 150
B72: ='06'!B72 -> Cone | C72: ='06'!C72 | D72: ='06'!G72 -> 805 | G72: 711 | I72: 300
B73: ='06'!B73 -> Sendok Ice Cream | C73: ='06'!C73 | D73: ='06'!G73 -> 363 | G73: 298 | I73: -
B74: ='06'!B74 -> Paper Cup 4 Oz | C74: ='06'!C74 | D74: ='06'!G74 -> 294 | G74: 294 | I74: -
B75: ='06'!B75 | C75: ='06'!C75 | D75: ='06'!G75 | I75: -
B76: ='06'!B76 | C76: ='06'!C76 | D76: ='06'!G76 | I76: -
B77: ='06'!B77 | C77: ='06'!C77 | D77: ='06'!G77 | I77: -
B78: ='06'!B78 | C78: ='06'!C78 | D78: ='06'!G78
B79: ='06'!B79 | C79: ='06'!C79 | D79: ='06'!G79
B80: ='06'!B80 | C80: ='06'!C80 | D80: ='06'!G80
B81: ='06'!B81 | C81: ='06'!C81 | D81: ='06'!G81
B82: ='06'!B82 | C82: ='06'!C82 | D82: ='06'!G82
B83: ='06'!B83 | C83: ='06'!C83 | D83: ='06'!G83
B84: ='06'!B84 | C84: ='06'!C84 | D84: ='06'!G84
B85: ='06'!B85 | C85: ='06'!C85 | D85: ='06'!G85
B86: ='06'!B86 | C86: ='06'!C86 | D86: ='06'!G86
A87: Bahan Lainnya | B87: ='06'!B87 -> kertas termal | C87: ='06'!C87 | D87: ='06'!G87 -> 8 | G87: 7
B88: ='06'!B88 -> plastik sampah | C88: ='06'!C88 | D88: ='06'!G88 -> 8 | G88: 8
B89: ='06'!B89 -> plastik cup 1 panjang | C89: ='06'!C89 | D89: ='06'!G89 -> 9 | G89: 8
B90: ='06'!B90 -> plastik cup 2 panjang | C90: ='06'!C90 | D90: ='06'!G90 -> 8 | G90: 8
B91: ='06'!B91 -> plastik cup 4 takeaway | C91: ='06'!C91 | D91: ='06'!G91 -> 6 | G91: 6
B92: ='06'!B92 -> sabun ultra | C92: ='06'!C92 | D92: ='06'!G92 -> 1 | G92: 1
B93: ='06'!B93 -> handgloves | C93: ='06'!C93 | D93: ='06'!G93 -> 2 | G93: 2
B94: ='06'!B94 -> tissu jolly | C94: ='06'!C94 | D94: ='06'!G94 -> 9 | G94: 9
B95: ='06'!B95 -> pisau donat | C95: ='06'!C95 | D95: ='06'!G95 -> 84 | G95: 83
B96: ='06'!B96 -> garpu donat | C96: ='06'!C96 | D96: ='06'!G96 -> 93 | G96: 92
B97: ='06'!B97 -> kertas tray donat | C97: ='06'!C97 | D97: ='06'!G97 -> 45 | G97: 44
B98: ='06'!B98 -> donat | C98: ='06'!C98 | D98: ='06'!G98 -> 3 | F98: 3 | G98: 0 | H98: keras
B99: ='06'!B99 -> batrai timbangan | C99: ='06'!C99 | D99: ='06'!G99 -> 1 | G99: 0
B100: ='06'!B100 -> stella gantung | C100: ='06'!C100 | D100: ='06'!G100 -> 1 | G100: 1
...

Sheet 08
A1: Kategori | B1: Nama Barang | C1: Berat Wadah | D1: Stock Awal | E1: Stok Masuk | F1: Stok Keluar | G1: Sisa Stok | H1: Keterangan | I1: Minimum Stok
A2: Bahan Baku Utama | B2: ='07'!B2 -> Susu UHT | C2: ='07'!C2 -> 50 | D2: ='07'!G2 -> 11750 | G2: 8841 | I2: 6000
B3: ='07'!B3 -> Thai Tea Chatramue | C3: ='07'!C3 | D3: ='07'!G3 -> 436 | F3: 40 | G3: 396 | H3: bikin thaitea | I3: 50
B4: ='07'!B4 -> Tapioca Pearl | C4: ='07'!C4 | D4: ='07'!G4 -> 500 | F4: 200 | G4: 300 | H4: bikin boba | I4: 500
B5: ='07'!B5 -> Kopi Robusta Kerinci | C5: ='07'!C5 | D5: ='07'!G5 -> 500 | G5: 500 | I5: 250
B6: ='07'!B6 -> Fructose Syrup | C6: ='07'!C6 | D6: ='07'!G6 -> 4878 | G6: 3370 | I6: 2500
B7: ='07'!B7 -> Gula Aren Bubuk | C7: ='07'!C7 | D7: ='07'!G7 -> 158 | E7: 1000 | F7: 50 | G7: 1108 | H7: pemanis boba & gudang utama | I7: 200
B8: ='07'!B8 -> Gula Aren Cair | C8: ='07'!C8 | D8: ='07'!G8 -> 186 | G8: 113 | I8: 200
B9: ='07'!B9 -> Carnation | C9: ='07'!C9 | D9: ='07'!G9 -> 2797 | G9: 1725 | I9: =488*2 -> 976
B10: ='07'!B10 -> Hazelnut Syrup | C10: ='07'!C10 -> 102 | D10: ='07'!G10 -> 1015 | G10: 1015 | I10: 200
B11: ='07'!B11 -> Small Cup - 14 Oz | C11: ='07'!C11 | D11: ='07'!G11 -> 90 | G11: 85 | I11: 150
B12: ='07'!B12 -> Large Cup - 22 Oz | C12: ='07'!C12 | D12: ='07'!G12 -> 293 | G12: 254 | I12: 150
B13: ='07'!B13 -> Sedotan Besar | C13: ='07'!C13 | D13: ='07'!G13 -> 146 | G13: 139 | I13: 100
B14: ='07'!B14 -> Sedotan Kecil | C14: ='07'!C14 | D14: ='07'!G14 -> 565 | G14: 515 | I14: 250
B15: ='07'!B15 -> Cup Sealer | C15: ='07'!C15 | D15: ='07'!G15 -> 1 | G15: 0 | I15: 1
B16: ='07'!B16 -> Air Mineral SMS | C16: ='07'!C16 | D16: ='07'!G16 -> 3 | G16: 3
B17: ='07'!B17 | C17: ='07'!C17 | D17: ='07'!G17
B18: ='07'!B18 | C18: ='07'!C18 | D18: ='07'!G18
B19: ='07'!B19 | C19: ='07'!C19 | D19: ='07'!G19
B20: ='07'!B20 | C20: ='07'!C20 | D20: ='07'!G20
B21: ='07'!B21 | C21: ='07'!C21 | D21: ='07'!G21
B22: ='07'!B22 | C22: ='07'!C22 | D22: ='07'!G22
A23: Powder | B23: ='07'!B23 -> Bubble Gum Powder | C23: ='07'!C23 | D23: ='07'!G23 -> 776 | G23: 775 | I23: 200
B24: ='07'!B24 -> Cotton Candy Powder | C24: ='07'!C24 | D24: ='07'!G24 -> 117 | G24: 117 | I24: 200
B25: ='07'!B25 -> Cream Cheese Powder | C25: ='07'!C25 | D25: ='07'!G25 -> 0 | G25: 0 | I25: 250
B26: ='07'!B26 -> Es Permen Karet Powder | C26: ='07'!C26 | D26: ='07'!G26 -> 286 | G26: 248 | I26: 500
B27: ='07'!B27 -> Green Tea Powder | C27: ='07'!C27 | D27: ='07'!G27 -> 539 | G27: 469 | I27: 500
B28: ='07'!B28 -> Lemon Tea Powder | C28: ='07'!C28 | D28: ='07'!G28 -> 1587 | G28: 1525 | I28: 500
B29: ='07'!B29 -> Lychee Powder | C29: ='07'!C29 | D29: 1089 | G29: 1089 | I29: 200
B30: ='07'!B30 -> Lychee Tea Powder | C30: ='07'!C30 | D30: ='07'!G30 -> 1859 | G30: 1705 | I30: 500
B31: ='07'!B31 -> Mango Powder | C31: ='07'!C31 | D31: ='07'!G31 -> 714 | G31: 658 | I31: 200
B32: ='07'!B32 -> Milo Powder | C32: ='07'!C32 | D32: ='07'!G32 -> 814 | G32: 623 | I32: 200
B33: ='07'!B33 -> NDC Creamer Powder | C33: ='07'!C33 | D33: ='07'!G33 -> 600 | E33: 1000 | G33: 1600 | H33: gudang utama | I33: 250
B34: ='07'!B34 -> Ovaltine Powder | C34: ='07'!C34 | D34: ='07'!G34 -> 584 | G34: 519 | I34: 200
B35: ='07'!B35 -> Red Velvet Powder | C35: ='07'!C35 | D35: ='07'!G35 -> 235 | G35: 235 | I35: 200
B36: ='07'!B36 -> Royal Chocolate Powder | C36: ='07'!C36 | D36: ='07'!G36 -> 610 | G36: 446 | I36: 500
B37: ='07'!B37 -> Teh Kayu Aro Powder | C37: ='07'!C37 | D37: ='07'!G37 -> 305 | G37: 305 | I37: 50
B38: ='07'!B38 -> Taro Powder | C38: ='07'!C38 | D38: ='07'!G38 -> 1365 | G38: 1365 | I38: 200
B39: ='07'!B39 -> Vanilla Powder | C39: ='07'!C39 | D39: ='07'!G39 -> 931 | G39: 905 | I39: 200
B40: ='07'!B40 | C40: ='07'!C40 | D40: ='07'!G40
B41: ='07'!B41 | C41: ='07'!C41 | D41: ='07'!G41
B42: ='07'!B42 | C42: ='07'!C42 | D42: ='07'!G42
A43: Bahan Setengah Jadi | B43: ='07'!B43 -> Cold Brew | C43: ='07'!C43 | D43: ='07'!G43 -> 1037 | G43: 1037 | I43: -
B44: ='07'!B44 -> Biang Black Tea Kayu Aro | C44: ='07'!C44 | D44: ='07'!G44 -> 718 | G44: 718 | I44: -
B45: ='07'!B45 -> Biang Thai Tea | C45: ='07'!C45 | D45: ='07'!G45 -> 2317 | E45: 1592 | G45: 1138 | H45: thai tea jadi | I45: -
B46: ='07'!B46 -> Cream Cheese | C46: ='07'!C46 | D46: ='07'!G46 -> 0 | G46: 0 | I46: -
B47: ='07'!B47 -> Boba | C47: ='07'!C47 | D47: ='07'!G47 -> 201 | E47: 394 | G47: 336 | H47: boba jadi | I47: -
B48: ='07'!B48 -> Creamer Cair | C48: ='07'!C48 | D48: ='07'!G48 -> 595 | G48: 113
B49: ='07'!B49 | C49: ='07'!C49 | D49: ='07'!G49
B50: ='07'!B50 | C50: ='07'!C50 | D50: ='07'!G50
B51: ='07'!B51 | C51: ='07'!C51 | D51: ='07'!G51
B52: ='07'!B52 | C52: ='07'!C52 | D52: ='07'!G52
A53: Topping | B53: ='07'!B53 -> Coffee Jelly | C53: ='07'!C53 | D53: ='07'!G53 -> 0 | G53: 0
B54: ='07'!B54 -> Lotus Crumb | C54: ='07'!C54 | D54: ='07'!G54 -> 0 | G54: 0
B55: ='07'!B55 -> Oreo Crumbs | C55: ='07'!C55 | D55: ='07'!G55 -> 12089 | G55: 11634 | I55: 2000
B56: ='07'!B56 -> Rainbow Jelly | C56: ='07'!C56 | D56: ='07'!G56 -> 0 | G56: 0 | I56: -
B57: ='07'!B57 -> Strawberry jam | C57: ='07'!C57 | D57: ='07'!G57 -> 1554 | G57: 1377 | I57: 500
B58: ='07'!B58 -> Manggo Jam | C58: ='07'!C58 | D58: ='07'!G58 -> 3132 | G58: 3079 | I58: 500
B59: ='07'!B59 -> Chocolate Topping | C59: ='07'!C59 | D59: ='07'!G59 -> 3951 | G59: 3487 | I59: 2000
B60: ='07'!B60 -> Chocolate Sauce | C60: ='07'!C60 | D60: ='07'!G60 | I60: -
B61: ='07'!B61 -> Yakult | C61: ='07'!C61 | D61: ='07'!G61 -> 12 | G61: 10 | I61: -
B62: ='07'!B62 -> kacang morin | C62: ='07'!C62 | D62: ='07'!G62 -> 61 | G62: 33 | I62: 300
B63: ='07'!B63 | C63: ='07'!C63 | D63: ='07'!G63
B64: ='07'!B64 | C64: ='07'!C64 | D64: ='07'!G64
B65: ='07'!B65 | C65: ='07'!C65 | D65: ='07'!G65
A66: Ice Cream | B66: ='07'!B66 -> Soft Mix Vanilla | C66: ='07'!C66 | D66: ='07'!G66 -> 65000 | G66: 45000
B67: ='07'!B67 -> Soft Mix Mocca | C67: ='07'!C67 | D67: ='07'!G67
B68: ='07'!B68 -> Soft Mix Green Tea | C68: ='07'!C68 | D68: ='07'!G68
B69: ='07'!B69 -> Soft Mix Strawberry | C69: ='07'!C69 | D69: ='07'!G69
B70: ='07'!B70 -> Soft Mix Chocolate | C70: ='07'!C70 | D70: ='07'!G70 | I70: 200
B71: ='07'!B71 -> Cup 12 Oz | C71: ='07'!C71 | D71: ='07'!G71 -> 377 | E71: 500 | G71: 745 | H71: gudang utama | I71: 150
B72: ='07'!B72 -> Cone | C72: ='07'!C72 | D72: ='07'!G72 -> 711 | G72: 593 | I72: 300
B73: ='07'!B73 -> Sendok Ice Cream | C73: ='07'!C73 | D73: ='07'!G73 -> 298 | E73: 500 | G73: 668 | H73: gudang utama | I73: -
B74: ='07'!B74 -> Paper Cup 4 Oz | C74: ='07'!C74 | D74: ='07'!G74 -> 294 | G74: 294 | I74: -
B75: ='07'!B75 | C75: ='07'!C75 | D75: ='07'!G75 | I75: -
B76: ='07'!B76 | C76: ='07'!C76 | D76: ='07'!G76 | I76: -
B77: ='07'!B77 | C77: ='07'!C77 | D77: ='07'!G77 | I77: -
B78: ='07'!B78 | C78: ='07'!C78 | D78: ='07'!G78
B79: ='07'!B79 | C79: ='07'!C79 | D79: ='07'!G79
B80: ='07'!B80 | C80: ='07'!C80 | D80: ='07'!G80
B81: ='07'!B81 | C81: ='07'!C81 | D81: ='07'!G81
B82: ='07'!B82 | C82: ='07'!C82 | D82: ='07'!G82
B83: ='07'!B83 | C83: ='07'!C83 | D83: ='07'!G83
B84: ='07'!B84 | C84: ='07'!C84 | D84: ='07'!G84
B85: ='07'!B85 | C85: ='07'!C85 | D85: ='07'!G85
B86: ='07'!B86 | C86: ='07'!C86 | D86: ='07'!G86
A87: Bahan Lainnya | B87: ='07'!B87 -> kertas termal | C87: ='07'!C87 | D87: ='07'!G87 -> 7 | G87: 6
B88: ='07'!B88 -> plastik sampah | C88: ='07'!C88 | D88: ='07'!G88 -> 8 | G88: 7
B89: ='07'!B89 -> plastik cup 1 panjang | C89: ='07'!C89 | D89: 9 | G89: 9
B90: ='07'!B90 -> plastik cup 2 panjang | C90: ='07'!C90 | D90: ='07'!G90 -> 8 | G90: 6
B91: ='07'!B91 -> plastik cup 4 takeaway | C91: ='07'!C91 | D91: ='07'!G91 -> 6 | G91: 5
B92: ='07'!B92 -> sabun ultra | C92: ='07'!C92 | D92: ='07'!G92 -> 1 | G92: 1
B93: ='07'!B93 -> handgloves | C93: ='07'!C93 | D93: ='07'!G93 -> 2 | G93: 2
B94: ='07'!B94 -> tissu jolly | C94: ='07'!C94 | D94: ='07'!G94 -> 9 | G94: 8
B95: ='07'!B95 -> pisau donat | C95: ='07'!C95 | D95: ='07'!G95 -> 83 | G95: 83
B96: ='07'!B96 -> garpu donat | C96: ='07'!C96 | D96: ='07'!G96 -> 92 | G96: 92
B97: ='07'!B97 -> kertas tray donat | C97: ='07'!C97 | D97: ='07'!G97 -> 44 | G97: 44
B98: ='07'!B98 -> donat | C98: ='07'!C98 | D98: ='07'!G98 -> 0 | E98: 5 | G98: 5 | H98: gudang utama
B99: ='07'!B99 -> batrai timbangan | C99: ='07'!C99 | D99: ='07'!G99 -> 0 | E99: 1 | G99: 0 | H99: gudang utama
B100: ='07'!B100 -> stella gantung | C100: ='07'!C100 | D100: ='07'!G100 -> 1 | G100: 1
...

Sheet 09
A1: Kategori | B1: Nama Barang | C1: Berat Wadah | D1: Stock Awal | E1: Stok Masuk | F1: Stok Keluar | G1: Sisa Stok | H1: Keterangan | I1: Minimum Stok
A2: Bahan Baku Utama | B2: ='08'!B2 -> Susu UHT | C2: ='08'!C2 -> 50 | D2: ='08'!G2 -> 8841 | G2: 7250 | I2: 6000
B3: ='08'!B3 -> Thai Tea Chatramue | C3: ='08'!C3 | D3: ='08'!G3 -> 396 | F3: 40 | G3: 356 | H3: bikin thai tea | I3: 50
B4: ='08'!B4 -> Tapioca Pearl | C4: ='08'!C4 | D4: ='08'!G4 -> 300 | E4: 1000 | F4: 300 | G4: 1000 | H4: bikin boba & gudang utama | I4: 500
B5: ='08'!B5 -> Kopi Robusta Kerinci | C5: ='08'!C5 | D5: ='08'!G5 -> 500 | G5: 500 | I5: 250
B6: ='08'!B6 -> Fructose Syrup | C6: ='08'!C6 | D6: ='08'!G6 -> 3370 | G6: 2395 | I6: 2500
B7: ='08'!B7 -> Gula Aren Bubuk | C7: ='08'!C7 | D7: ='08'!G7 -> 1108 | F7: 60 | G7: 1048 | H7: pemanis boba | I7: 200
B8: ='08'!B8 -> Gula Aren Cair | C8: ='08'!C8 | D8: ='08'!G8 -> 113 | G8: 0 | I8: 200
B9: ='08'!B9 -> Carnation | C9: ='08'!C9 | D9: ='08'!G9 -> 1725 | G9: 1452 | I9: =488*2 -> 976
B10: ='08'!B10 -> Hazelnut Syrup | C10: ='08'!C10 -> 102 | D10: ='08'!G10 -> 1015 | G10: 965 | I10: 200
B11: ='08'!B11 -> Small Cup - 14 Oz | C11: ='08'!C11 | D11: ='08'!G11 -> 85 | G11: 82 | I11: 150
B12: ='08'!B12 -> Large Cup - 22 Oz | C12: ='08'!C12 | D12: ='08'!G12 -> 254 | G12: 231 | I12: 150
B13: ='08'!B13 -> Sedotan Besar | C13: ='08'!C13 | D13: ='08'!G13 -> 139 | G13: 136 | I13: 100
B14: ='08'!B14 -> Sedotan Kecil | C14: ='08'!C14 | D14: ='08'!G14 -> 515 | G14: 492 | I14: 250
B15: ='08'!B15 -> Cup Sealer | C15: ='08'!C15 | D15: ='08'!G15 -> 0 | E15: 1 | G15: 1 | H15: gudang utama | I15: 1
B16: ='08'!B16 -> Air Mineral SMS | C16: ='08'!C16 | D16: ='08'!G16 -> 3 | G16: 2
B17: ='08'!B17 | C17: ='08'!C17 | D17: ='08'!G17
B18: ='08'!B18 | C18: ='08'!C18 | D18: ='08'!G18
B19: ='08'!B19 | C19: ='08'!C19 | D19: ='08'!G19
B20: ='08'!B20 | C20: ='08'!C20 | D20: ='08'!G20
B21: ='08'!B21 | C21: ='08'!C21 | D21: ='08'!G21
B22: ='08'!B22 | C22: ='08'!C22 | D22: ='08'!G22
A23: Powder | B23: ='08'!B23 -> Bubble Gum Powder | C23: ='08'!C23 | D23: ='08'!G23 -> 775 | G23: 749 | I23: 200
B24: ='08'!B24 -> Cotton Candy Powder | C24: ='08'!C24 | D24: ='08'!G24 -> 117 | G24: 117 | I24: 200
B25: ='08'!B25 -> Cream Cheese Powder | C25: ='08'!C25 | D25: ='08'!G25 -> 0 | G25: 0 | I25: 250
B26: ='08'!B26 -> Es Permen Karet Powder | C26: ='08'!C26 | D26: ='08'!G26 -> 248 | E26: 1000 | G26: 1205 | H26: gudang utama | I26: 500
B27: ='08'!B27 -> Green Tea Powder | C27: ='08'!C27 | D27: ='08'!G27 -> 469 | E27: 1000 | G27: 1469 | H27: gudang utama | I27: 500
B28: ='08'!B28 -> Lemon Tea Powder | C28: ='08'!C28 | D28: ='08'!G28 -> 1525 | G28: 1432 | I28: 500
B29: ='08'!B29 -> Lychee Powder | C29: ='08'!C29 | D29: ='08'!G29 -> 1089 | G29: 1062 | I29: 200
B30: ='08'!B30 -> Lychee Tea Powder | C30: ='08'!C30 | D30: ='08'!G30 -> 1705 | G30: 1548 | I30: 500
B31: ='08'!B31 -> Mango Powder | C31: ='08'!C31 | D31: ='08'!G31 -> 658 | G31: 658 | I31: 200
B32: ='08'!B32 -> Milo Powder | C32: ='08'!C32 | D32: ='08'!G32 -> 623 | G32: 588 | I32: 200
B33: ='08'!B33 -> NDC Creamer Powder | C33: ='08'!C33 | D33: ='08'!G33 -> 1600 | F33: 327 | G33: 1273 | H33: bikin cremer | I33: 250
B34: ='08'!B34 -> Ovaltine Powder | C34: ='08'!C34 | D34: ='08'!G34 -> 519 | G34: 519 | I34: 200
B35: ='08'!B35 -> Red Velvet Powder | C35: ='08'!C35 | D35: ='08'!G35 -> 235 | G35: 235 | I35: 200
B36: ='08'!B36 -> Royal Chocolate Powder | C36: ='08'!C36 | D36: ='08'!G36 -> 446 | E36: 1000 | G36: 1269 | H36: gudang utama | I36: 500
B37: ='08'!B37 -> Teh Kayu Aro Powder | C37: ='08'!C37 | D37: ='08'!G37 -> 305 | G37: 305 | I37: 50
B38: ='08'!B38 -> Taro Powder | C38: ='08'!C38 | D38: ='08'!G38 -> 1365 | G38: 1346 | I38: 200
B39: ='08'!B39 -> Vanilla Powder | C39: ='08'!C39 | D39: ='08'!G39 -> 905 | G39: 905 | I39: 200
B40: ='08'!B40 | C40: ='08'!C40 | D40: ='08'!G40
B41: ='08'!B41 | C41: ='08'!C41 | D41: ='08'!G41
B42: ='08'!B42 | C42: ='08'!C42 | D42: ='08'!G42
A43: Bahan Setengah Jadi | B43: ='08'!B43 -> Cold Brew | C43: ='08'!C43 | D43: ='08'!G43 -> 1037 | G43: 822 | I43: -
B44: ='08'!B44 -> Biang Black Tea Kayu Aro | C44: ='08'!C44 | D44: ='08'!G44 -> 718 | G44: 568 | I44: -
B45: ='08'!B45 -> Biang Thai Tea | C45: ='08'!C45 | D45: ='08'!G45 -> 1138 | E45: 1574 | G45: 2252 | H45: thai tea jadi | I45: -
B46: ='08'!B46 -> Cream Cheese | C46: ='08'!C46 | D46: ='08'!G46 -> 0 | G46: 0 | I46: -
B47: ='08'!B47 -> Boba | C47: ='08'!C47 | D47: ='08'!G47 -> 336 | E47: 276 | G47: 624 | H47: boba jadi | I47: -
B48: ='08'!B48 -> Creamer Cair | C48: ='08'!C48 | D48: ='08'!G48 -> 113 | E48: 660 | G48: 560 | H48: cremer jadi
B49: ='08'!B49 | C49: ='08'!C49 | D49: ='08'!G49
B50: ='08'!B50 | C50: ='08'!C50 | D50: ='08'!G50
B51: ='08'!B51 | C51: ='08'!C51 | D51: ='08'!G51
B52: ='08'!B52 | C52: ='08'!C52 | D52: ='08'!G52
A53: Topping | B53: ='08'!B53 -> Coffee Jelly | C53: ='08'!C53 | D53: ='08'!G53 -> 0 | G53: 0
B54: ='08'!B54 -> Lotus Crumb | C54: ='08'!C54 | D54: ='08'!G54 -> 0 | G54: 0
B55: ='08'!B55 -> Oreo Crumbs | C55: ='08'!C55 | D55: ='08'!G55 -> 11634 | G55: 11276 | I55: 2000
B56: ='08'!B56 -> Rainbow Jelly | C56: ='08'!C56 | D56: ='08'!G56 -> 0 | G56: 0 | I56: -
B57: ='08'!B57 -> Strawberry jam | C57: ='08'!C57 | D57: ='08'!G57 -> 1377 | G57: 1165 | I57: 500
B58: ='08'!B58 -> Manggo Jam | C58: ='08'!C58 | D58: ='08'!G58 -> 3079 | G58: 3032 | I58: 500
B59: ='08'!B59 -> Chocolate Topping | C59: ='08'!C59 | D59: ='08'!G59 -> 3487 | G59: 3206 | I59: 2000
B60: ='08'!B60 -> Chocolate Sauce | C60: ='08'!C60 | D60: ='08'!G60 | I60: -
B61: ='08'!B61 -> Yakult | C61: ='08'!C61 | D61: ='08'!G61 -> 10 | G61: 9 | I61: -
B62: ='08'!B62 -> kacang morin | C62: ='08'!C62 | D62: ='08'!G62 -> 33 | G62: 8 | I62: 300
B63: ='08'!B63 | C63: ='08'!C63 | D63: ='08'!G63
B64: ='08'!B64 | C64: ='08'!C64 | D64: ='08'!G64
B65: ='08'!B65 | C65: ='08'!C65 | D65: ='08'!G65
A66: Ice Cream | B66: ='08'!B66 -> Soft Mix Vanilla | C66: ='08'!C66 | D66: ='08'!G66 -> 45000 | E66: 30000 | G66: 56000 | H66: gudang utama
B67: ='08'!B67 -> Soft Mix Mocca | C67: ='08'!C67 | D67: ='08'!G67
B68: ='08'!B68 -> Soft Mix Green Tea | C68: ='08'!C68 | D68: ='08'!G68
B69: ='08'!B69 -> Soft Mix Strawberry | C69: ='08'!C69 | D69: ='08'!G69
B70: ='08'!B70 -> Soft Mix Chocolate | C70: ='08'!C70 | D70: ='08'!G70 | I70: 200
B71: ='08'!B71 -> Cup 12 Oz | C71: ='08'!C71 | D71: ='08'!G71 -> 745 | G71: 656 | I71: 150
B72: ='08'!B72 -> Cone | C72: ='08'!C72 | D72: ='08'!G72 -> 593 | E72: 300 | G72: 783 | H72: gudang utama | I72: 300
B73: ='08'!B73 -> Sendok Ice Cream | C73: ='08'!C73 | D73: ='08'!G73 -> 668 | G73: 550 | I73: -
B74: ='08'!B74 -> Paper Cup 4 Oz | C74: ='08'!C74 | D74: ='08'!G74 -> 294 | G74: 294 | I74: -
B75: ='08'!B75 | C75: ='08'!C75 | D75: ='08'!G75 | I75: -
B76: ='08'!B76 | C76: ='08'!C76 | D76: ='08'!G76 | I76: -
B77: ='08'!B77 | C77: ='08'!C77 | D77: ='08'!G77 | I77: -
B78: ='08'!B78 | C78: ='08'!C78 | D78: ='08'!G78
B79: ='08'!B79 | C79: ='08'!C79 | D79: ='08'!G79
B80: ='08'!B80 | C80: ='08'!C80 | D80: ='08'!G80
B81: ='08'!B81 | C81: ='08'!C81 | D81: ='08'!G81
B82: ='08'!B82 | C82: ='08'!C82 | D82: ='08'!G82
B83: ='08'!B83 | C83: ='08'!C83 | D83: ='08'!G83
B84: ='08'!B84 | C84: ='08'!C84 | D84: ='08'!G84
B85: ='08'!B85 | C85: ='08'!C85 | D85: ='08'!G85
B86: ='08'!B86 | C86: ='08'!C86 | D86: ='08'!G86
A87: Bahan Lainnya | B87: ='08'!B87 -> kertas termal | C87: ='08'!C87 | D87: ='08'!G87 -> 6 | G87: 5
B88: ='08'!B88 -> plastik sampah | C88: ='08'!C88 | D88: ='08'!G88 -> 7 | G88: 6
B89: ='08'!B89 -> plastik cup 1 panjang | C89: ='08'!C89 | D89: ='08'!G89 -> 9 | G89: 9
B90: ='08'!B90 -> plastik cup 2 panjang | C90: ='08'!C90 | D90: ='08'!G90 -> 6 | G90: 6
B91: ='08'!B91 -> plastik cup 4 takeaway | C91: ='08'!C91 | D91: ='08'!G91 -> 5 | G91: 5
B92: ='08'!B92 -> sabun ultra | C92: ='08'!C92 | D92: ='08'!G92 -> 1 | G92: 1
B93: ='08'!B93 -> handgloves | C93: ='08'!C93 | D93: ='08'!G93 -> 2 | G93: 2
B94: ='08'!B94 -> tissu jolly | C94: ='08'!C94 | D94: ='08'!G94 -> 8 | G94: 8
B95: ='08'!B95 -> pisau donat | C95: ='08'!C95 | D95: ='08'!G95 -> 83 | G95: 80
B96: ='08'!B96 -> garpu donat | C96: ='08'!C96 | D96: ='08'!G96 -> 92 | G96: 89
B97: ='08'!B97 -> kertas tray donat | C97: ='08'!C97 | D97: ='08'!G97 -> 44 | G97: 41
B98: ='08'!B98 -> donat | C98: ='08'!C98 | D98: ='08'!G98 -> 5 | G98: 2
B99: ='08'!B99 -> batrai timbangan | C99: ='08'!C99 | D99: ='08'!G99 -> 0 | G99: 0
... B101: ='08'!B101 -> brush kain | C101: ='08'!C101 | D101: ='08'!G101 -> 1 | G101: 1
...

Sheet 10
A1: Kategori | B1: Nama Barang | C1: Berat Wadah | D1: Stock Awal | E1: Stok Masuk | F1: Stok Keluar | G1: Sisa Stok | H1: Keterangan | I1: Minimum Stok
A2: Bahan Baku Utama | B2: ='08'!B2 -> Susu UHT | C2: ='09'!C2 -> 50 | D2: ='09'!G2 -> 7250 | G2: 4795 | I2: 6000
B3: ='08'!B3 -> Thai Tea Chatramue | C3: ='09'!C3 | D3: ='09'!G3 -> 356 | F3: 40 | G3: 316 | H3: bikin thai tea | I3: 50
B4: ='08'!B4 -> Tapioca Pearl | C4: ='09'!C4 | D4: ='09'!G4 -> 1000 | G4: 1000 | I4: 500
B5: ='08'!B5 -> Kopi Robusta Kerinci | C5: ='09'!C5 | D5: ='09'!G5 -> 500 | G5: 500 | I5: 250
B6: ='08'!B6 -> Fructose Syrup | C6: ='09'!C6 | D6: ='09'!G6 -> 2395 | E6: 5000 | G6: 5722 | H6: gudang utama | I6: 2500
B7: ='08'!B7 -> Gula Aren Bubuk | C7: ='09'!C7 | D7: ='09'!G7 -> 1048 | F7: 76 | G7: 1008 | H7: pemanis boba | I7: 200
B8: ='08'!B8 -> Gula Aren Cair | C8: ='09'!C8 | D8: ='09'!G8 -> 0 | G8: 0 | I8: 200
B9: ='08'!B9 -> Carnation | C9: ='09'!C9 | D9: ='09'!G9 -> 1452 | E9: 2440 | G9: 2960 | H9: gudang utama | I9: =488*2 -> 976
B10: ='08'!B10 -> Hazelnut Syrup | C10: ='09'!C10 -> 102 | D10: ='09'!G10 -> 965 | G10: 930 | I10: 200
B11: ='08'!B11 -> Small Cup - 14 Oz | C11: ='09'!C11 | D11: ='09'!G11 -> 82 | G11: 77 | I11: 150
B12: ='08'!B12 -> Large Cup - 22 Oz | C12: ='09'!C12 | D12: ='09'!G12 -> 231 | G12: 197 | I12: 150
B13: ='08'!B13 -> Sedotan Besar | C13: ='09'!C13 | D13: ='09'!G13 -> 136 | G13: 130 | I13: 100
B14: ='08'!B14 -> Sedotan Kecil | C14: ='09'!C14 | D14: ='09'!G14 -> 492 | G14: 459 | I14: 250
B15: ='08'!B15 -> Cup Sealer | C15: ='09'!C15 | D15: ='09'!G15 -> 1 | G15: 1 | I15: 1
B16: ='08'!B16 -> Air Mineral SMS | C16: ='09'!C16 | D16: ='09'!G16 -> 2 | G16: 2
B17: ='08'!B17 | C17: ='09'!C17 | D17: ='09'!G17
B18: ='08'!B18 | C18: ='09'!C18 | D18: ='09'!G18
B19: ='08'!B19 | C19: ='09'!C19 | D19: ='09'!G19
B20: ='08'!B20 | C20: ='09'!C20 | D20: ='09'!G20
B21: ='08'!B21 | C21: ='09'!C21 | D21: ='09'!G21
B22: ='08'!B22 | C22: ='09'!C22 | D22: ='09'!G22
A23: Powder | B23: ='08'!B23 -> Bubble Gum Powder | C23: ='09'!C23 | D23: ='09'!G23 -> 749 | G23: 725 | I23: 200
B24: ='08'!B24 -> Cotton Candy Powder | C24: ='09'!C24 | D24: ='09'!G24 -> 117 | G24: 117 | I24: 200
B25: ='08'!B25 -> Cream Cheese Powder | C25: ='09'!C25 | D25: ='09'!G25 -> 0 | G25: 0 | I25: 250
B26: ='08'!B26 -> Es Permen Karet Powder | C26: ='09'!C26 | D26: ='09'!G26 -> 1205 | G26: 1167 | I26: 500
B27: ='08'!B27 -> Green Tea Powder | C27: ='09'!C27 | D27: ='09'!G27 -> 1469 | G27: 1387 | I27: 500
B28: ='08'!B28 -> Lemon Tea Powder | C28: ='09'!C28 | D28: ='09'!G28 -> 1432 | G28: 1276 | I28: 500
B29: ='08'!B29 -> Lychee Powder | C29: ='09'!C29 | D29: ='09'!G29 -> 1062 | G29: 1062 | I29: 200
B30: ='08'!B30 -> Lychee Tea Powder | C30: ='09'!C30 | D30: ='09'!G30 -> 1548 | G30: 1454 | I30: 500
B31: ='08'!B31 -> Mango Powder | C31: ='09'!C31 | D31: ='09'!G31 -> 658 | G31: 632 | I31: 200
B32: ='08'!B32 -> Milo Powder | C32: ='09'!C32 | D32: ='09'!G32 -> 588 | G32: 481 | I32: 200
B33: ='08'!B33 -> NDC Creamer Powder | C33: ='09'!C33 | D33: ='09'!G33 -> 1273 | G33: 1273 | I33: 250
B34: ='08'!B34 -> Ovaltine Powder | C34: ='09'!C34 | D34: ='09'!G34 -> 519 | G34: 519 | I34: 200
B35: ='08'!B35 -> Red Velvet Powder | C35: ='09'!C35 | D35: ='09'!G35 -> 235 | G35: 235 | I35: 200
... B39: ='08'!B39 -> Vanilla Powder | C39: ='09'!C39 | D39: ='09'!G39 -> 905 | G39: 876 | I39: 200
B40: ='08'!B40 | C40: ='09'!C40 | D40: ='09'!G40
B41: ='08'!B41 | C41: ='09'!C41 | D41: ='09'!G41
B42: ='08'!B42 | C42: ='09'!C42 | D42: ='09'!G42
A43: Bahan Setengah Jadi | B43: ='08'!B43 -> Cold Brew | C43: ='09'!C43 | D43: ='09'!G43 -> 822 | G43: 674 | I43: -
B44: ='08'!B44 -> Biang Black Tea Kayu Aro | C44: ='09'!C44 | D44: ='09'!G44 -> 568 | G44: 338 | I44: -
B45: ='08'!B45 -> Biang Thai Tea | C45: ='09'!C45 | D45: ='09'!G45 -> 2252 | E45: 1694 | G45: 1699 | H45: thai tea jadi | I45: -
B46: ='08'!B46 -> Cream Cheese | C46: ='09'!C46 | D46: ='09'!G46 -> 0 | G46: 0 | I46: -
B47: ='08'!B47 -> Boba | C47: ='09'!C47 | D47: ='09'!G47 -> 624 | F47: 203 | G47: 0 | H47: basi | I47: -
B48: ='08'!B48 -> Creamer Cair | C48: ='09'!C48 | D48: ='09'!G48 -> 560 | G48: 84
B49: ='08'!B49 | C49: ='09'!C49 | D49: ='09'!G49
B50: ='08'!B50 | C50: ='09'!C50 | D50: ='09'!G50
B51: ='08'!B51 | C51: ='09'!C51 | D51: ='09'!G51
B52: ='08'!B52 | C52: ='09'!C52 | D52: ='09'!G52
A53: Topping | B53: ='08'!B53 -> Coffee Jelly | C53: ='09'!C53 | D53: ='09'!G53 -> 0 | G53: 0
B54: ='08'!B54 -> Lotus Crumb | C54: ='09'!C54 | D54: ='09'!G54 -> 0 | G54: 0
B55: ='08'!B55 -> Oreo Crumbs | C55: ='09'!C55 | D55: ='09'!G55 -> 11276 | G55: 10681 | I55: 2000
B56: ='08'!B56 -> Rainbow Jelly | C56: ='09'!C56 | D56: ='09'!G56 -> 0 | G56: 0 | I56: -
B57: ='08'!B57 -> Strawberry jam | C57: ='09'!C57 | D57: ='09'!G57 -> 1165 | E57: 2300 | G57: 2936 | H57: gudang utama | I57: 500
B58: ='08'!B58 -> Manggo Jam | C58: ='09'!C58 | D58: ='09'!G58 -> 3032 | G58: 3002 | I58: 500
B59: ='08'!B59 -> Chocolate Topping | C59: ='09'!C59 | D59: ='09'!G59 -> 3206 | G59: 2704 | I59: 2000
B60: ='08'!B60 -> Chocolate Sauce | C60: ='09'!C60 | D60: ='09'!G60 | I60: -
B61: ='08'!B61 -> Yakult | C61: ='09'!C61 | D61: ='09'!G61 -> 9 | E61: 10 | G61: 18 | H61: beli yakult | I61: -
B62: ='08'!B62 -> kacang morin | C62: ='09'!C62 | D62: ='09'!G62 -> 8 | G62: 0 | I62: 300
B63: ='08'!B63 | C63: ='09'!C63 | D63: ='09'!G63
B64: ='08'!B64 | C64: ='09'!C64 | D64: ='09'!G64
B65: ='08'!B65 | C65: ='09'!C65 | D65: ='09'!G65
A66: Ice Cream | B66: ='08'!B66 -> Soft Mix Vanilla | C66: ='09'!C66 | D66: ='09'!G66 -> 56000 | E66: 20000 | G66: 55000 | H66: gudang utama
B67: ='08'!B67 -> Soft Mix Mocca | C67: ='09'!C67 | D67: ='09'!G67
B68: ='08'!B68 -> Soft Mix Green Tea | C68: ='09'!C68 | D68: ='09'!G68
B69: ='08'!B69 -> Soft Mix Strawberry | C69: ='09'!C69 | D69: ='09'!G69
B70: ='08'!B70 -> Soft Mix Chocolate | C70: ='09'!C70 | D70: ='09'!G70 | I70: 200
B71: ='08'!B71 -> Cup 12 Oz | C71: ='09'!C71 | D71: ='09'!G71 -> 656 | G71: 550 | I71: 150
B72: ='08'!B72 -> Cone | C72: ='09'!C72 | D72: ='09'!G72 -> 783 | G72: 664 | I72: 300
B73: ='08'!B73 -> Sendok Ice Cream | C73: ='09'!C73 | D73: ='09'!G73 -> 550 | G73: 466 | I73: -
B74: ='08'!B74 -> Paper Cup 4 Oz | C74: ='09'!C74 | D74: ='09'!G74 -> 294 | G74: 294 | I74: -
B75: ='08'!B75 | C75: ='09'!C75 | D75: ='09'!G75 | I75: -
B76: ='08'!B76 | C76: ='09'!C76 | D76: ='09'!G76 | I76: -
B77: ='08'!B77 | C77: ='09'!C77 | D77: ='09'!G77 | I77: -
B78: ='08'!B78 | C78: ='09'!C78 | D78: ='09'!G78
B79: ='08'!B79 | C79: ='09'!C79 | D79: ='09'!G79
B80: ='08'!B80 | C80: ='09'!C80 | D80: ='09'!G80
B81: ='08'!B81 | C81: ='09'!C81 | D81: ='09'!G81
B82: ='08'!B82 | C82: ='09'!C82 | D82: ='09'!G82
B83: ='08'!B83 | C83: ='09'!C83 | D83: ='09'!G83
B84: ='08'!B84 | C84: ='09'!C84 | D84: ='09'!G84
B85: ='08'!B85 | C85: ='09'!C85 | D85: ='09'!G85
B86: ='08'!B86 | C86: ='09'!C86 | D86: ='09'!G86
A87: Bahan Lainnya | B87: ='08'!B87 -> kertas termal | C87: ='09'!C87 | D87: ='09'!G87 -> 5 | G87: 3
B88: ='08'!B88 -> plastik sampah | C88: ='09'!C88 | D88: ='09'!G88 -> 6 | G88: 5
B89: ='08'!B89 -> plastik cup 1 panjang | C89: ='09'!C89 | D89: ='09'!G89 -> 9 | G89: 9
B90: ='08'!B90 -> plastik cup 2 panjang | C90: ='09'!C90 | D90: ='09'!G90 -> 6 | G90: 6
B91: ='08'!B91 -> plastik cup 4 takeaway | C91: ='09'!C91 | D91: ='09'!G91 -> 5 | G91: 5
B92: ='08'!B92 -> sabun ultra | C92: ='09'!C92 | D92: ='09'!G92 -> 1 | G92: 1
B93: ='08'!B93 -> handgloves | C93: ='09'!C93 | D93: ='09'!G93 -> 2 | G93: 2
B94: ='08'!B94 -> tissu jolly | C94: ='09'!C94 | D94: ='09'!G94 -> 8 | G94: 7
B95: ='08'!B95 -> pisau donat | C95: ='09'!C95 | D95: ='09'!G95 -> 80 | G95: 77
B96: ='08'!B96 -> garpu donat | C96: ='09'!C96 | D96: ='09'!G96 -> 89 | G96: 86
B97: ='08'!B97 -> kertas tray donat | C97: ='09'!C97 | D97: ='09'!G97 -> 41 | G97: 38
B98: ='08'!B98 -> donat | C98: ='09'!C98 | D98: ='09'!G98 -> 2 | E98: 3 | G98: 0 | H98: gudang utama
B99: ='08'!B99 -> batrai timbangan | C99: ='09'!C99 | D99: ='09'!G99 -> 0 | G99: 0
B100: ='08'!B100 -> stella gantung | C100: ='09'!C100 | D100: ='09'!G100 -> 1 | G100: 1
B101: ='08'!B101 -> brush kain | C101: ='09'!C101 | D101: ='09'!G101 -> 1 | G101: 1
B102: ='08'!B102 | C102: ='09'!C102 | D102: ='09'!G102
B103: ='08'!B103 | C103: ='09'!C103 | D103: ='09'!G103
...

Sheet 11
A1: Kategori | B1: Nama Barang | C1: Berat Wadah | D1: Stock Awal | E1: Stok Masuk | F1: Stok Keluar | G1: Sisa Stok | H1: Keterangan | I1: Minimum Stok
A2: Bahan Baku Utama | B2: ='10'!B2 -> Susu UHT | C2: ='10'!C2 -> 50 | D2: ='10'!G2 -> 4795 | E2: 12000 | G2: 14000 | H2: gudang utama | I2: 6000
B3: ='10'!B3 -> Thai Tea Chatramue | C3: ='10'!C3 | D3: ='10'!G3 -> 316 | F3: 40 | G3: 276 | H3: bikin thai tea | I3: 50
B4: ='10'!B4 -> Tapioca Pearl | C4: ='10'!C4 | D4: ='10'!G4 -> 1000 | F4: 200 | G4: 800 | H4: bikin boba | I4: 500
B5: ='10'!B5 -> Kopi Robusta Kerinci | C5: ='10'!C5 | D5: ='10'!G5 -> 500 | G5: 500 | I5: 250
B6: ='10'!B6 -> Fructose Syrup | C6: ='10'!C6 | D6: ='10'!G6 -> 5722 | G6: 4107 | I6: 2500
B7: ='10'!B7 -> Gula Aren Bubuk | C7: ='10'!C7 | D7: ='10'!G7 -> 1008 | F7: 50 | G7: 958 | H7: pemanis boba | I7: 200
B8: ='10'!B8 -> Gula Aren Cair | C8: ='10'!C8 | D8: ='10'!G8 -> 0 | G8: 0 | I8: 200
B9: ='10'!B9 -> Carnation | C9: ='10'!C9 | D9: ='10'!G9 -> 2960 | G9: 2258 | I9: =488*2 -> 976
B10: ='10'!B10 -> Hazelnut Syrup | C10: ='10'!C10 -> 102 | D10: ='10'!G10 -> 930 | G10: 879 | I10: 200
B11: ='10'!B11 -> Small Cup - 14 Oz | C11: ='10'!C11 | D11: ='10'!G11 -> 77 | G11: 69 | I11: 150
B12: ='10'!B12 -> Large Cup - 22 Oz | C12: ='10'!C12 | D12: ='10'!G12 -> 197 | G12: 157 | I12: 150
B13: ='10'!B13 -> Sedotan Besar | C13: ='10'!C13 | D13: ='10'!G13 -> 130 | G13: 124 | I13: 100
B14: ='10'!B14 -> Sedotan Kecil | C14: ='10'!C14 | D14: ='10'!G14 -> 459 | G14: 417 | I14: 250
B15: ='10'!B15 -> Cup Sealer | C15: ='10'!C15 | D15: ='10'!G15 -> 1 | G15: 1 | I15: 1
B16: ='10'!B16 -> Air Mineral SMS | C16: ='10'!C16 | D16: ='10'!G16 -> 2 | G16: 1
B17: ='10'!B17 | C17: ='10'!C17 | D17: ='10'!G17
B18: ='10'!B18 | C18: ='10'!C18 | D18: ='10'!G18
B19: ='10'!B19 | C19: ='10'!C19 | D19: ='10'!G19
B20: ='10'!B20 | C20: ='10'!C20 | D20: ='10'!G20
B21: ='10'!B21 | C21: ='10'!C21 | D21: ='10'!G21
B22: ='10'!B22 | C22: ='10'!C22 | D22: ='10'!G22
A23: Powder | B23: ='10'!B23 -> Bubble Gum Powder | C23: ='10'!C23 | D23: ='10'!G23 -> 725 | G23: 725 | I23: 200
B24: ='10'!B24 -> Cotton Candy Powder | C24: ='10'!C24 | D24: ='10'!G24 -> 117 | G24: 117 | I24: 200
B25: ='10'!B25 -> Cream Cheese Powder | C25: ='10'!C25 | D25: ='10'!G25 -> 0 | G25: 0 | I25: 250
B26: ='10'!B26 -> Es Permen Karet Powder | C26: ='10'!C26 | D26: ='10'!G26 -> 1167 | G26: 1167 | I26: 500
B27: ='10'!B27 -> Green Tea Powder | C27: ='10'!C27 | D27: ='10'!G27 -> 1387 | G27: 1027 | I27: 500
B28: ='10'!B28 -> Lemon Tea Powder | C28: ='10'!C28 | D28: ='10'!G28 -> 1276 | G28: 864 | I28: 500
B29: ='10'!B29 -> Lychee Powder | C29: ='10'!C29 | D29: ='10'!G29 -> 1062 | G29: 1013 | I29: 200
B30: ='10'!B30 -> Lychee Tea Powder | C30: ='10'!C30 | D30: ='10'!G30 -> 1454 | G30: 1306 | I30: 500
B31: ='10'!B31 -> Mango Powder | C31: ='10'!C31 | D31: ='10'!G31 -> 632 | G31: 550 | I31: 200
B32: ='10'!B32 -> Milo Powder | C32: ='10'!C32 | D32: ='10'!G32 -> 481 | G32: 340 | I32: 200
B33: ='10'!B33 -> NDC Creamer Powder | C33: ='10'!C33 | D33: ='10'!G33 -> 1273 | F33: 300 | G33: 973 | H33: bikin creamer | I33: 250
B34: ='10'!B34 -> Ovaltine Powder | C34: ='10'!C34 | D34: ='10'!G34 -> 519 | E34: 900 | G34: 1327 | H34: gudang utama | I34: 200
B35: ='10'!B35 -> Red Velvet Powder | C35: ='10'!C35 | D35: ='10'!G35 -> 235 | G35: 235 | I35: 200
B36: ='10'!B36 -> Royal Chocolate Powder | C36: ='10'!C36 | D36: ='10'!G36 -> 1099 | G36: 936 | I36: 500
B37: ='10'!B37 -> Teh Kayu Aro Powder | C37: ='10'!C37 | D37: ='10'!G37 -> 305 | G37: 305 | I37: 50
B38: ='10'!B38 -> Taro Powder | C38: ='10'!C38 | D38: ='10'!G38 -> 1346 | G38: 1291 | I38: 200
B39: ='10'!B39 -> Vanilla Powder | C39: ='10'!C39 | D39: ='10'!G39 -> 876 | G39: 820 | I39: 200
B40: ='10'!B40 | C40: ='10'!C40 | D40: ='10'!G40
B41: ='10'!B41 | C41: ='10'!C41 | D41: ='10'!G41
B42: ='10'!B42 | C42: ='10'!C42 | D42: ='10'!G42
A43: Bahan Setengah Jadi | B43: ='10'!B43 -> Cold Brew | C43: ='10'!C43 | D43: ='10'!G43 -> 674 | G43: 418 | I43: -
B44: ='10'!B44 -> Biang Black Tea Kayu Aro | C44: ='10'!C44 | D44: ='10'!G44 -> 338 | G44: 224 | I44: -
B45: ='10'!B45 -> Biang Thai Tea | C45: ='10'!C45 | D45: ='10'!G45 -> 1699 | E45: 1705 | G45: 2638 | H45: thai tea jadi | I45: -
B46: ='10'!B46 -> Cream Cheese | C46: ='10'!C46 | D46: ='10'!G46 -> 0 | G46: 0 | I46: -
B47: ='10'!B47 -> Boba | C47: ='10'!C47 | D47: ='10'!G47 -> 0 | G47: 0 | I47: -
B48: ='10'!B48 -> Creamer Cair | C48: ='10'!C48 | D48: ='10'!G48 -> 84 | E48: 585 | G48: 352 | H48: creamer jadi
B49: ='10'!B49 | C49: ='10'!C49 | D49: ='10'!G49
B50: ='10'!B50 | C50: ='10'!C50 | D50: ='10'!G50
B51: ='10'!B51 | C51: ='10'!C51 | D51: ='10'!G51
B52: ='10'!B52 | C52: ='10'!C52 | D52: ='10'!G52
A53: Topping | B53: ='10'!B53 -> Coffee Jelly | C53: ='10'!C53 | D53: ='10'!G53 -> 0 | G53: 0
B54: ='10'!B54 -> Lotus Crumb | C54: ='10'!C54 | D54: ='10'!G54 -> 0 | G54: 0
B55: ='10'!B55 -> Oreo Crumbs | C55: ='10'!C55 | D55: ='10'!G55 -> 10681 | G55: 9993 | I55: 2000
B56: ='10'!B56 -> Rainbow Jelly | C56: ='10'!C56 | D56: ='10'!G56 -> 0 | G56: 0 | I56: -
B57: ='10'!B57 -> Strawberry jam | C57: ='10'!C57 | D57: ='10'!G57 -> 2936 | G57: 2740 | I57: 500
B58: ='10'!B58 -> Manggo Jam | C58: ='10'!C58 | D58: ='10'!G58 -> 3002 | G58: 2573 | I58: 500
B59: ='10'!B59 -> Chocolate Topping | C59: ='10'!C59 | D59: ='10'!G59 -> 2704 | G59: 2328 | I59: 2000
B60: ='10'!B60 -> Chocolate Sauce | C60: ='10'!C60 | D60: ='10'!G60 | I60: -
B61: ='10'!B61 -> Yakult | C61: ='10'!C61 | D61: ='10'!G61 -> 18 | G61: 13 | I61: -
B62: ='10'!B62 -> kacang morin | C62: ='10'!C62 | D62: ='10'!G62 -> 0 | E62: 1000 | G62: 996 | H62: gudang utama | I62: 300
B63: ='10'!B63 | C63: ='10'!C63 | D63: ='10'!G63
B64: ='10'!B64 | C64: ='10'!C64 | D64: ='10'!G64
B65: ='10'!B65 | C65: ='10'!C65 | D65: ='10'!G65
A66: Ice Cream | B66: ='10'!B66 -> Soft Mix Vanilla | C66: ='10'!C66 | D66: ='10'!G66 -> 55000 | E66: 30000 | G66: 60000 | H66: gudang utama
B67: ='10'!B67 -> Soft Mix Mocca | C67: ='10'!C67 | D67: ='10'!G67
B68: ='10'!B68 -> Soft Mix Green Tea | C68: ='10'!C68 | D68: ='10'!G68
B69: ='10'!B69 -> Soft Mix Strawberry | C69: ='10'!C69 | D69: ='10'!G69
B70: ='10'!B70 -> Soft Mix Chocolate | C70: ='10'!C70 | D70: ='10'!G70 | I70: 200
B71: ='10'!B71 -> Cup 12 Oz | C71: ='10'!C71 | D71: ='10'!G71 -> 550 | G71: 400 | I71: 150
B72: ='10'!B72 -> Cone | C72: ='10'!C72 | D72: ='10'!G72 -> 664 | G72: 517 | I72: 300
B73: ='10'!B73 -> Sendok Ice Cream | C73: ='10'!C73 | D73: ='10'!G73 -> 466 | G73: 316 | I73: -
B74: ='10'!B74 -> Paper Cup 4 Oz | C74: ='10'!C74 | D74: ='10'!G74 -> 294 | G74: 293 | I74: -
B75: ='10'!B75 | C75: ='10'!C75 | D75: ='10'!G75 | I75: -
B76: ='10'!B76 | C76: ='10'!C76 | D76: ='10'!G76 | I76: -
B77: ='10'!B77 | C77: ='10'!C77 | D77: ='10'!G77 | I77: -
B78: ='10'!B78 | C78: ='10'!C78 | D78: ='10'!G78
B79: ='10'!B79 | C79: ='10'!C79 | D79: ='10'!G79
B80: ='10'!B80 | C80: ='10'!C80 | D80: ='10'!G80
B81: ='10'!B81 | C81: ='10'!C81 | D81: ='10'!G81
B82: ='10'!B82 | C82: ='10'!C82 | D82: ='10'!G82
B83: ='10'!B83 | C83: ='10'!C83 | D83: ='10'!G83
B84: ='10'!B84 | C84: ='10'!C84 | D84: ='10'!G84
B85: ='10'!B85 | C85: ='10'!C85 | D85: ='10'!G85
B86: ='10'!B86 | C86: ='10'!C86 | D86: ='10'!G86
A87: Bahan Lainnya | B87: ='10'!B87 -> kertas termal | C87: ='10'!C87 | D87: ='10'!G87 -> 3 | G87: 2
B88: ='10'!B88 -> plastik sampah | C88: ='10'!C88 | D88: ='10'!G88 -> 5 | G88: 5
B89: ='10'!B89 -> plastik cup 1 panjang | C89: ='10'!C89 | D89: ='10'!G89 -> 9 | G89: 9
B90: ='10'!B90 -> plastik cup 2 panjang | C90: ='10'!C90 | D90: ='10'!G90 -> 6 | G90: 6
B91: ='10'!B91 -> plastik cup 4 takeaway | C91: ='10'!C91 | D91: ='10'!G91 -> 5 | G91: 2
B92: ='10'!B92 -> sabun ultra | C92: ='10'!C92 | D92: ='10'!G92 -> 1 | G92: 1
B93: ='10'!B93 -> handgloves | C93: ='10'!C93 | D93: ='10'!G93 -> 2 | G93: 2
B94: ='10'!B94 -> tissu jolly | C94: ='10'!C94 | D94: ='10'!G94 -> 7 | G94: 6
B95: ='10'!B95 -> pisau donat | C95: ='10'!C95 | D95: ='10'!G95 -> 77 | G95: 77
B96: ='10'!B96 -> garpu donat | C96: ='10'!C96 | D96: ='10'!G96 -> 86 | G96: 86
B97: ='10'!B97 -> kertas tray donat | C97: ='10'!C97 | D97: ='10'!G97 -> 38 | G97: 38
B98: ='10'!B98 -> donat | C98: ='10'!C98 | D98: ='10'!G98 -> 0 | E98: 5 | G98: 5 | H98: gudang utama
B99: ='10'!B99 -> batrai timbangan | C99: ='10'!C99 | D99: ='10'!G99 -> 0 | G99: 0
B100: ='10'!B100 -> stella gantung | C100: ='10'!C100 | D100: ='10'!G100 -> 1 | G100: 1
...

Sheet 12
A1: Kategori | B1: Nama Barang | C1: Berat Wadah | D1: Stock Awal | E1: Stok Masuk | F1: Stok Keluar | G1: Sisa Stok | H1: Keterangan | I1: Minimum Stok
A2: Bahan Baku Utama | B2: ='11'!B2 -> Susu UHT | C2: ='11'!C2 -> 50 | D2: ='11'!G2 -> 14000 | G2: 11721 | I2: 6000
B3: ='11'!B3 -> Thai Tea Chatramue | C3: ='11'!C3 | D3: ='11'!G3 -> 276 | F3: 40 | G3: 236 | H3: bikin thai tea | I3: 50
B4: ='11'!B4 -> Tapioca Pearl | C4: ='11'!C4 | D4: ='11'!G4 -> 800 | F4: 200 | G4: 600 | H4: bikin boba | I4: 500
B5: ='11'!B5 -> Kopi Robusta Kerinci | C5: ='11'!C5 | D5: ='11'!G5 -> 500 | G5: 500 | I5: 250
B6: ='11'!B6 -> Fructose Syrup | C6: ='11'!C6 | D6: ='11'!G6 -> 4107 | G6: 2585 | I6: 2500
B7: ='11'!B7 -> Gula Aren Bubuk | C7: ='11'!C7 | D7: ='11'!G7 -> 958 | F7: 60 | G7: 898 | H7: pemanis boba | I7: 200
B8: ='11'!B8 -> Gula Aren Cair | C8: ='11'!C8 | D8: ='11'!G8 -> 0 | G8: 0 | I8: 200
B9: ='11'!B9 -> Carnation | C9: ='11'!C9 | D9: ='11'!G9 -> 2258 | G9: 1196 | I9: =488*2 -> 976
B10: ='11'!B10 -> Hazelnut Syrup | C10: ='11'!C10 -> 102 | D10: ='11'!G10 -> 879 | G10: 848 | I10: 200
B11: ='11'!B11 -> Small Cup - 14 Oz | C11: ='11'!C11 | D11: ='11'!G11 -> 69 | G11: 67 | I11: 150
B12: ='11'!B12 -> Large Cup - 22 Oz | C12: ='11'!C12 | D12: ='11'!G12 -> 157 | G12: 117 | I12: 150
B13: ='11'!B13 -> Sedotan Besar | C13: ='11'!C13 | D13: ='11'!G13 -> 124 | G13: 116 | I13: 100
B14: ='11'!B14 -> Sedotan Kecil | C14: ='11'!C14 | D14: ='11'!G14 -> 417 | G14: 382 | I14: 250
B15: ='11'!B15 -> Cup Sealer | C15: ='11'!C15 | D15: ='11'!G15 -> 1 | G15: 1 | I15: 1
B16: ='11'!B16 -> Air Mineral SMS | C16: ='11'!C16 | D16: ='11'!G16 -> 1 | G16: 1
B17: ='11'!B17 | C17: ='11'!C17 | D17: ='11'!G17
B18: ='11'!B18 | C18: ='11'!C18 | D18: ='11'!G18
B19: ='11'!B19 | C19: ='11'!C19 | D19: ='11'!G19
B20: ='11'!B20 | C20: ='11'!C20 | D20: ='11'!G20
B21: ='11'!B21 | C21: ='11'!C21 | D21: ='11'!G21
B22: ='11'!B22 | C22: ='11'!C22 | D22: ='11'!G22
A23: Powder | B23: ='11'!B23 -> Bubble Gum Powder | C23: ='11'!C23 | D23: ='11'!G23 -> 725 | G23: 700 | I23: 200
B24: ='11'!B24 -> Cotton Candy Powder | C24: ='11'!C24 | D24: ='11'!G24 -> 117 | G24: 117 | I24: 200
B25: ='11'!B25 -> Cream Cheese Powder | C25: ='11'!C25 | D25: ='11'!G25 -> 0 | G25: 0 | I25: 250
B26: ='11'!B26 -> Es Permen Karet Powder | C26: ='11'!C26 | D26: ='11'!G26 -> 1167 | G26: 1000 | I26: 500
B27: ='11'!B27 -> Green Tea Powder | C27: ='11'!C27 | D27: ='11'!G27 -> 1027 | G27: 1256 | I27: 500
B28: ='11'!B28 -> Lemon Tea Powder | C28: ='11'!C28 | D28: ='11'!G28 -> 864 | E28: 1000 | G28: 1691 | H28: gudang utama | I28: 500
B29: ='11'!B29 -> Lychee Powder | C29: ='11'!C29 | D29: ='11'!G29 -> 1013 | G29: 1013 | I29: 200
B30: ='11'!B30 -> Lychee Tea Powder | C30: ='11'!C30 | D30: ='11'!G30 -> 1306 | G30: 1242 | I30: 500
B31: ='11'!B31 -> Mango Powder | C31: ='11'!C31 | D31: ='11'!G31 -> 550 | G31: 522 | I31: 200
B32: ='11'!B32 -> Milo Powder | C32: ='11'!C32 | D32: ='11'!G32 -> 340 | G32: 276 | I32: 200
B33: ='11'!B33 -> NDC Creamer Powder | C33: ='11'!C33 | D33: 973 | F33: 345 | G33: 628 | H33: bikin creamer | I33: 250
B34: ='11'!B34 -> Ovaltine Powder | C34: ='11'!C34 | D34: ='11'!G34 -> 1327 | G34: 1293 | I34: 200
B35: ='11'!B35 -> Red Velvet Powder | C35: ='11'!C35 | D35: ='11'!G35 -> 235 | G35: 235 | I35: 200
B36: ='11'!B36 -> Royal Chocolate Powder | C36: ='11'!C36 | D36: ='11'!G36 -> 936 | G36: 816 | I36: 500
B37: ='11'!B37 -> Teh Kayu Aro Powder | C37: ='11'!C37 | D37: ='11'!G37 -> 305 | G37: 305 | I37: 50
B38: ='11'!B38 -> Taro Powder | C38: ='11'!C38 | D38: ='11'!G38 -> 1291 | G38: 1237 | I38: 200
B39: ='11'!B39 -> Vanilla Powder | C39: ='11'!C39 | D39: ='11'!G39 -> 820 | G39: 737 | I39: 200
B40: ='11'!B40 | C40: ='11'!C40 | D40: ='11'!G40
B41: ='11'!B41 | C41: ='11'!C41 | D41: ='11'!G41
B42: ='11'!B42 | C42: ='11'!C42 | D42: ='11'!G42
A43: Bahan Setengah Jadi | B43: ='11'!B43 -> Cold Brew | C43: ='11'!C43 | D43: ='11'!G43 -> 418 | G43: 418 | I43: -
B44: ='11'!B44 -> Biang Black Tea Kayu Aro | C44: ='11'!C44 | D44: ='11'!G44 -> 224 | F44: 113 | G44: 0 | H44: basi | I44: -
B45: ='11'!B45 -> Biang Thai Tea | C45: ='11'!C45 | D45: ='11'!G45 -> 2638 | E45: 1732 | G45: 2244 | H45: thai tea jadi | I45: -
B46: ='11'!B46 -> Cream Cheese | C46: ='11'!C46 | D46: ='11'!G46 -> 0 | G46: 0 | I46: -
B47: ='11'!B47 -> Boba | C47: ='11'!C47 | D47: ='11'!G47 -> 0 | E47: 705 | G47: 201 | H47: boba jadi | I47: -
B48: ='11'!B48 -> Creamer Cair | C48: ='11'!C48 | D48: ='11'!G48 -> 352 | E48: 685 | G48: 600 | H48: creamer jadi
B49: ='11'!B49 | C49: ='11'!C49 | D49: ='11'!G49
B50: ='11'!B50 | C50: ='11'!C50 | D50: ='11'!G50
B51: ='11'!B51 | C51: ='11'!C51 | D51: ='11'!G51
B52: ='11'!B52 | C52: ='11'!C52 | D52: ='11'!G52
A53: Topping | B53: ='11'!B53 -> Coffee Jelly | C53: ='11'!C53 | D53: ='11'!G53 -> 0 | G53: 0
B54: ='11'!B54 -> Lotus Crumb | C54: ='11'!C54 | D54: ='11'!G54 -> 0 | G54: 0
B55: ='11'!B55 -> Oreo Crumbs | C55: ='11'!C55 | D55: ='11'!G55 -> 9993 | G55: 9296 | I55: 2000
B56: ='11'!B56 -> Rainbow Jelly | C56: ='11'!C56 | D56: ='11'!G56 -> 0 | G56: 0 | I56: -
B57: ='11'!B57 -> Strawberry jam | C57: ='11'!C57 | D57: ='11'!G57 -> 2740 | G57: 2533 | I57: 500
B58: ='11'!B58 -> Manggo Jam | C58: ='11'!C58 | D58: ='11'!G58 -> 2573 | G58: 2224 | I58: 500
B59: ='11'!B59 -> Chocolate Topping | C59: ='11'!C59 | D59: ='11'!G59 -> 2328 | G59: 1847 | I59: 2000
B60: ='11'!B60 -> Chocolate Sauce | C60: ='11'!C60 | D60: ='11'!G60 | I60: -
B61: ='11'!B61 -> Yakult | C61: ='11'!C61 | D61: ='11'!G61 -> 13 | G61: 12 | I61: -
B62: ='11'!B62 -> kacang morin | C62: ='11'!C62 | D62: ='11'!G62 -> 996 | G62: 957 | I62: 300
B63: ='11'!B63 | C63: ='11'!C63 | D63: ='11'!G63
B64: ='11'!B64 | C64: ='11'!C64 | D64: ='11'!G64
B65: ='11'!B65 | C65: ='11'!C65 | D65: ='11'!G65
A66: Ice Cream | B66: ='11'!B66 -> Soft Mix Vanilla | C66: ='11'!C66 | D66: ='11'!G66 -> 60000 | E66: 20000 | G66: 6000 | H66: gudang utama
B67: ='11'!B67 -> Soft Mix Mocca | C67: ='11'!C67 | D67: ='11'!G67
B68: ='11'!B68 -> Soft Mix Green Tea | C68: ='11'!C68 | D68: ='11'!G68
B69: ='11'!B69 -> Soft Mix Strawberry | C69: ='11'!C69 | D69: ='11'!G69
B70: ='11'!B70 -> Soft Mix Chocolate | C70: ='11'!C70 | D70: ='11'!G70 | I70: 200
B71: ='11'!B71 -> Cup 12 Oz | C71: ='11'!C71 | D71: ='11'!G71 -> 400 | G71: 260 | I71: 150
B72: ='11'!B72 -> Cone | C72: ='11'!C72 | D72: ='11'!G72 -> 517 | F72: 5 | G72: 376 | H72: cone pecah | I72: 300
B73: ='11'!B73 -> Sendok Ice Cream | C73: ='11'!C73 | D73: ='11'!G73 -> 316 | E73: 500 | G73: 669 | H73: gudang utama | I73: -
B74: ='11'!B74 -> Paper Cup 4 Oz | C74: ='11'!C74 | D74: ='11'!G74 -> 293 | G74: 293 | I74: -
B75: ='11'!B75 | C75: ='11'!C75 | D75: ='11'!G75 | I75: -
B76: ='11'!B76 | C76: ='11'!C76 | D76: ='11'!G76 | I76: -
B77: ='11'!B77 | C77: ='11'!C77 | D77: ='11'!G77 | I77: -
B78: ='11'!B78 | C78: ='11'!C78 | D78: ='11'!G78
B79: ='11'!B79 | C79: ='11'!C79 | D79: ='11'!G79
B80: ='11'!B80 | C80: ='11'!C80 | D80: ='11'!G80
B81: ='11'!B81 | C81: ='11'!C81 | D81: ='11'!G81
B82: ='11'!B82 | C82: ='11'!C82 | D82: ='11'!G82
B83: ='11'!B83 | C83: ='11'!C83 | D83: ='11'!G83
B84: ='11'!B84 | C84: ='11'!C84 | D84: ='11'!G84
B85: ='11'!B85 | C85: ='11'!C85 | D85: ='11'!G85
B86: ='11'!B86 | C86: ='11'!C86 | D86: ='11'!G86
A87: Bahan Lainnya | B87: ='11'!B87 -> kertas termal | C87: ='11'!C87 | D87: ='11'!G87 -> 2 | E87: 10 | G87: 11 | H87: gudang utama
B88: ='11'!B88 -> plastik sampah | C88: ='11'!C88 | D88: ='11'!G88 -> 5 | G88: 4
B89: ='11'!B89 -> plastik cup 1 panjang | C89: ='11'!C89 | D89: ='11'!G89 -> 9 | G89: 9
B90: ='11'!B90 -> plastik cup 2 panjang | C90: ='11'!C90 | D90: ='11'!G90 -> 6 | G90: 4
B91: ='11'!B91 -> plastik cup 4 takeaway | C91: ='11'!C91 | D91: ='11'!G91 -> 2 | G91: 2
B92: ='11'!B92 -> sabun ultra | C92: ='11'!C92 | D92: ='11'!G92 -> 1 | G92: 0
B93: ='11'!B93 -> handgloves | C93: ='11'!C93 | D93: ='11'!G93 -> 2 | G93: 2
B94: ='11'!B94 -> tissu jolly | C94: ='11'!C94 | D94: ='11'!G94 -> 6 | G94: 5
B95: ='11'!B95 -> pisau donat | C95: ='11'!C95 | D95: ='11'!G95 -> 77 | G95: 75
B96: ='11'!B96 -> garpu donat | C96: ='11'!C96 | D96: ='11'!G96 -> 86 | G96: 84
B97: ='11'!B97 -> kertas tray donat | C97: ='11'!C97 | D97: ='11'!G97 -> 38 | G97: 36
B98: ='11'!B98 -> donat | C98: ='11'!C98 | D98: ='11'!G98 -> 5 | G98: 3
B99: ='11'!B99 -> batrai timbangan | C99: ='11'!C99 | D99: ='11'!G99 -> 0 | E99: 2 | G99: 2 | H99: gudang utama
B100: ='11'!B100 -> stella gantung | C100: ='11'!C100 | D100: ='11'!G100 -> 1 | G100: 1
...

Sheet 13
A1: Kategori | B1: Nama Barang | C1: Berat Wadah | D1: Stock Awal | E1: Stok Masuk | F1: Stok Keluar | G1: Sisa Stok | H1: Keterangan | I1: Minimum Stok
A2: Bahan Baku Utama | B2: ='12'!B2 -> Susu UHT | C2: ='12'!C2 -> 50 | D2: ='12'!G2 -> 11721 | G2: 10539 | I2: 6000
B3: ='12'!B3 -> Thai Tea Chatramue | C3: ='12'!C3 | D3: ='12'!G3 -> 236 | G3: 236 | I3: 50
B4: ='12'!B4 -> Tapioca Pearl | C4: ='12'!C4 | D4: ='12'!G4 -> 600 | G4: 600 | I4: 500
B5: ='12'!B5 -> Kopi Robusta Kerinci | C5: ='12'!C5 | D5: ='12'!G5 -> 500 | G5: 500 | I5: 250
B6: ='12'!B6 -> Fructose Syrup | C6: ='12'!C6 | D6: ='12'!G6 -> 2585 | E6: 5000 | G6: 7155 | H6: gudang utama | I6: 2500
B7: ='12'!B7 -> Gula Aren Bubuk | C7: ='12'!C7 | D7: ='12'!G7 -> 898 | G7: 898 | I7: 200
B8: ='12'!B8 -> Gula Aren Cair | C8: ='12'!C8 | D8: ='12'!G8 -> 0 | G8: 0 | I8: 200
B9: ='12'!B9 -> Carnation | C9: ='12'!C9 | D9: ='12'!G9 -> 1196 | E9: 2440 | G9: 3454 | H9: gudang utama | I9: =488*2 -> 976
B10: ='12'!B10 -> Hazelnut Syrup | C10: ='12'!C10 -> 102 | D10: ='12'!G10 -> 848 | G10: 846 | I10: 200
B11: ='12'!B11 -> Small Cup - 14 Oz | C11: ='12'!C11 | D11: ='12'!G11 -> 67 | G11: 65 | I11: 150
B12: ='12'!B12 -> Large Cup - 22 Oz | C12: ='12'!C12 | D12: ='12'!G12 -> 117 | G12: 108 | I12: 150
B13: ='12'!B13 -> Sedotan Besar | C13: ='12'!C13 | D13: ='12'!G13 -> 116 | G13: 116 | I13: 100
B14: ='12'!B14 -> Sedotan Kecil | C14: ='12'!C14 | D14: ='12'!G14 -> 382 | G14: 271 | I14: 250
B15: ='12'!B15 -> Cup Sealer | C15: ='12'!C15 | D15: ='12'!G15 -> 1 | G15: 1 | I15: 1
B16: ='12'!B16 -> Air Mineral SMS | C16: ='12'!C16 | D16: ='12'!G16 -> 1 | G16: 1
B17: ='12'!B17 | C17: ='12'!C17 | D17: ='12'!G17
B18: ='12'!B18 | C18: ='12'!C18 | D18: ='12'!G18
B19: ='12'!B19 | C19: ='12'!C19 | D19: ='12'!G19
B20: ='12'!B20 | C20: ='12'!C20 | D20: ='12'!G20
B21: ='12'!B21 | C21: ='12'!C21 | D21: ='12'!G21
B22: ='12'!B22 | C22: ='12'!C22 | D22: ='12'!G22
A23: Powder | B23: ='12'!B23 -> Bubble Gum Powder | C23: ='12'!C23 | D23: ='12'!G23 -> 700 | G23: 700 | I23: 200
B24: ='12'!B24 -> Cotton Candy Powder | C24: ='12'!C24 | D24: ='12'!G24 -> 117 | G24: 117 | I24: 200
B25: ='12'!B25 -> Cream Cheese Powder | C25: ='12'!C25 | D25: ='12'!G25 -> 0 | G25: 0 | I25: 250
B26: ='12'!B26 -> Es Permen Karet Powder | C26: ='12'!C26 | D26: ='12'!G26 -> 1000 | G26: 963 | I26: 500
B27: ='12'!B27 -> Green Tea Powder | C27: ='12'!C27 | D27: ='12'!G27 -> 1256 | G27: 1201 | I27: 500
B28: ='12'!B28 -> Lemon Tea Powder | C28: ='12'!C28 | D28: ='12'!G28 -> 1691 | G28: 1691 | I28: 500
B29: ='12'!B29 -> Lychee Powder | C29: ='12'!C29 | D29: ='12'!G29 -> 1013 | G29: 1013 | I29: 200
B30: ='12'!B30 -> Lychee Tea Powder | C30: ='12'!C30 | D30: ='12'!G30 -> 1242 | G30: 1151 | I30: 500
B31: ='12'!B31 -> Mango Powder | C31: ='12'!C31 | D31: ='12'!G31 -> 522 | G31: 496 | I31: 200
B32: ='12'!B32 -> Milo Powder | C32: ='12'!C32 | D32: ='12'!G32 -> 276 | G32: 239 | I32: 200
B33: ='12'!B33 -> NDC Creamer Powder | C33: ='12'!C33 | D33: ='12'!G33 -> 628 | G33: 628 | I33: 250
B34: ='12'!B34 -> Ovaltine Powder | C34: ='12'!C34 | D34: ='12'!G34 -> 1293 | G34: 1293 | I34: 200
B35: ='12'!B35 -> Red Velvet Powder | C35: ='12'!C35 | D35: ='12'!G35 -> 235 | G35: 235 | I35: 200
B36: ='12'!B36 -> Royal Chocolate Powder | C36: ='12'!C36 | D36: ='12'!G36 -> 816 | G36: 693 | I36: 500
B37: ='12'!B37 -> Teh Kayu Aro Powder | C37: ='12'!C37 | D37: ='12'!G37 -> 305 | F37: 50 | G37: 255 | H37: bikin blacktea | I37: 50
B38: ='12'!B38 -> Taro Powder | C38: ='12'!C38 | D38: ='12'!G38 -> 1237 | G38: 1209 | I38: 200
B39: ='12'!B39 -> Vanilla Powder | C39: ='12'!C39 | D39: ='12'!G39 -> 737 | G39: 737 | I39: 200
B40: ='12'!B40 | C40: ='12'!C40 | D40: ='12'!G40
B41: ='12'!B41 | C41: ='12'!C41 | D41: ='12'!G41
B42: ='12'!B42 | C42: ='12'!C42 | D42: ='12'!G42
A43: Bahan Setengah Jadi | B43: ='12'!B43 -> Cold Brew | C43: ='12'!C43 | D43: ='12'!G43 -> 418 | G43: 418 | I43: -
B44: ='12'!B44 -> Biang Black Tea Kayu Aro | C44: ='12'!C44 | D44: ='12'!G44 -> 0 | E44: 780 | G44: 780 | H44: blacktea jadi | I44: -
B45: ='12'!B45 -> Biang Thai Tea | C45: ='12'!C45 | D45: ='12'!G45 -> 2244 | G45: 2036 | I45: -
B46: ='12'!B46 -> Cream Cheese | C46: ='12'!C46 | D46: ='12'!G46 -> 0 | G46: 0 | I46: -
B47: ='12'!B47 -> Boba | C47: ='12'!C47 | D47: ='12'!G47 -> 201 | G47: 0 | I47: -
B48: ='12'!B48 -> Creamer Cair | C48: ='12'!C48 | D48: ='12'!G48 -> 600 | G48: 569
B49: ='12'!B49 | C49: ='12'!C49 | D49: ='12'!G49
B50: ='12'!B50 | C50: ='12'!C50 | D50: ='12'!G50
B51: ='12'!B51 | C51: ='12'!C51 | D51: ='12'!G51
B52: ='12'!B52 | C52: ='12'!C52 | D52: ='12'!G52
A53: Topping | B53: ='12'!B53 -> Coffee Jelly | C53: ='12'!C53 | D53: ='12'!G53 -> 0 | G53: 0
B54: ='12'!B54 -> Lotus Crumb | C54: ='12'!C54 | D54: ='12'!G54 -> 0 | G54: 0
B55: ='12'!B55 -> Oreo Crumbs | C55: ='12'!C55 | D55: ='12'!G55 -> 9296 | G55: 9008 | I55: 2000
B56: ='12'!B56 -> Rainbow Jelly | C56: ='12'!C56 | D56: ='12'!G56 -> 0 | G56: 0 | I56: -
B57: ='12'!B57 -> Strawberry jam | C57: ='12'!C57 | D57: ='12'!G57 -> 2533 | G57: 2424 | I57: 500
B58: ='12'!B58 -> Manggo Jam | C58: ='12'!C58 | D58: ='12'!G58 -> 2224 | G58: 2094 | I58: 500
B59: ='12'!B59 -> Chocolate Topping | C59: ='12'!C59 | D59: ='12'!G59 -> 1847 | E59: 5000 | G59: 6673 | H59: gudang utama | I59: 2000
B60: ='12'!B60 -> Chocolate Sauce | C60: ='12'!C60 | D60: ='12'!G60 | I60: -
B61: ='12'!B61 -> Yakult | C61: ='12'!C61 | D61: ='12'!G61 -> 12 | G61: 11 | I61: -
B62: ='12'!B62 -> kacang morin | C62: ='12'!C62 | D62: ='12'!G62 -> 957 | G62: 957 | I62: 300
B63: ='12'!B63 | C63: ='12'!C63 | D63: ='12'!G63
B64: ='12'!B64 | C64: ='12'!C64 | D64: ='12'!G64
B65: ='12'!B65 | C65: ='12'!C65 | D65: ='12'!G65
A66: Ice Cream | B66: ='12'!B66 -> Soft Mix Vanilla | C66: ='12'!C66 | D66: ='12'!G66 -> 6000 | E66: 10000 | G66: 55000 | H66: gudang utama
B67: ='12'!B67 -> Soft Mix Mocca | C67: ='12'!C67 | D67: ='12'!G67
B68: ='12'!B68 -> Soft Mix Green Tea | C68: ='12'!C68 | D68: ='12'!G68
B69: ='12'!B69 -> Soft Mix Strawberry | C69: ='12'!C69 | D69: ='12'!G69
B70: ='12'!B70 -> Soft Mix Chocolate | C70: ='12'!C70 | D70: ='12'!G70 | I70: 200
B71: ='12'!B71 -> Cup 12 Oz | C71: ='12'!C71 | D71: ='12'!G71 -> 260 | E71: 500 | G71: 697 | H71: gudang utama | I71: 150
B72: ='12'!B72 -> Cone | C72: ='12'!C72 | D72: ='12'!G72 -> 376 | G72: 316 | I72: 300
B73: ='12'!B73 -> Sendok Ice Cream | C73: ='12'!C73 | D73: ='12'!G73 -> 669 | G73: 605 | I73: -
B74: ='12'!B74 -> Paper Cup 4 Oz | C74: ='12'!C74 | D74: ='12'!G74 -> 293 | G74: 293 | I74: -
B75: ='12'!B75 | C75: ='12'!C75 | D75: ='12'!G75 | I75: -
B76: ='12'!B76 | C76: ='12'!C76 | D76: ='12'!G76 | I76: -
B77: ='12'!B77 | C77: ='12'!C77 | D77: ='12'!G77 | I77: -
B78: ='12'!B78 | C78: ='12'!C78 | D78: ='12'!G78
B79: ='12'!B79 | C79: ='12'!C79 | D79: ='12'!G79
B80: ='12'!B80 | C80: ='12'!C80 | D80: ='12'!G80
B81: ='12'!B81 | C81: ='12'!C81 | D81: ='12'!G81
B82: ='12'!B82 | C82: ='12'!C82 | D82: ='12'!G82
B83: ='12'!B83 | C83: ='12'!C83 | D83: ='12'!G83
B84: ='12'!B84 | C84: ='12'!C84 | D84: ='12'!G84
B85: ='12'!B85 | C85: ='12'!C85 | D85: ='12'!G85
B86: ='12'!B86 | C86: ='12'!C86 | D86: ='12'!G86
A87: Bahan Lainnya | B87: ='12'!B87 -> kertas termal | C87: ='12'!C87 | D87: ='12'!G87 -> 11 | G87: 11
B88: ='12'!B88 -> plastik sampah | C88: ='12'!C88 | D88: ='12'!G88 -> 4 | G88: 4
B89: ='12'!B89 -> plastik cup 1 panjang | C89: ='12'!C89 | D89: ='12'!G89 -> 9 | G89: 6
B90: ='12'!B90 -> plastik cup 2 panjang | C90: ='12'!C90 | D90: ='12'!G90 -> 4 | G90: 4
B91: ='12'!B91 -> plastik cup 4 takeaway | C91: ='12'!C91 | D91: ='12'!G91 -> 2 | G91: 2
B92: ='12'!B92 -> sabun ultra | C92: ='12'!C92 | D92: ='12'!G92 -> 0 | E92: 1 | G92: 1 | H92: gudang utama
B93: ='12'!B93 -> handgloves | C93: ='12'!C93 | D93: ='12'!G93 -> 2 | G93: 2
B94: ='12'!B94 -> tissu jolly | C94: ='12'!C94 | D94: ='12'!G94 -> 5 | G94: 5
B95: ='12'!B95 -> pisau donat | C95: ='12'!C95 | D95: ='12'!G95 -> 75 | G95: 75
B96: ='12'!B96 -> garpu donat | C96: ='12'!C96 | D96: ='12'!G96 -> 84 | G96: 84
B97: ='12'!B97 -> kertas tray donat | C97: ='12'!C97 | D97: ='12'!G97 -> 36 | G97: 36
B98: ='12'!B98 -> donat | C98: ='12'!C98 | D98: ='12'!G98 -> 3 | G98: 3
B99: ='12'!B99 -> batrai timbangan | C99: ='12'!C99 | D99: ='12'!G99 -> 2 | G99: 2
B100: ='12'!B100 -> stella gantung | C100: ='12'!C100 | D100: ='12'!G100 -> 1 | G100: 1
...

Sheet 14
A1: Kategori | B1: Nama Barang | C1: Berat Wadah | D1: Stock Awal | E1: Stok Masuk | F1: Stok Keluar | G1: Sisa Stok | H1: Keterangan | I1: Minimum Stok
A2: Bahan Baku Utama | B2: ='13'!B2 -> Susu UHT | C2: ='13'!C2 -> 50 | D2: ='13'!G2 -> 10539 | G2: 9794 | I2: 6000
B3: ='13'!B3 -> Thai Tea Chatramue | C3: ='13'!C3 | D3: ='13'!G3 -> 236 | F3: 40 | G3: 196 | H3: bikin thai tea | I3: 50
B4: ='13'!B4 -> Tapioca Pearl | C4: ='13'!C4 | D4: ='13'!G4 -> 600 | F4: 200 | G4: 400 | H4: bikin boba | I4: 500
B5: ='13'!B5 -> Kopi Robusta Kerinci | C5: ='13'!C5 | D5: ='13'!G5 -> 500 | G5: 500 | I5: 250
B6: ='13'!B6 -> Fructose Syrup | C6: ='13'!C6 | D6: ='13'!G6 -> 7155 | G6: 6652 | I6: 2500
B7: ='13'!B7 -> Gula Aren Bubuk | C7: ='13'!C7 | D7: ='13'!G7 -> 898 | F7: 75 | G7: 823 | H7: pemanis boba | I7: 200
B8: ='13'!B8 -> Gula Aren Cair | C8: ='13'!C8 | D8: ='13'!G8 -> 0 | G8: 0 | I8: 200
B9: ='13'!B9 -> Carnation | C9: ='13'!C9 | D9: ='13'!G9 -> 3454 | G9: 2986 | I9: =488*2 -> 976
B10: ='13'!B10 -> Hazelnut Syrup | C10: ='13'!C10 -> 102 | D10: ='13'!G10 -> 846 | G10: 846 | I10: 200
B11: ='13'!B11 -> Small Cup - 14 Oz | C11: ='13'!C11 | D11: ='13'!G11 -> 65 | G11: 64 | I11: 150
B12: ='13'!B12 -> Large Cup - 22 Oz | C12: ='13'!C12 | D12: ='13'!G12 -> 108 | G12: 96 | I12: 150
B13: ='13'!B13 -> Sedotan Besar | C13: ='13'!C13 | D13: ='13'!G13 -> 116 | G13: 113 | I13: 100
B14: ='13'!B14 -> Sedotan Kecil | C14: ='13'!C14 | D14: ='13'!G14 -> 271 | G14: 260 | I14: 250
B15: ='13'!B15 -> Cup Sealer | C15: ='13'!C15 | D15: ='13'!G15 -> 1 | G15: 1 | I15: 1
B16: ='13'!B16 -> Air Mineral SMS | C16: ='13'!C16 | D16: ='13'!G16 -> 1 | G16: 3
B17: ='13'!B17 | C17: ='13'!C17 | D17: ='13'!G17
B18: ='13'!B18 | C18: ='13'!C18 | D18: ='13'!G18
B19: ='13'!B19 | C19: ='13'!C19 | D19: ='13'!G19
B20: ='13'!B20 | C20: ='13'!C20 | D20: ='13'!G20
B21: ='13'!B21 | C21: ='13'!C21 | D21: ='13'!G21
B22: ='13'!B22 | C22: ='13'!C22 | D22: ='13'!G22
A23: Powder | B23: ='13'!B23 -> Bubble Gum Powder | C23: ='13'!C23 | D23: ='13'!G23 -> 700 | G23: 700 | I23: 200
B24: ='13'!B24 -> Cotton Candy Powder | C24: ='13'!C24 | D24: ='13'!G24 -> 117 | G24: 117 | I24: 200
B25: ='13'!B25 -> Cream Cheese Powder | C25: ='13'!C25 | D25: ='13'!G25 -> 0 | G25: 0 | I25: 250
B26: ='13'!B26 -> Es Permen Karet Powder | C26: ='13'!C26 | D26: ='13'!G26 -> 963 | G26: 963 | I26: 500
B27: ='13'!B27 -> Green Tea Powder | C27: ='13'!C27 | D27: ='13'!G27 -> 1201 | G27: 1201 | I27: 500
B28: ='13'!B28 -> Lemon Tea Powder | C28: ='13'!C28 | D28: ='13'!G28 -> 1691 | G28: 1656 | I28: 500
B29: ='13'!B29 -> Lychee Powder | C29: ='13'!C29 | D29: ='13'!G29 -> 1013 | G29: 1013 | I29: 200
B30: ='13'!B30 -> Lychee Tea Powder | C30: ='13'!C30 | D30: ='13'!G30 -> 1151 | G30: 117 | I30: 500
B31: ='13'!B31 -> Mango Powder | C31: ='13'!C31 | D31: ='13'!G31 -> 496 | G31: 496 | I31: 200
B32: ='13'!B32 -> Milo Powder | C32: ='13'!C32 | D32: ='13'!G32 -> 239 | G32: 203 | I32: 200
B33: ='13'!B33 -> NDC Creamer Powder | C33: ='13'!C33 | D33: ='13'!G33 -> 628 | E33: 1000 | G33: 1628 | H33: gudang utama | I33: 250
B34: ='13'!B34 -> Ovaltine Powder | C34: ='13'!C34 | D34: ='13'!G34 -> 1293 | G34: 1257 | I34: 200
B35: ='13'!B35 -> Red Velvet Powder | C35: ='13'!C35 | D35: ='13'!G35 -> 235 | G35: 235 | I35: 200
B36: ='13'!B36 -> Royal Chocolate Powder | C36: ='13'!C36 | D36: ='13'!G36 -> 693 | G36: 670 | I36: 500
B37: ='13'!B37 -> Teh Kayu Aro Powder | C37: ='13'!C37 | D37: ='13'!G37 -> 255 | G37: 255 | I37: 50
B38: ='13'!B38 -> Taro Powder | C38: ='13'!C38 | D38: ='13'!G38 -> 1209 | G38: 1182 | I38: 200
B39: ='13'!B39 -> Vanilla Powder | C39: ='13'!C39 | D39: ='13'!G39 -> 737 | G39: 706 | I39: 200
B40: ='13'!B40 | C40: ='13'!C40 | D40: ='13'!G40
B41: ='13'!B41 | C41: ='13'!C41 | D41: ='13'!G41
B42: ='13'!B42 | C42: ='13'!C42 | D42: ='13'!G42
A43: Bahan Setengah Jadi | B43: ='13'!B43 -> Cold Brew | C43: ='13'!C43 | D43: ='13'!G43 -> 418 | G43: 283 | I43: -
B44: ='13'!B44 -> Biang Black Tea Kayu Aro | C44: ='13'!C44 | D44: ='13'!G44 -> 780 | G44: 780 | I44: -
B45: ='13'!B45 -> Biang Thai Tea | C45: ='13'!C45 | D45: ='13'!G45 -> 2036 | E45: 1755 | G45: 2835 | H45: thai tea jadi | I45: -
B46: ='13'!B46 -> Cream Cheese | C46: ='13'!C46 | D46: ='13'!G46 -> 0 | G46: 0 | I46: -
B47: ='13'!B47 -> Boba | C47: ='13'!C47 | D47: ='13'!G47 -> 0 | E47: 668 | G47: 385 | H47: boba jadi | I47: -
B48: ='13'!B48 -> Creamer Cair | C48: ='13'!C48 | D48: ='13'!G48 -> 569 | G48: 346
B49: ='13'!B49 | C49: ='13'!C49 | D49: ='13'!G49
B50: ='13'!B50 | C50: ='13'!C50 | D50: ='13'!G50
B51: ='13'!B51 | C51: ='13'!C51 | D51: ='13'!G51
B52: ='13'!B52 | C52: ='13'!C52 | D52: ='13'!G52
A53: Topping | B53: ='13'!B53 -> Coffee Jelly | C53: ='13'!C53 | D53: ='13'!G53 -> 0 | G53: 0
B54: ='13'!B54 -> Lotus Crumb | C54: ='13'!C54 | D54: ='13'!G54 -> 0 | G54: 0
B55: ='13'!B55 -> Oreo Crumbs | C55: ='13'!C55 | D55: ='13'!G55 -> 9008 | G55: 8744 | I55: 2000
B56: ='13'!B56 -> Rainbow Jelly | C56: ='13'!C56 | D56: ='13'!G56 -> 0 | G56: 0 | I56: -
B57: ='13'!B57 -> Strawberry jam | C57: ='13'!C57 | D57: ='13'!G57 -> 2424 | G57: 2263 | I57: 500
B58: ='13'!B58 -> Manggo Jam | C58: ='13'!C58 | D58: ='13'!G58 -> 2094 | G58: 2050 | I58: 500
B59: ='13'!B59 -> Chocolate Topping | C59: ='13'!C59 | D59: ='13'!G59 -> 6673 | G59: 6318 | I59: 2000
B60: ='13'!B60 -> Chocolate Sauce | C60: ='13'!C60 | D60: ='13'!G60 | I60: -
B61: ='13'!B61 -> Yakult | C61: ='13'!C61 | D61: ='13'!G61 -> 11 | G61: 11 | I61: -
B62: ='13'!B62 -> kacang morin | C62: ='13'!C62 | D62: ='13'!G62 -> 957 | G62: 916 | I62: 300
B63: ='13'!B63 | C63: ='13'!C63 | D63: ='13'!G63
B64: ='13'!B64 | C64: ='13'!C64 | D64: ='13'!G64
B65: ='13'!B65 | C65: ='13'!C65 | D65: ='13'!G65
A66: Ice Cream | B66: ='13'!B66 -> Soft Mix Vanilla | C66: ='13'!C66 | D66: ='13'!G66 -> 55000 | E66: 10000 | G66: 55000 | H66: gudang utama
B67: ='13'!B67 -> Soft Mix Mocca | C67: ='13'!C67 | D67: ='13'!G67
B68: ='13'!B68 -> Soft Mix Green Tea | C68: ='13'!C68 | D68: ='13'!G68
B69: ='13'!B69 -> Soft Mix Strawberry | C69: ='13'!C69 | D69: ='13'!G69
B70: ='13'!B70 -> Soft Mix Chocolate | C70: ='13'!C70 | D70: ='13'!G70 | I70: 200
B71: ='13'!B71 -> Cup 12 Oz | C71: ='13'!C71 | D71: ='13'!G71 -> 697 | G71: 630 | I71: 150
B72: ='13'!B72 -> Cone | C72: ='13'!C72 | D72: ='13'!G72 -> 316 | E72: 300 | G72: 547 | H72: gudang utama | I72: 300
B73: ='13'!B73 -> Sendok Ice Cream | C73: ='13'!C73 | D73: ='13'!G73 -> 605 | G73: 538 | I73: -
B74: ='13'!B74 -> Paper Cup 4 Oz | C74: ='13'!C74 | D74: ='13'!G74 -> 293 | G74: 293 | I74: -
B75: ='13'!B75 | C75: ='13'!C75 | D75: ='13'!G75 | I75: -
B76: ='13'!B76 | C76: ='13'!C76 | D76: ='13'!G76 | I76: -
B77: ='13'!B77 | C77: ='13'!C77 | D77: ='13'!G77 | I77: -
B78: ='13'!B78 | C78: ='13'!C78 | D78: ='13'!G78
B79: ='13'!B79 | C79: ='13'!C79 | D79: ='13'!G79
B80: ='13'!B80 | C80: ='13'!C80 | D80: ='13'!G80
B81: ='13'!B81 | C81: ='13'!C81 | D81: ='13'!G81
B82: ='13'!B82 | C82: ='13'!C82 | D82: ='13'!G82
B83: ='13'!B83 | C83: ='13'!C83 | D83: ='13'!G83
B84: ='13'!B84 | C84: ='13'!C84 | D84: ='13'!G84
B85: ='13'!B85 | C85: ='13'!C85 | D85: ='13'!G85
B86: ='13'!B86 | C86: ='13'!C86 | D86: ='13'!G86
A87: Bahan Lainnya | B87: ='13'!B87 -> kertas termal | C87: ='13'!C87 | D87: ='13'!G87 -> 11 | G87: 10
B88: ='13'!B88 -> plastik sampah | C88: ='13'!C88 | D88: ='13'!G88 -> 4 | G88: 4
B89: ='13'!B89 -> plastik cup 1 panjang | C89: ='13'!C89 | D89: ='13'!G89 -> 6 | G89: 6
B90: ='13'!B90 -> plastik cup 2 panjang | C90: ='13'!C90 | D90: ='13'!G90 -> 4 | G90: 4
B91: ='13'!B91 -> plastik cup 4 takeaway | C91: ='13'!C91 | D91: ='13'!G91 -> 2 | G91: 2
B92: ='13'!B92 -> sabun ultra | C92: ='13'!C92 | D92: ='13'!G92 -> 1 | G92: 1
B93: ='13'!B93 -> handgloves | C93: ='13'!C93 | D93: ='13'!G93 -> 2 | G93: 2
B94: ='13'!B94 -> tissu jolly | C94: ='13'!C94 | D94: ='13'!G94 -> 5 | G94: 5
B95: ='13'!B95 -> pisau donat | C95: ='13'!C95 | D95: ='13'!G95 -> 75 | G95: 75
B96: ='13'!B96 -> garpu donat | C96: ='13'!C96 | D96: ='13'!G96 -> 84 | G96: 84
B97: ='13'!B97 -> kertas tray donat | C97: ='13'!C97 | D97: ='13'!G97 -> 36 | G97: 36
B98: ='13'!B98 -> donat | C98: ='13'!C98 | D98: ='13'!G98 -> 3 | G98: 3
B99: ='13'!B99 -> batrai timbangan | C99: ='13'!C99 | D99: ='13'!G99 -> 2 | G99: 2
... B102: ='13'!B102 -> pembersih lantai 4L | C102: ='13'!C102 | D102: ='13'!G102 -> 4000 | G102: 4000
...

Sheet 15
A1: Kategori | B1: Nama Barang | C1: Berat Wadah | D1: Stock Awal | E1: Stok Masuk | F1: Stok Keluar | G1: Sisa Stok | H1: Keterangan | I1: Minimum Stok
A2: Bahan Baku Utama | B2: ='14'!B2 -> Susu UHT | C2: ='14'!C2 -> 50 | D2: ='14'!G2 -> 9794 | G2: 8741 | I2: 6000
B3: ='14'!B3 -> Thai Tea Chatramue | C3: ='14'!C3 | D3: ='14'!G3 -> 196 | G3: 196 | I3: 50
B4: ='14'!B4 -> Tapioca Pearl | C4: ='14'!C4 | D4: ='14'!G4 -> 400 | G4: 400 | I4: 500
B5: ='14'!B5 -> Kopi Robusta Kerinci | C5: ='14'!C5 | D5: ='14'!G5 -> 500 | F5: 500 | G5: 0 | I5: 250
B6: ='14'!B6 -> Fructose Syrup | C6: ='14'!C6 | D6: ='14'!G6 -> 6652 | G6: 6094 | I6: 2500
B7: ='14'!B7 -> Gula Aren Bubuk | C7: ='14'!C7 | D7: ='14'!G7 -> 823 | F7: 50 | G7: 773 | H7: pemanis boba | I7: 200
B8: ='14'!B8 -> Gula Aren Cair | C8: ='14'!C8 | D8: ='14'!G8 -> 0 | G8: 0 | I8: 200
B9: ='14'!B9 -> Carnation | C9: ='14'!C9 | D9: ='14'!G9 -> 2986 | G9: 2782 | I9: =488*2 -> 976
B10: ='14'!B10 -> Hazelnut Syrup | C10: ='14'!C10 -> 102 | D10: ='14'!G10 -> 846 | G10: 846 | I10: 200
B11: ='14'!B11 -> Small Cup - 14 Oz | C11: ='14'!C11 | D11: ='14'!G11 -> 64 | G11: 62 | I11: 150
B12: ='14'!B12 -> Large Cup - 22 Oz | C12: ='14'!C12 | D12: ='14'!G12 -> 96 | G12: 83 | I12: 150
B13: ='14'!B13 -> Sedotan Besar | C13: ='14'!C13 | D13: ='14'!G13 -> 113 | G13: 111 | I13: 100
B14: ='14'!B14 -> Sedotan Kecil | C14: ='14'!C14 | D14: ='14'!G14 -> 260 | G14: 247 | I14: 250
B15: ='14'!B15 -> Cup Sealer | C15: ='14'!C15 | D15: ='14'!G15 -> 1 | G15: 1 | I15: 1
B16: ='14'!B16 -> Air Mineral SMS | C16: ='14'!C16 | D16: ='14'!G16 -> 3 | G16: 3
B17: ='14'!B17 | C17: ='14'!C17 | D17: ='14'!G17
B18: ='14'!B18 | C18: ='14'!C18 | D18: ='14'!G18
B19: ='14'!B19 | C19: ='14'!C19 | D19: ='14'!G19
B20: ='14'!B20 | C20: ='14'!C20 | D20: ='14'!G20
B21: ='14'!B21 | C21: ='14'!C21 | D21: ='14'!G21
B22: ='14'!B22 | C22: ='14'!C22 | D22: ='14'!G22
A23: Powder | B23: ='14'!B23 -> Bubble Gum Powder | C23: ='14'!C23 | D23: ='14'!G23 -> 700 | G23: 700 | I23: 200
B24: ='14'!B24 -> Cotton Candy Powder | C24: ='14'!C24 | D24: ='14'!G24 -> 117 | G24: 117 | I24: 200
B25: ='14'!B25 -> Cream Cheese Powder | C25: ='14'!C25 | D25: ='14'!G25 -> 0 | G25: 0 | I25: 250
B26: ='14'!B26 -> Es Permen Karet Powder | C26: ='14'!C26 | D26: ='14'!G26 -> 963 | G26: 963 | I26: 500
B27: ='14'!B27 -> Green Tea Powder | C27: ='14'!C27 | D27: ='14'!G27 -> 1201 | G27: 1201 | I27: 500
B28: ='14'!B28 -> Lemon Tea Powder | C28: ='14'!C28 | D28: ='14'!G28 -> 1656 | G28: 1496 | I28: 500
B29: ='14'!B29 -> Lychee Powder | C29: ='14'!C29 | D29: ='14'!G29 -> 1013 | G29: 1013 | I29: 200
B30: ='14'!B30 -> Lychee Tea Powder | C30: ='14'!C30 | D30: ='14'!G30 -> 117 | G30: 1125 | I30: 500
B31: ='14'!B31 -> Mango Powder | C31: ='14'!C31 | D31: ='14'!G31 -> 496 | G31: 496 | I31: 200
B32: ='14'!B32 -> Milo Powder | C32: ='14'!C32 | D32: ='14'!G32 -> 203 | G32: 168 | I32: 200
B33: ='14'!B33 -> NDC Creamer Powder | C33: ='14'!C33 | D33: ='14'!G33 -> 1628 | G33: 1628 | I33: 250
B34: ='14'!B34 -> Ovaltine Powder | C34: ='14'!C34 | D34: ='14'!G34 -> 1257 | G34: 1257 | I34: 200
B35: ='14'!B35 -> Red Velvet Powder | C35: ='14'!C35 | D35: ='14'!G35 -> 235 | G35: 235 | I35: 200
... B39: ='14'!B39 -> Vanilla Powder | C39: ='14'!C39 | D39: ='14'!G39 -> 706 | G39: 706 | I39: 200
B40: ='14'!B40 | C40: ='14'!C40 | D40: ='14'!G40
B41: ='14'!B41 | C41: ='14'!C41 | D41: ='14'!G41
B42: ='14'!B42 | C42: ='14'!C42 | D42: ='14'!G42
A43: Bahan Setengah Jadi | B43: ='14'!B43 -> Cold Brew | C43: ='14'!C43 | D43: ='14'!G43 -> 283 | G43: 167 | I43: -
B44: ='14'!B44 -> Biang Black Tea Kayu Aro | C44: ='14'!C44 | D44: ='14'!G44 -> 780 | G44: 780 | I44: -
B45: ='14'!B45 -> Biang Thai Tea | C45: ='14'!C45 | D45: ='14'!G45 -> 2835 | G45: 2401 | I45: -
B46: ='14'!B46 -> Cream Cheese | C46: ='14'!C46 | D46: ='14'!G46 -> 0 | G46: 0 | I46: -
B47: ='14'!B47 -> Boba | C47: ='14'!C47 | D47: ='14'!G47 -> 385 | G47: 389 | H47: basi | I47: -
B48: ='14'!B48 -> Creamer Cair | C48: ='14'!C48 | D48: ='14'!G48 -> 346 | G48: 252
B49: ='14'!B49 | C49: ='14'!C49 | D49: ='14'!G49
B50: ='14'!B50 | C50: ='14'!C50 | D50: ='14'!G50
B51: ='14'!B51 | C51: ='14'!C51 | D51: ='14'!G51
B52: ='14'!B52 | C52: ='14'!C52 | D52: ='14'!G52
A53: Topping | B53: ='14'!B53 -> Coffee Jelly | C53: ='14'!C53 | D53: ='14'!G53 -> 0 | G53: 0
B54: ='14'!B54 -> Lotus Crumb | C54: ='14'!C54 | D54: ='14'!G54 -> 0 | G54: 0
B55: ='14'!B55 -> Oreo Crumbs | C55: ='14'!C55 | D55: ='14'!G55 -> 8744 | G55: 8586 | I55: 2000
B56: ='14'!B56 -> Rainbow Jelly | C56: ='14'!C56 | D56: ='14'!G56 -> 0 | G56: 0 | I56: -
B57: ='14'!B57 -> Strawberry jam | C57: ='14'!C57 | D57: ='14'!G57 -> 2263 | G57: 2262 | I57: 500
B58: ='14'!B58 -> Manggo Jam | C58: ='14'!C58 | D58: ='14'!G58 -> 2050 | G58: 2004 | I58: 500
B59: ='14'!B59 -> Chocolate Topping | C59: ='14'!C59 | D59: ='14'!G59 -> 6318 | G59: 6179 | I59: 2000
B60: ='14'!B60 -> Chocolate Sauce | C60: ='14'!C60 | D60: ='14'!G60 | I60: -
B61: ='14'!B61 -> Yakult | C61: ='14'!C61 | D61: ='14'!G61 -> 11 | G61: 11 | I61: -
B62: ='14'!B62 -> kacang morin | C62: ='14'!C62 | D62: ='14'!G62 -> 916 | G62: 903 | I62: 300
B63: ='14'!B63 | C63: ='14'!C63 | D63: ='14'!G63
B64: ='14'!B64 | C64: ='14'!C64 | D64: ='14'!G64
B65: ='14'!B65 | C65: ='14'!C65 | D65: ='14'!G65
A66: Ice Cream | B66: ='14'!B66 -> Soft Mix Vanilla | C66: ='14'!C66 | D66: ='14'!G66 -> 55000 | E66: 10000 | G66: 55000 | H66: gudang utama
B67: ='14'!B67 -> Soft Mix Mocca | C67: ='14'!C67 | D67: ='14'!G67
B68: ='14'!B68 -> Soft Mix Green Tea | C68: ='14'!C68 | D68: ='14'!G68
B69: ='14'!B69 -> Soft Mix Strawberry | C69: ='14'!C69 | D69: ='14'!G69
B70: ='14'!B70 -> Soft Mix Chocolate | C70: ='14'!C70 | D70: ='14'!G70 | I70: 200
B71: ='14'!B71 -> Cup 12 Oz | C71: ='14'!C71 | D71: ='14'!G71 -> 630 | G71: 587 | I71: 150
B72: ='14'!B72 -> Cone | C72: ='14'!C72 | D72: ='14'!G72 -> 547 | G72: 494 | I72: 300
B73: ='14'!B73 -> Sendok Ice Cream | C73: ='14'!C73 | D73: ='14'!G73 -> 538 | G73: 495 | I73: -
B74: ='14'!B74 -> Paper Cup 4 Oz | C74: ='14'!C74 | D74: ='14'!G74 -> 293 | G74: 293 | I74: -
B75: ='14'!B75 | C75: ='14'!C75 | D75: ='14'!G75 | I75: -
B76: ='14'!B76 | C76: ='14'!C76 | D76: ='14'!G76 | I76: -
B77: ='14'!B77 | C77: ='14'!C77 | D77: ='14'!G77 | I77: -
B78: ='14'!B78 | C78: ='14'!C78 | D78: ='14'!G78
B79: ='14'!B79 | C79: ='14'!C79 | D79: ='14'!G79
B80: ='14'!B80 | C80: ='14'!C80 | D80: ='14'!G80
B81: ='14'!B81 | C81: ='14'!C81 | D81: ='14'!G81
B82: ='14'!B82 | C82: ='14'!C82 | D82: ='14'!G82
B83: ='14'!B83 | C83: ='14'!C83 | D83: ='14'!G83
B84: ='14'!B84 | C84: ='14'!C84 | D84: ='14'!G84
B85: ='14'!B85 | C85: ='14'!C85 | D85: ='14'!G85
B86: ='14'!B86 | C86: ='14'!C86 | D86: ='14'!G86
A87: Bahan Lainnya | B87: ='14'!B87 -> kertas termal | C87: ='14'!C87 | D87: ='14'!G87 -> 10 | G87: 9
B88: ='14'!B88 -> plastik sampah | C88: ='14'!C88 | D88: ='14'!G88 -> 4 | G88: 3
B89: ='14'!B89 -> plastik cup 1 panjang | C89: ='14'!C89 | D89: ='14'!G89 -> 6 | G89: 6
B90: ='14'!B90 -> plastik cup 2 panjang | C90: ='14'!C90 | D90: ='14'!G90 -> 4 | G90: 4
B91: ='14'!B91 -> plastik cup 4 takeaway | C91: ='14'!C91 | D91: ='14'!G91 -> 2 | G91: 2
B92: ='14'!B92 -> sabun ultra | C92: ='14'!C92 | D92: ='14'!G92 -> 1 | G92: 1
B93: ='14'!B93 -> handgloves | C93: ='14'!C93 | D93: ='14'!G93 -> 2 | G93: 2
B94: ='14'!B94 -> tissu jolly | C94: ='14'!C94 | D94: ='14'!G94 -> 5 | G94: 5
B95: ='14'!B95 -> pisau donat | C95: ='14'!C95 | D95: ='14'!G95 -> 75 | G95: 75
B96: ='14'!B96 -> garpu donat | C96: ='14'!C96 | D96: ='14'!G96 -> 84 | G96: 84
B97: ='14'!B97 -> kertas tray donat | C97: ='14'!C97 | D97: ='14'!G97 -> 36 | G97: 36
B98: ='14'!B98 -> donat | C98: ='14'!C98 | D98: ='14'!G98 -> 3 | F98: 3 | G98: 0 | H98: donat berjamur
B99: ='14'!B99 -> batrai timbangan | C99: ='14'!C99 | D99: ='14'!G99 -> 2 | G99: 2
B100: ='14'!B100 -> stella gantung | C100: ='14'!C100 | D100: ='14'!G100 -> 1 | G100: 1
B101: ='14'!B101 -> brush kain | C101: ='14'!C101 | D101: ='14'!G101 -> 1 | G101: 1
B102: ='14'!B102 -> pembersih lantai 4L | C102: ='14'!C102 | D102: ='14'!G102 -> 4000 | G102: 4000
B103: ='14'!B103 | C103: ='14'!C103 | D103: ='14'!G103
...

Sheet 16
A1: Kategori | B1: Nama Barang | C1: Berat Wadah | D1: Stock Awal | E1: Stok Masuk | F1: Stok Keluar | G1: Sisa Stok | H1: Keterangan | I1: Minimum Stok
A2: Bahan Baku Utama | B2: ='15'!B2 -> Susu UHT | C2: ='15'!C2 -> 50 | D2: ='15'!G2 -> 8741 | G2: 8684 | I2: 6000
B3: ='15'!B3 -> Thai Tea Chatramue | C3: ='15'!C3 | D3: ='15'!G3 -> 196 | G3: 196 | I3: 50
B4: ='15'!B4 -> Tapioca Pearl | C4: ='15'!C4 | D4: ='15'!G4 -> 400 | F4: 100 | G4: 300 | H4: bikin boba | I4: 500
B5: ='15'!B5 -> Kopi Robusta Kerinci | C5: ='15'!C5 | D5: ='15'!G5 -> 0 | G5: 0 | I5: 250
B6: ='15'!B6 -> Fructose Syrup | C6: ='15'!C6 | D6: ='15'!G6 -> 6094 | G6: 5678 | I6: 2500
B7: ='15'!B7 -> Gula Aren Bubuk | C7: ='15'!C7 | D7: ='15'!G7 -> 773 | F7: 40 | G7: 733 | H7: pemanis boba | I7: 200
B8: ='15'!B8 -> Gula Aren Cair | C8: ='15'!C8 | D8: ='15'!G8 -> 0 | E8: 1000 | G8: 1000 | H8: gudang utama | I8: 200
B9: ='15'!B9 -> Carnation | C9: ='15'!C9 | D9: ='15'!G9 -> 2782 | G9: 2489 | I9: =488*2 -> 976
B10: ='15'!B10 -> Hazelnut Syrup | C10: ='15'!C10 -> 102 | D10: ='15'!G10 -> 846 | G10: 848 | I10: 200
B11: ='15'!B11 -> Small Cup - 14 Oz | C11: ='15'!C11 | D11: ='15'!G11 -> 62 | G11: 60 | I11: 150
B12: ='15'!B12 -> Large Cup - 22 Oz | C12: ='15'!C12 | D12: ='15'!G12 -> 83 | E12: 300 | G12: 376 | H12: gudang utama | I12: 150
B13: ='15'!B13 -> Sedotan Besar | C13: ='15'!C13 | D13: ='15'!G13 -> 111 | G13: 109 | I13: 100
B14: ='15'!B14 -> Sedotan Kecil | C14: ='15'!C14 | D14: ='15'!G14 -> 247 | G14: 240 | I14: 250
B15: ='15'!B15 -> Cup Sealer | C15: ='15'!C15 | D15: ='15'!G15 -> 1 | G15: 1 | I15: 1
B16: ='15'!B16 -> Air Mineral SMS | C16: ='15'!C16 | D16: ='15'!G16 -> 3 | G16: 3
B17: ='15'!B17 | C17: ='15'!C17 | D17: ='15'!G17
B18: ='15'!B18 | C18: ='15'!C18 | D18: ='15'!G18
B19: ='15'!B19 | C19: ='15'!C19 | D19: ='15'!G19
B20: ='15'!B20 | C20: ='15'!C20 | D20: ='15'!G20
B21: ='15'!B21 | C21: ='15'!C21 | D21: ='15'!G21
B22: ='15'!B22 | C22: ='15'!C22 | D22: ='15'!G22
A23: Powder | B23: ='15'!B23 -> Bubble Gum Powder | C23: ='15'!C23 | D23: ='15'!G23 -> 700 | G23: 700 | I23: 200
B24: ='15'!B24 -> Cotton Candy Powder | C24: ='15'!C24 | D24: ='15'!G24 -> 117 | G24: 117 | I24: 200
B25: ='15'!B25 -> Cream Cheese Powder | C25: ='15'!C25 | D25: ='15'!G25 -> 0 | G25: 0 | I25: 250
B26: ='15'!B26 -> Es Permen Karet Powder | C26: ='15'!C26 | D26: ='15'!G26 -> 963 | G26: 963 | I26: 500
B27: ='15'!B27 -> Green Tea Powder | C27: ='15'!C27 | D27: ='15'!G27 -> 1201 | G27: 1201 | I27: 500
B28: ='15'!B28 -> Lemon Tea Powder | C28: ='15'!C28 | D28: ='15'!G28 -> 1496 | G28: 1383 | I28: 500
B29: ='15'!B29 -> Lychee Powder | C29: ='15'!C29 | D29: ='15'!G29 -> 1013 | G29: 1013 | I29: 200
B30: ='15'!B30 -> Lychee Tea Powder | C30: ='15'!C30 | D30: ='15'!G30 -> 1125 | G30: 1026 | I30: 500
B31: ='15'!B31 -> Mango Powder | C31: ='15'!C31 | D31: ='15'!G31 -> 496 | G31: 496 | I31: 200
B32: ='15'!B32 -> Milo Powder | C32: ='15'!C32 | D32: ='15'!G32 -> 168 | E32: 960 | G32: 1128 | H32: gudang utama | I32: 200
B33: ='15'!B33 -> NDC Creamer Powder | C33: ='15'!C33 | D33: ='15'!G33 -> 1628 | G33: 1628 | I33: 250
B34: ='15'!B34 -> Ovaltine Powder | C34: ='15'!C34 | D34: ='15'!G34 -> 1257 | G34: 1257 | I34: 200
B35: ='15'!B35 -> Red Velvet Powder | C35: ='15'!C35 | D35: ='15'!G35 -> 235 | G35: 235 | I35: 200
B36: ='15'!B36 -> Royal Chocolate Powder | C36: ='15'!C36 | D36: ='15'!G36 -> 541 | G36: 541 | I36: 500
B37: ='15'!B37 -> Teh Kayu Aro Powder | C37: ='15'!C37 | D37: ='15'!G37 -> 255 | G37: 255 | I37: 50
B38: ='15'!B38 -> Taro Powder | C38: ='15'!C38 | D38: ='15'!G38 -> 1154 | G38: 1154 | I38: 200
B39: ='15'!B39 -> Vanilla Powder | C39: ='15'!C39 | D39: ='15'!G39 -> 706 | G39: 706 | I39: 200
B40: ='15'!B40 | C40: ='15'!C40 | D40: ='15'!G40
B41: ='15'!B41 | C41: ='15'!C41 | D41: ='15'!G41
B42: ='15'!B42 | C42: ='15'!C42 | D42: ='15'!G42
A43: Bahan Setengah Jadi | B43: ='15'!B43 -> Cold Brew | C43: ='15'!C43 | D43: ='15'!G43 -> 167 | E43: 1490 | G43: 1403 | H43: kopi jadi | I43: -
B44: ='15'!B44 -> Biang Black Tea Kayu Aro | C44: ='15'!C44 | D44: ='15'!G44 -> 780 | G44: 620 | I44: -
B45: ='15'!B45 -> Biang Thai Tea | C45: ='15'!C45 | D45: ='15'!G45 -> 2401 | G45: 1840 | I45: -
B46: ='15'!B46 -> Cream Cheese | C46: ='15'!C46 | D46: ='15'!G46 -> 0 | G46: 0 | I46: -
B47: ='15'!B47 -> Boba | C47: ='15'!C47 | D47: ='15'!G47 -> 389 | E47: 237 | G47: 267 | H47: boba jadi | I47: -
B48: ='15'!B48 -> Creamer Cair | C48: ='15'!C48 | D48: ='15'!G48 -> 252 | G48: 73
B49: ='15'!B49 | C49: ='15'!C49 | D49: ='15'!G49
B50: ='15'!B50 | C50: ='15'!C50 | D50: ='15'!G50
B51: ='15'!B51 | C51: ='15'!C51 | D51: ='15'!G51
B52: ='15'!B52 | C52: ='15'!C52 | D52: ='15'!G52
A53: Topping | B53: ='15'!B53 -> Coffee Jelly | C53: ='15'!C53 | D53: ='15'!G53 -> 0 | G53: 0
B54: ='15'!B54 -> Lotus Crumb | C54: ='15'!C54 | D54: ='15'!G54 -> 0 | G54: 0
B55: ='15'!B55 -> Oreo Crumbs | C55: ='15'!C55 | D55: ='15'!G55 -> 8586 | G55: 8518 | I55: 2000
B56: ='15'!B56 -> Rainbow Jelly | C56: ='15'!C56 | D56: ='15'!G56 -> 0 | G56: 0 | I56: -
B57: ='15'!B57 -> Strawberry jam | C57: ='15'!C57 | D57: ='15'!G57 -> 2262 | G57: 2143 | I57: 500
B58: ='15'!B58 -> Manggo Jam | C58: ='15'!C58 | D58: ='15'!G58 -> 2004 | G58: 2004 | I58: 500
B59: ='15'!B59 -> Chocolate Topping | C59: ='15'!C59 | D59: ='15'!G59 -> 6179 | G59: 5957 | I59: 2000
B60: ='15'!B60 -> Chocolate Sauce | C60: ='15'!C60 | D60: ='15'!G60 | I60: -
B61: ='15'!B61 -> Yakult | C61: ='15'!C61 | D61: ='15'!G61 -> 11 | G61: 11 | I61: -
B62: ='15'!B62 -> kacang morin | C62: ='15'!C62 | D62: ='15'!G62 -> 903 | G62: 875 | I62: 300
B63: ='15'!B63 | C63: ='15'!C63 | D63: ='15'!G63
B64: ='15'!B64 | C64: ='15'!C64 | D64: ='15'!G64
B65: ='15'!B65 | C65: ='15'!C65 | D65: ='15'!G65
A66: Ice Cream | B66: ='15'!B66 -> Soft Mix Vanilla | C66: ='15'!C66 | D66: ='15'!G66 -> 55000 | F66: 10000 | G66: 38000 | H66: sofmix basi
B67: ='15'!B67 -> Soft Mix Mocca | C67: ='15'!C67 | D67: ='15'!G67
B68: ='15'!B68 -> Soft Mix Green Tea | C68: ='15'!C68 | D68: ='15'!G68
B69: ='15'!B69 -> Soft Mix Strawberry | C69: ='15'!C69 | D69: ='15'!G69
B70: ='15'!B70 -> Soft Mix Chocolate | C70: ='15'!C70 | D70: ='15'!G70 | I70: 200
B71: ='15'!B71 -> Cup 12 Oz | C71: ='15'!C71 | D71: ='15'!G71 -> 587 | G71: 546 | I71: 150
B72: ='15'!B72 -> Cone | C72: ='15'!C72 | D72: ='15'!G72 -> 494 | G72: 445 | I72: 300
B73: ='15'!B73 -> Sendok Ice Cream | C73: ='15'!C73 | D73: ='15'!G73 -> 495 | G73: 448 | I73: -
B74: ='15'!B74 -> Paper Cup 4 Oz | C74: ='15'!C74 | D74: ='15'!G74 -> 293 | G74: 293 | I74: -
B75: ='15'!B75 | C75: ='15'!C75 | D75: ='15'!G75 | I75: -
B76: ='15'!B76 | C76: ='15'!C76 | D76: ='15'!G76 | I76: -
B77: ='15'!B77 | C77: ='15'!C77 | D77: ='15'!G77 | I77: -
B78: ='15'!B78 | C78: ='15'!C78 | D78: ='15'!G78
B79: ='15'!B79 | C79: ='15'!C79 | D79: ='15'!G79
B80: ='15'!B80 | C80: ='15'!C80 | D80: ='15'!G80
B81: ='15'!B81 | C81: ='15'!C81 | D81: ='15'!G81
B82: ='15'!B82 | C82: ='15'!C82 | D82: ='15'!G82
B83: ='15'!B83 | C83: ='15'!C83 | D83: ='15'!G83
B84: ='15'!B84 | C84: ='15'!C84 | D84: ='15'!G84
B85: ='15'!B85 | C85: ='15'!C85 | D85: ='15'!G85
B86: ='15'!B86 | C86: ='15'!C86 | D86: ='15'!G86
A87: Bahan Lainnya | B87: ='15'!B87 -> kertas termal | C87: ='15'!C87 | D87: ='15'!G87 -> 9 | G87: 9
B88: ='15'!B88 -> plastik sampah | C88: ='15'!C88 | D88: ='15'!G88 -> 3 | G88: 3
B89: ='15'!B89 -> plastik cup 1 panjang | C89: ='15'!C89 | D89: ='15'!G89 -> 6 | G89: 6
B90: ='15'!B90 -> plastik cup 2 panjang | C90: ='15'!C90 | D90: ='15'!G90 -> 4 | G90: 4
B91: ='15'!B91 -> plastik cup 4 takeaway | C91: ='15'!C91 | D91: ='15'!G91 -> 2 | G91: 2
B92: ='15'!B92 -> sabun ultra | C92: ='15'!C92 | D92: ='15'!G92 -> 1 | G92: 1
B93: ='15'!B93 -> handgloves | C93: ='15'!C93 | D93: ='15'!G93 -> 2 | G93: 2
B94: ='15'!B94 -> tissu jolly | C94: ='15'!C94 | D94: ='15'!G94 -> 5 | G94: 5
B95: ='15'!B95 -> pisau donat | C95: ='15'!C95 | D95: ='15'!G95 -> 75 | G95: 75
B96: ='15'!B96 -> garpu donat | C96: ='15'!C96 | D96: ='15'!G96 -> 84 | G96: 84
B97: ='15'!B97 -> kertas tray donat | C97: ='15'!C97 | D97: ='15'!G97 -> 36 | G97: 36
B98: ='15'!B98 -> donat | C98: ='15'!C98 | D98: ='15'!G98 -> 0 | E98: 5 | G98: 5 | H98: gudang utama
B99: ='15'!B99 -> batrai timbangan | C99: ='15'!C99 | D99: ='15'!G99 -> 2 | G99: 2
B100: ='15'!B100 -> stella gantung | C100: ='15'!C100 | D100: ='15'!G100 -> 1 | G100: 1
...

Sheet 17
A1: Kategori | B1: Nama Barang | C1: Berat Wadah | D1: Stock Awal | E1: Stok Masuk | F1: Stok Keluar | G1: Sisa Stok | H1: Keterangan | I1: Minimum Stok
A2: Bahan Baku Utama | B2: ='16'!B2 -> Susu UHT | C2: ='16'!C2 -> 50 | D2: ='16'!G2 -> 8684 | G2: 7266 | I2: 6000
B3: ='16'!B3 -> Thai Tea Chatramue | C3: ='16'!C3 | D3: ='16'!G3 -> 196 | F3: 41 | G3: 155 | H3: bikin thaitea | I3: 50
B4: ='16'!B4 -> Tapioca Pearl | C4: ='16'!C4 | D4: ='16'!G4 -> 300 | F4: 200 | G4: 100 | H4: bikin boba | I4: 500
B5: ='16'!B5 -> Kopi Robusta Kerinci | C5: ='16'!C5 | D5: ='16'!G5 -> 0 | G5: 0 | I5: 250
B6: ='16'!B6 -> Fructose Syrup | C6: ='16'!C6 | D6: ='16'!G6 -> 5678 | G6: 5094 | I6: 2500
B7: ='16'!B7 -> Gula Aren Bubuk | C7: ='16'!C7 | D7: ='16'!G7 -> 733 | F7: 50 | G7: 683 | H7: pemanis boba | I7: 200
B8: ='16'!B8 -> Gula Aren Cair | C8: ='16'!C8 | D8: ='16'!G8 -> 1000 | G8: 1055 | I8: 200
B9: ='16'!B9 -> Carnation | C9: ='16'!C9 | D9: ='16'!G9 -> 2489 | G9: 2159 | I9: =488*2 -> 976
B10: ='16'!B10 -> Hazelnut Syrup | C10: ='16'!C10 -> 102 | D10: ='16'!G10 -> 848 | G10: 1031 | I10: 200
B11: ='16'!B11 -> Small Cup - 14 Oz | C11: ='16'!C11 | D11: ='16'!G11 -> 60 | G11: 55 | I11: 150
B12: ='16'!B12 -> Large Cup - 22 Oz | C12: ='16'!C12 | D12: ='16'!G12 -> 376 | G12: 359 | I12: 150
B13: ='16'!B13 -> Sedotan Besar | C13: ='16'!C13 | D13: ='16'!G13 -> 109 | G13: 107 | I13: 100
B14: ='16'!B14 -> Sedotan Kecil | C14: ='16'!C14 | D14: ='16'!G14 -> 240 | G14: 219 | I14: 250
B15: ='16'!B15 -> Cup Sealer | C15: ='16'!C15 | D15: ='16'!G15 -> 1 | G15: 0 | I15: 1
B16: ='16'!B16 -> Air Mineral SMS | C16: ='16'!C16 | D16: ='16'!G16 -> 3 | G16: 3
B17: ='16'!B17 | C17: ='16'!C17 | D17: ='16'!G17
B18: ='16'!B18 | C18: ='16'!C18 | D18: ='16'!G18
B19: ='16'!B19 | C19: ='16'!C19 | D19: ='16'!G19
B20: ='16'!B20 | C20: ='16'!C20 | D20: ='16'!G20
B21: ='16'!B21 | C21: ='16'!C21 | D21: ='16'!G21
B22: ='16'!B22 | C22: ='16'!C22 | D22: ='16'!G22
A23: Powder | B23: ='16'!B23 -> Bubble Gum Powder | C23: ='16'!C23 | D23: ='16'!G23 -> 700 | G23: 678 | I23: 200
B24: ='16'!B24 -> Cotton Candy Powder | C24: ='16'!C24 | D24: ='16'!G24 -> 117 | G24: 117 | I24: 200
B25: ='16'!B25 -> Cream Cheese Powder | C25: ='16'!C25 | D25: ='16'!G25 -> 0 | G25: 0 | I25: 250
B26: ='16'!B26 -> Es Permen Karet Powder | C26: ='16'!C26 | D26: ='16'!G26 -> 963 | G26: 922 | I26: 500
B27: ='16'!B27 -> Green Tea Powder | C27: ='16'!C27 | D27: ='16'!G27 -> 1201 | G27: 1144 | I27: 500
B28: ='16'!B28 -> Lemon Tea Powder | C28: ='16'!C28 | D28: ='16'!G28 -> 1383 | G28: 1353 | I28: 500
B29: ='16'!B29 -> Lychee Powder | C29: ='16'!C29 | D29: ='16'!G29 -> 1013 | G29: 988 | I29: 200
B30: ='16'!B30 -> Lychee Tea Powder | C30: ='16'!C30 | D30: ='16'!G30 -> 1026 | G30: 932 | I30: 500
B31: ='16'!B31 -> Mango Powder | C31: ='16'!C31 | D31: ='16'!G31 -> 496 | G31: 464 | I31: 200
B32: ='16'!B32 -> Milo Powder | C32: ='16'!C32 | D32: ='16'!G32 -> 1128 | G32: 1090 | I32: 200
B33: ='16'!B33 -> NDC Creamer Powder | C33: ='16'!C33 | D33: ='16'!G33 -> 1628 | F33: 304 | G33: 1324 | H33: bikin creamer | I33: 250
B34: ='16'!B34 -> Ovaltine Powder | C34: ='16'!C34 | D34: ='16'!G34 -> 1257 | G34: 1257 | I34: 200
B35: ='16'!B35 -> Red Velvet Powder | C35: ='16'!C35 | D35: ='16'!G35 -> 235 | G35: 235 | I35: 200
B36: ='16'!B36 -> Royal Chocolate Powder | C36: ='16'!C36 | D36: ='16'!G36 -> 541 | G36: 402 | I36: 500
B37: ='16'!B37 -> Teh Kayu Aro Powder | C37: ='16'!C37 | D37: ='16'!G37 -> 255 | G37: 225 | I37: 50
B38: ='16'!B38 -> Taro Powder | C38: ='16'!C38 | D38: ='16'!G38 -> 1154 | G38: 1154 | I38: 200
B39: ='16'!B39 -> Vanilla Powder | C39: ='16'!C39 | D39: ='16'!G39 -> 706 | G39: 706 | I39: 200
B40: ='16'!B40 | C40: ='16'!C40 | D40: ='16'!G40
B41: ='16'!B41 | C41: ='16'!C41 | D41: ='16'!G41
B42: ='16'!B42 | C42: ='16'!C42 | D42: ='16'!G42
A43: Bahan Setengah Jadi | B43: ='16'!B43 -> Cold Brew | C43: ='16'!C43 | D43: ='16'!G43 -> 1403 | G43: 1191 | I43: -
B44: ='16'!B44 -> Biang Black Tea Kayu Aro | C44: ='16'!C44 | D44: ='16'!G44 -> 620 | G44: 620 | I44: -
B45: ='16'!B45 -> Biang Thai Tea | C45: ='16'!C45 | D45: ='16'!G45 -> 1840 | E45: 1773 | G45: 2705 | H45: thai tea jadi | I45: -
B46: ='16'!B46 -> Cream Cheese | C46: ='16'!C46 | D46: ='16'!G46 -> 0 | G46: 0 | I46: -
B47: ='16'!B47 -> Boba | C47: ='16'!C47 | D47: ='16'!G47 -> 267 | E47: 703 | G47: 573 | H47: boba jadi | I47: -
B48: ='16'!B48 -> Creamer Cair | C48: ='16'!C48 | D48: 73 | E48: 602 | G48: 466 | H48: creamer jadi
B49: ='16'!B49 | C49: ='16'!C49 | D49: ='16'!G49
B50: ='16'!B50 | C50: ='16'!C50 | D50: ='16'!G50
B51: ='16'!B51 | C51: ='16'!C51 | D51: ='16'!G51
B52: ='16'!B52 | C52: ='16'!C52 | D52: ='16'!G52
A53: Topping | B53: ='16'!B53 -> Coffee Jelly | C53: ='16'!C53 | D53: ='16'!G53 -> 0 | G53: 0
B54: ='16'!B54 -> Lotus Crumb | C54: ='16'!C54 | D54: ='16'!G54 -> 0 | G54: 0
B55: ='16'!B55 -> Oreo Crumbs | C55: ='16'!C55 | D55: ='16'!G55 -> 8518 | G55: 8146 | I55: 2000
B56: ='16'!B56 -> Rainbow Jelly | C56: ='16'!C56 | D56: ='16'!G56 -> 0 | G56: 0 | I56: -
B57: ='16'!B57 -> Strawberry jam | C57: ='16'!C57 | D57: ='16'!G57 -> 2143 | G57: 1897 | I57: 500
B58: ='16'!B58 -> Manggo Jam | C58: ='16'!C58 | D58: ='16'!G58 -> 2004 | G58: 1808 | I58: 500
B59: ='16'!B59 -> Chocolate Topping | C59: ='16'!C59 | D59: ='16'!G59 -> 5957 | G59: 5661 | I59: 2000
B60: ='16'!B60 -> Chocolate Sauce | C60: ='16'!C60 | D60: ='16'!G60 | I60: -
B61: ='16'!B61 -> Yakult | C61: ='16'!C61 | D61: ='16'!G61 -> 11 | G61: 19 | I61: -
B62: ='16'!B62 -> kacang morin | C62: ='16'!C62 | D62: ='16'!G62 -> 875 | G62: 863 | I62: 300
B63: ='16'!B63 | C63: ='16'!C63 | D63: ='16'!G63
B64: ='16'!B64 | C64: ='16'!C64 | D64: ='16'!G64
B65: ='16'!B65 | C65: ='16'!C65 | D65: ='16'!G65
A66: Ice Cream | B66: ='16'!B66 -> Soft Mix Vanilla | C66: ='16'!C66 | D66: ='16'!G66 -> 38000 | E66: 10000 | G66: 21000 | H66: gudang utama
B67: ='16'!B67 -> Soft Mix Mocca | C67: ='16'!C67 | D67: ='16'!G67
B68: ='16'!B68 -> Soft Mix Green Tea | C68: ='16'!C68 | D68: ='16'!G68
B69: ='16'!B69 -> Soft Mix Strawberry | C69: ='16'!C69 | D69: ='16'!G69
B70: ='16'!B70 -> Soft Mix Chocolate | C70: ='16'!C70 | D70: ='16'!G70 | I70: 200
B71: ='16'!B71 -> Cup 12 Oz | C71: ='16'!C71 | D71: ='16'!G71 -> 546 | G71: 478 | I71: 150
B72: ='16'!B72 -> Cone | C72: ='16'!C72 | D72: ='16'!G72 -> 445 | G72: 383 | I72: 300
B73: ='16'!B73 -> Sendok Ice Cream | C73: ='16'!C73 | D73: ='16'!G73 -> 448 | G73: 376 | I73: -
B74: ='16'!B74 -> Paper Cup 4 Oz | C74: ='16'!C74 | D74: ='16'!G74 -> 293 | G74: 293 | I74: -
B75: ='16'!B75 | C75: ='16'!C75 | D75: ='16'!G75 | I75: -
B76: ='16'!B76 | C76: ='16'!C76 | D76: ='16'!G76 | I76: -
B77: ='16'!B77 | C77: ='16'!C77 | D77: ='16'!G77 | I77: -
B78: ='16'!B78 | C78: ='16'!C78 | D78: ='16'!G78
B79: ='16'!B79 | C79: ='16'!C79 | D79: ='16'!G79
B80: ='16'!B80 | C80: ='16'!C80 | D80: ='16'!G80
B81: ='16'!B81 | C81: ='16'!C81 | D81: ='16'!G81
B82: ='16'!B82 | C82: ='16'!C82 | D82: ='16'!G82
B83: ='16'!B83 | C83: ='16'!C83 | D83: ='16'!G83
B84: ='16'!B84 | C84: ='16'!C84 | D84: ='16'!G84
B85: ='16'!B85 | C85: ='16'!C85 | D85: ='16'!G85
B86: ='16'!B86 | C86: ='16'!C86 | D86: ='16'!G86
A87: Bahan Lainnya | B87: ='16'!B87 -> kertas termal | C87: ='16'!C87 | D87: ='16'!G87 -> 9 | G87: 8
B88: ='16'!B88 -> plastik sampah | C88: ='16'!C88 | D88: ='16'!G88 -> 3 | G88: 3
B89: ='16'!B89 -> plastik cup 1 panjang | C89: ='16'!C89 | D89: ='16'!G89 -> 6 | G89: 6
B90: ='16'!B90 -> plastik cup 2 panjang | C90: ='16'!C90 | D90: ='16'!G90 -> 4 | G90: 4
B91: ='16'!B91 -> plastik cup 4 takeaway | C91: ='16'!C91 | D91: ='16'!G91 -> 2 | G91: 2
B92: ='16'!B92 -> sabun ultra | C92: ='16'!C92 | D92: ='16'!G92 -> 1 | G92: 1
B93: ='16'!B93 -> handgloves | C93: ='16'!C93 | D93: ='16'!G93 -> 2 | G93: 2
B94: ='16'!B94 -> tissu jolly | C94: ='16'!C94 | D94: ='16'!G94 -> 5 | G94: 4
B95: ='16'!B95 -> pisau donat | C95: ='16'!C95 | D95: ='16'!G95 -> 75 | G95: 73
B96: ='16'!B96 -> garpu donat | C96: ='16'!C96 | D96: ='16'!G96 -> 84 | G96: 82
B97: ='16'!B97 -> kertas tray donat | C97: ='16'!C97 | D97: ='16'!G97 -> 36 | G97: 34
B98: ='16'!B98 -> donat | C98: ='16'!C98 | D98: ='16'!G98 -> 5 | G98: 3
B99: ='16'!B99 -> batrai timbangan | C99: ='16'!C99 | D99: ='16'!G99 -> 2 | G99: 2
... B102: ='16'!B102 -> pembersih lantai 4L | C102: ='16'!C102 | D102: ='16'!G102 -> 4000 | G102: 4000
...

Sheet 18
A1: Kategori | B1: Nama Barang | C1: Berat Wadah | D1: Stock Awal | E1: Stok Masuk | F1: Stok Keluar | G1: Sisa Stok | H1: Keterangan | I1: Minimum Stok
